noticeIdentifier,noticeVersion,lotIdentifier,internalIdentifier,mainNature,additionalNature,title,estimatedValue,estimatedValueCurrency,description
c5ef3499-a4b9-47ec-bc70-26f11a16f0c3,01,,TK 28092026-1100,works,,Gerüstbau,560711.26,EUR,"Gerüstbauarbeiten ca. 4.000m²
Wetterschutzdach ca. 840m²
Innengerüste"
7b083735-d2fe-4149-b920-ca6a524868e3,1,,ÖAB 403/26-66,works,,Ersatzneubau Urbich - Komplexer Tiefbau,,,"140 m³ - Abbruch des bestehenden Durchlassbauwerks
Pauschal - Wasserhaltung und temporäre Bachumleitung
370 m³ - Baugrubenaushub inkl. Erdarbeiten und Hinterfüllung am Bauwerk
1 St.- Rahmenprofil aus Stahlbetonfertigteilen W/H/L =2,4/ 2,25/ 11,5 m
2 St.- Trogelemente als Fertigteile für Flügel W/H/L = 2,4/ 1,6-2,8/ 2 m
11 m³ - Ortbetonarbeiten für Bauwerkskappen inkl. Bewehrung
13 m - Geländereinbau Füllstab- und Rohrgeländer
36 m² - Bauwerksabdichtung und Asphaltschutzschicht (MA 11 S)
340 m² - temporäre Baustellenumfahrung
360 m² - Asphalttrag- und Deckschicht
55 m² - Steinsatz, und Steinschüttung im Gewässer"
62017582-b322-43ba-b234-99c6d10e7cde,1,,ÖAB 370/26-23,works,,Technisches Rathaus - Blendschutz,,,"Blendschutz
65 Stk. Kettenzug-Rollo, geteilter Behang, manuell bedienbar, bxh= 290 x 225 cm
115 Stk. Kettenzug-Rollo, geteilter Behang, manuell bedienbar, bxh= 290 x 195 cm
50 Stk. Ausgleich Stahlbeton-Unterzüge, bis 10 mm, Distanz-/ Unterfütterungselemente"
8168d760-e364-4120-9df0-b30c308f22c7,1,,ÖAB 411/26-23,works,,Ersatzanbau Freizeittreff Stotternheim - Abbrucharbeiten,,,"Abbrucharbeiten
100 m² Baustraße
105 m² Ort-Betonfläche, einschl. Unterbau abbrechen
360 m² Asbestzementdachplatten demontieren & entsorgen
255 m² Kontaminiertes Dämmmaterial (KMF) aufnehmen & entsorgen
600 m Unterkonstruktion Unterdecke, Holz, abbrechen & entsorgen
94 m³ Abbruch Außenwände Mauerwerk
29 m³ Abbruch tragende Innenwände Mauerwerk
100 m² Abbruch nicht tragende Wände Mauerwerk
27 m³ Abbruch Schornstein Mauerwerk
600 kg Stahlbauteile demontieren und entsorgen
230 m² Abbruch Estrich/HWL/Sperrschicht
77 m³ Abbruch Bodenplatte Stahlbeton
58 m³ Abbruch Fundamente, Beton & Stahlbeton
40 m³ Füllbeton, C8/10, X0 - Fundamentgräben
54 m² Abbruch Stahlstein-/Ziegelelementdecke"
ca6a9d29-4645-4b9f-9cbf-ec837f1587f9,01,,VG-B-0435-2026-1012,works,,HEAE MBW - H2 - Aufzugsanlage,,,"Förderanlagen, Aufzugsanlagen, Fahrtreppen und Fahrsteige (DIN 18 385);"
041a3b4a-d1d4-4009-9dcc-6ff36b793ef3,01,,,works,,Grundschule Deutsch Evern,,,Trockenauarbeiten
6bf5b4f6-4a92-47f9-bc92-0d3e550a2fe2,01,,SITE-2026-0019,works,,"1022_Lüftungstechnik, Sanierung der Walter-Kolb-Halle in Bremerhaven",,,Lüftungstechnik
307bbb8e-7821-42e3-bebc-c5ce607d6d58,01,,,works,,Neubau Rathaus,,,Gerüstbauarbeiten
5bf0da81-04b4-4540-a2a1-fa832e81b42d,01,,SITE-2026-0018,works,,"1022_Heizungstechnik, Sanierung der Walter-Kolb-Halle in Bremerhaven",,,Heizungstechnik
fcd29cc5-5683-4216-98b9-bce47074c29b,01,,PR1290390-2880-B,works,,J+K Holzinnentüren 70-00001-2880-58 - PR1290390-2880-B,,,J+K Holzinnentüren 70-00001-2880-58
80a70f68-a454-456f-b5ea-c7d81027ef8b,01,,VE2020,works,,"Heizungs-, Kälteanlage",,,"1 Übergabestation ca. 600 kW
2 Luft/Wasser WP ca. 250 kW
2 Wasser/Wasser WP ca. 46 KW
1 Rückkühler ca. 140 KW
8 Pufferspeicher
9 Heizkreisverteiler
2 Druckhaltungen / Entgasung
ca. 12.000 m Heizungsrohrleitungen
ca. 10.500 m² FBH 
ca. 800 m² Fußbodenheizung / -kühlung 
ca. 40 Umluft Heiz- / Kühlgeräte
3 Abgasanlagen"
deebdf92-64cc-4802-981c-de0c3eef80e2,01,,VG-127-26,works,,Glasfaserausbau und Signallieferung,,,Die HOWOGE Wohnungsbaugesellschaft mit beschränkter Haftung (HOWOGE) ist eines der sechs kommunalen Wohnungsunternehmen des Landes Berlin. Mit einem eigenen Wohnungsbestand von rund 83.300 Wohnungen gehört das Unternehmen zu den größten Vermietern deutschlandweit. Gegenstand dieses Vergabeverfahrens ist der Ausbau von Wohngebäuden mit Glasfasernetzen der Netzebene 4 (FTTH) und die Signallieferung.
93613bd8-3bcd-4118-bbce-f56adce48bb4,01,,442_38.1,works,,Fachklassenausstattung,,,Ausstattung der Fachklassen sowie der Sammlungsräume
7a2bc9a7-8015-4b5e-b0de-841f3a78496b,01,,,works,,"Karl-Rehbein-Schule Dep. II, Abbruch Haus des Handwerks und
Erweiterungsbau Karl-Rehbein-Schule - Heizung",,,"Die Karl-Rehbein-Schule (KRS) nutzt bereits seit mehreren Jahren
Räume der Pestalozzischule als Zweigstelle. Um Platz für die zukünftige
Erweiterung der Grundschule zu schaffen, soll für die Oberstufe 
der Karl-Rehbein-Schule ein neues Gebäude auf einer Teilfläche 
des Fronhof-Areals errichtet werden. Das Gebäude ""Haus des Handwerks""
wurde im Zuge der geplanten Erweiterung der Karl-Rehbein-Schule
vollständig zurückgebaut, um den Neubau zu realisieren. 

Leistungsumfang Heizungsinstallationsarbeiten:

- Luft-Wasser-Wärmepumpen in Split Bauweise mit jeweils 55 kW 2 Stück;
- Pufferspeicher 2000 l 1 Stück;
- Sprührohrentgasung 1 Stück;
- Pumpengruppen mit Mischer 2 Stück;
- Verrohrung Heizung (DIN12-DN50) einschließlich Verbindungsstücke ca. 500 m;
- Verrohrung Heizung / Kühlung (DN12-DN65) einschließlich Verbindungsstücke
ca. 50 m;
- Mehrschichtverbundrohr Heizung (DN12-DN15) einschließlich Verbindungsstücke
ca. 1.650 m;
- Heizkörper 89 Stück;
- Single Split Einheit 2,5 kW 1 Stück;
- Single Split Einheit 5,0 kW 1 Stück;
- Dämmung der Leitungen;
- Baubeheizung 143 kW mit ölbefeuertem Brenner und Luftschläuche für 
16 Wochen Mietzeit."
0154f570-03d0-4766-90ab-501c3e9c9727,01,,2026-1005079,works,,2026-1005079_Flughafen München_Generalübernehmer Gepäcksortierhalle Terminal 1 auf Pos. 113,,,"Im Rahmen des Programms T/EINS wird das Terminal 1 des Flughafens München schrittweise modernisiert, um einen sicheren und leistungsfähigen Betrieb bis mindestens 2050 sicherzustellen. Da die bestehende Gepäckförderanlage während der Sanierungsmaßnahmen nur eingeschränkt verfügbar sein wird, ist zur Aufrechterhaltung des Gepäckbetriebs eine zusätzliche Gepäckinfrastruktur erforderlich. Zu diesem Zweck wird auf der Vorfeldposition 113 eine neue Gepäcksortierhalle (GSH-113) errichtet. Die Halle ergänzt die bestehende Gepäcklogistik des Terminal 1 und wird direkt an die bestehende Gepäckförderanlage angebunden. Sie übernimmt zentrale Funktionen der Gepäckabfertigung wie Sortierung, Sicherheitskontrollen, manuelle Nachbearbeitung, Zollkontrollen sowie die Wiedereinschleusung von Gepäck in den laufenden Förderprozess. Gebäudekonzept Die Gepäcksortierhalle wird als eingeschossiger Betriebsbau mit zusätzlicher Stahlzwischenebene für Fördertechnik und technische Anlagen ausgeführt. Das Gebäude verfügt über eine funktionale Gebäudehülle mit Sandwichfassade und Flachdach. Der gesamte Bruttoflächenbedarf einschließlich Technik- und Nebenflächen inkl. Gitterrostebene beträgt rund 6.000 m². Die Gebäudehöhe liegt bei etwa 9 m und kann durch technische Aufbauten lokal bis zu 12 m erreichen.  Betrieb und Kapazität: Die Anlage ist für eine Sortierleistung von bis zu 2.500 Gepäckstücken pro Stunde ausgelegt und schafft die notwendige Kapazität zur Sicherstellung des Gepäckbetriebs während der Generalsanierung von Terminal 1. Neben Sortier- und Kontrollbereichen sind Flächen für Betrieb, Personal, Lagerung und Technik vorgesehen.  Projektorganisation und Vergabe: Für die Umsetzung der Gesamtmaßnahme ist eine Aufteilung in mehrere Vergabeeinheiten vorgesehen. Geplant ist die Beauftragung eines Generalübernehmers für die Planung & Errichtung der Gepäcksortierhalle inkl. Gitterrosteben, eines Generalunternehmers für die Lieferung und Errichtung der Gepäckförderanlage sowie eines gesonderten Auftragnehmers für die Anbindung der Halle an den Bestand (Brückenbauwerk). Dadurch sollen die jeweiligen Fachgewerke effizient umgesetzt und die Schnittstellen zwischen Bauwerk und Gepäckfördertechnik gezielt gesteuert werden.  Standort und Rahmenbedingungen Die Gepäcksortierhalle wird auf einer freien Vorfeldfläche im sicherheitskritischen Bereich des Flughafens München errichtet. Im Baufeld befinden sich bestehende Infrastrukturtrassen, darunter Flugbetriebsstoffleitungen, Entwässerungsanlagen sowie Strom- und IT-Leitungen. Zudem besteht eine unmittelbare räumliche Nähe zu den bestehenden Gebäuden des Terminal 1 und der Halle C-West.  Schnittstellen Das Projekt weist technische und betriebliche Schnittstellen zu den bestehenden Gebäuden, den Ver- und Entsorgungsanlagen sowie zur Generalsanierung des Terminal 1 auf. Darüber hinaus ist südöstlich der Gepäcksortierhalle ein Ladepunkt für Vorfeldgeräte vorgesehen. Synergien bei der elektrischen Versorgung werden im Rahmen der Planung geprüft.  Energieversorgung und Nachhaltigkeit Die Halle wird als vollwertiger Betriebsbau mit eigenständiger technischer Versorgung ausgeführt. Die gesetzlichen Anforderungen an die Energieeffizienz werden erfüllt. Eine Nutzung ist mindestens bis zum Abschluss der Sanierung des Terminal 1 vorgesehen (mind. 12 Jahre); darüber hinausgehende Nutzungszeiten werden im weiteren Projektverlauf geprüft   Besondere Rahmenbedingungen Der Neubau erfolgt im sicherheitskritischen Vorfeldbereich des Flughafens München bei laufendem Flugbetrieb. Die Planung und Ausführung müssen die Anforderungen des Flughafenbetriebs, der Luftsicherheit sowie die Aufrechterhaltung der angrenzenden Betriebsabläufe berücksichtigen. Bau- und Logistikprozesse unterliegen besonderen Sicherheits-, Zugangs- und Genehmigungsanforderungen. Bestehende Versorgungsleitungen im Baufeld sind während der Bauausführung zu berücksichtigen und in den Betriebskonzepten entsprechend einzubinden.  Termine Für die Planung und Realisierung der Maßnahme werden folgende projektrelevante Meilensteine vorgegeben:-Durchführung der Planungsleistungen der Leistungsphasen 3 bis 5: voraussichtlich Q2/2027 bis Q4/2027 -Baubeginn: voraussichtlich Q1/2028 -Baufertigstellung einschließlich vollständiger Inbetriebnahme der technischen Gebäudeausrüstung: spätestens Q2/2029 Die vorgenannten Termine stellen die derzeitige Projektzielplanung des Auftraggebers dar und sind vom Auftragnehmer bei seiner Termin- und Ressourcenplanung zu berücksichtigen. Der Auftragnehmer hat seine Planungs-, Genehmigungs-, Beschaffungs- und Ausführungsprozesse so zu organisieren, dass die Einhaltung der vorgegebenen Meilensteine sichergestellt wird. Hierzu ist ein durchgängiges Terminmanagement einschließlich regelmäßiger Fortschrittskontrolle und Berichterstattung vorzusehen.  Gesamtziel Mit der GSH-113 entsteht eine leistungsfähige und betrieblich integrierte Erweiterung der Gepäcklogistik des Terminal 1. Sie gewährleistet die Aufrechterhaltung der Gepäckabfertigung während der umfangreichen Modernisierungsmaßnahmen und unterstützt einen sicheren und wirtschaftlichen Flughafenbetrieb."
9a1b2062-053c-47dc-bc6c-b4cd4604c5f2,01,,H10-2026-113,works,,Erweiterung und Sanierung GS Ichenhausen - Erweiterungsbau feste Möblierung,15000000,EUR,"Ein eingeschossiger, freistehender Erweiterungsbau im Süden für 4 Klassenzimmer,
Gruppenräume und Sanitärkern, verbunden über einen Verbindungssteg zum Bestand."
2f51da30-ace1-438c-87f3-d453fea657eb,01,,,works,,Generalsanierung Litzelhardthalle,,,Parkettarbeiten
ddcd7ad8-87a6-4630-8e5c-2b280cfcc3dc,01,,VG-B-0435-2026-0998,works,,28-01 Zimmerarbeiten 1.BA,,,Zimmer- und Holzbauarbeiten (DIN 18 334);
c214e855-82c8-4204-94b5-4a8bc3c188b8,01,,3213,works,,3213 - Tischlerarbeiten - Mobile Trennwand,,,"Neubau einer Realschule mit Mensa, Zweifachsporthalle, Pausenhalle als Versammlungsstätte und
Freisportanlagen auf der gegenüberliegenden Seite der Hohenbrunner Straße
Gebäude ist in Teilen als Holzhybridbau geplant. Die Ausführung erfolgt in 1 Bauabschnitt.
Adresse Baufeld: Taufkirchner Straße/Hohenbrunner Straße
85662 Hohenbrunn
BRI ca. 64.500 m3
BGF ca. 14.000 m2
Gebäude 1–3-geschossig zuzgl. 1 Untergeschoss


Umfang der Leistung:
Baustelleneinrichtung
Trennwandanlage Unterrichtsbereich 1 Stück"
68799396-9c0b-41bc-84f6-3c646b99051e,01,,,works,,"Karl-Rehbein-Schule Dep. II, Abbruch Haus des Handwerks und
Erweiterungsbau Karl-Rehbein-Schule - Lüftung",,,"Die Karl-Rehbein-Schule (KRS) nutzt bereits seit mehreren Jahren
Räume der Pestalozzischule als Zweigstelle. Um Platz für die zukünftige
Erweiterung der Grundschule zu schaffen, soll für die Oberstufe
der Karl-Rehbein-Schule ein neues Geschäftsgebäude auf einer Teilfläche
des Fronhof-Areals errichtet werden. Das Gebäude ""Haus des Handwerks""
wurde im Zuge der geplanten Erweiterung der Karl-Rehbein-Schule
vollständig zurückgebaut, um den Neubau zu realisieren. 

Leistungsumfang Lüftungsinstallations- und Gebäudeautomationsarbeiten:

Lüftung:

- RLT Zentralgerät mit Wärmerückgewinnung 16.000 m³/h 1 Stück;
- Lüftungsrechteckkanäle bis max. 500 mm, Breite 1.250 mm, 
mit und ohne Dämmung ca. 1.100 m²;
- Wickelfalzrohr bis max. DN 350 mm, mit und ohne Dämmung ca. 453 m;
- Deckenluftdurchlässe, Zu-/ Abluftgitter, Tellerventile 162 Stück;
- Schalldämpfer rund DN100-350 66 Stück;
- Brandschutzklappen mit Federrücklaufmotor 37 Stück;
- Volumenstromregler konstant 55 Stück;
- Volumenstrombegrenzer 19 Stück;
- Wetterschutzgitter in der Fassade 1 Stück;
- Wetterschutzgitter Schrägdach 1 Stück;
- Deflektorhaube 1 Stück;
- Dachhaube 6 Stück;
- Ventilatoren 7 Stück;
- Dämmung der Leitungen und Kanäle

Gebäudeautomation:

- Umfang der E/A- Ebene;
- binäre Ausgänge 75 Stück;
- analoge Ausgänge 14 Stück;
- binäre Eingänge 206 Stück;
- analoge Eingänge 46 Stück;
- 1 Schaltschrank in der Technikzentrale UG;
- Verkabelung;
- Gebäudeleittechnik."
172ae66a-09d6-41d6-aa39-f7a293f9a600,01,,B24047-30344000-001-450-01,works,,Elektroarbeiten Schwachstrom,,,"Die Baustelle liegt im Berliner Bezirk Friedrichshain-Kreuzberg, am Ende der Sackgasse Trebbiner Str. als öffentliche Zufahrt zum Technikmuseum, auf dem Gelände des 'Deutschen Technikmuseums Berlin'.
Ziel ist es, die gesamte Gebäudetechnik des Gebäudeteils Altbau zu erneuern.
Folgende Leistungen sind zu erbringen: Elektroarbeiten / Schwachstrom"
f183c2f1-a1f6-4252-8ac6-5866d30c6ca4,01,,831-26,works,,Stadt Hemmingen - GS Arnum - Trockenbauarbeiten,,,Gegenstand der ausgeschriebenen Leistung sind Trockenbauarbeiten zur Errichtung einer Mensa als Neubau.   Ausführungsfristen: Beginn: 04.01.2027 Zwischenfristen: Brandschutzbekleidung + Wände einseitig: 15.01.2027 Wände schließen: 09.04.2027 Fertigstellung: 07.05.2027
921b9e0b-9696-467e-a913-ccc15ad1abe6,01,,0226-7002907 PB ESAN,works,,VE302 Erweiterter Rohbau,,,"Das Deutsche Institut für Ernährungsforschung (DIfE) plant die Sanierung von Teilflächen 
eines Forschungs- und Bürogebäudes. Die Baumaßnahme umfasst Abbruch, Sanierung 
und Neubau von Flächen. Die hier ausgeschriebenen Bauleistungen beinhalten die erweiterten Rohbauarbeiten für Bestands- und Neubauflächen im 1. und 2.Bauabschnitt. Hierzu 
gehören im Wesentlichen Stahlbeton-, Mauerwerks-, Zimmerer- und Dachdeckerarbei-
ten. Die Arbeiten an den beiden Bauabschnitten soll größtenteils zeitgleich stattfinden."
e4037a44-d382-4130-95c5-b24bacec472a,01,,2026-75-AA-29,works,,"Neubau und Erweiterung der FGTS am Schulstandort St.Wendel/Niederkirchen-Ausführung von Erd-,Mauer-und Betonarbeiten nach VOB-",,,"Ausführung von Erd-,Mauer-und Betonarbeiten nach VOB"
531ef96a-411b-4e8d-9e60-ba326a97f149,01,,26O60206,works,,"GOK, Sanierung technische Infrastruktur",,,GOK Sanierung Technische Infrastruktur TW-LöW-Erdarbeiten
a3beabad-c6af-4c42-804c-bbcc86f3b382,01,,638/26,works,,"Bundesamt für Justiz, Bonn -  Große Baumaßnahme Erweiterungsbauten, Hier:Fliesen-und Betonwerksteinarbeiten",,,siehe Beschreibung Los 1
b24c4956-df4a-4280-851f-1a21bc105482,01,,001,supplies,,Verlege- und Verdrahtungsarbeiten sowie Liefe-rung und Montage von Netzwerktechnik für eine OCR-Anlage,,,"Verlege- und Verdrahtungsarbeiten von Strom-, Daten&Kommunikationskabeln (SpeedPipe, LWL, Spleißbox, Spleißen) sowie E-Technik / Netzwerk Ausstattung (Serverrack, Patchfelder, Transceivermodule (Singlemode), Medienkonverter, etc.) LWL Messung"
50e20b67-265d-4b6d-a1cc-a2c8cab29bd0,01,,CKU - VE 01_204,works,,Neubau CKU 2030 - TP 01 - übergeordnete Baustelleneinrichtung,,,Übergeordnete Baustelleneinrichtung
1077025c-9104-45b0-8184-c7b1e3d129a7,01,,2026-031,works,,2026-031 H83 GS DAH Ost-302-Umbau- und Rohbauarbeiten,,,"'-	ca. 150 m² Abbruch und Entsorgung Betonpflaster
-	ca. 500 m³ Aushub mit Abfuhr Oberbodenauffüllung 
-	ca. 650 m³ Aushub mit Abfuhr Auffüllung Kies/Sandgemisch
-	ca. 185 m Verlegung Grundleitungen und Schmutzwasserkanal
-	ca. 450 m³ Einbau Kieskoffer
-	ca. 450 m² Feinplanie
-	ca. 80 Stück Ausbau und Entsorgung Innentüren mit Stahlumfassungszarge 
-	ca. 30 Stück Ausbau und Entsorgung Holz-Alu Fenster
-	ca. 150 m² Ausbau und Entsorgung Glas-Metall Innentürelemente
-	ca. 1.700 m² Rückbau und Entsorgung von abgehängten Deckenkonstruktionen
-	ca. 3.000 m² Rückbau und Entsorgung von Bodenbelägen, teilweise einschl. Estrichkonstruktion
-	ca. 1.400 m² Teilrückbau und Entsorgung von Innen- und Außenmauerwerk sowie Leichtbauwänden
-	ca. 450 m² Abstemmen und Entsorgen von PCB-haltigem Wandputz 
-	ca. 25 m³ Abbruch und Entsorgung Ortbeton der 4 Stück Stahlbetontreppen
-	ca. 20 m² Ergänzung Gründungsbauteile einschl. Teilrückbau Bodenplatte und Handaushub im Gebäude
-	ca. 50 m² Ergänzung Stahlbetondecke mit Unterzugkonstruktion zur Schließung Deckenöffnungen
-	ca. 20 m Unterfangung mit Stützen und Trägern aus Profilstahl herstellen einschl. Hilfsunterstützungsmaßnahmen
-	ca. 40 Stück Einbau Betonstürze zur Herstellung neuer Tür- und Fensteröffnungen 
-	ca. 300 m² Ergänzung Mauerwerk Innen- und Außenwände
-	ca. 85 m³ Ortbeton Stahlbetonbodenplatte
-	ca. 450 m² Schalung Stahlbetonwände und ca. 50 m³ Ortbeton Stahlbetonwände
-	ca. 300 m² Deckenschalung
-	ca. 75 m³ Ortbeton Massivdecke
-	ca. 40 t Betonstabstahl
-	ca. 75 m² Doppelwandelemente
-	ca. 600 m² Innenputz- und Beiputzarbeiten
-	ca. 200 m Kabelschutzrohre
-	ca. 350 m Ringerder
-	ca. 200 m Leerrohrverlegung in Ortbetonwänden mit ca. 85 Stück Gerätedosen"
03ddf5d7-0650-411f-a1ac-d0fca9374811,01,,20260817 IPM - GA - GU: Gesundheitsamt Düsseldorf TNW,works,,Planungs- und Bauleistungen für das Gesundheitsamt mit Fahrradgarage in Düsseldorf (Hochbau),,,"Die Immobilien Projektmanagement Düsseldorf GmbH ist eine 100 %-ige Tochtergesellschaft der Landeshauptstadt Düsseldorf (LHD). Die IPM führt im Auftrag der LHD verschiedene Bauaufträge aus. Sie beabsichtigt, im Auftrag der LHD in Düsseldorf-Stadtmitte zwischen Konrad-Adenauer-Platz, Harkortstraße und Graf-Adolf-Straße einen Neubau für das Gesundheitsamt in Düsseldorf errichten zu lassen.  Gegenstand des Gesamtvorhabens ist der Neubau eines modernen, publikumsorientierten und zugleich intern leistungsfähigen Gesundheitsamtes bzw. Zentrums für öffentliche Gesundheit. Das Gebäude soll unterschiedliche Nutzungen des öffentlichen Gesundheitsdienstes aufnehmen und eine zeitgemäße, barrierefreie, nachhaltige und funktional flexible Arbeits- und Serviceumgebung schaffen. Ergänzend wird eine Fahrradgarage mit eigenständiger Nutzungs- und Betriebslogik in das Gebäude integriert. Die Fahrradgarage soll insbesondere der Verbesserung der Radverkehrsinfrastruktur im Bahnhofsumfeld dienen und eine leistungsfähige, gut erreichbare und nutzerfreundliche Abstellmöglichkeit für ca. 1.900 Fahrräder schaffen.   Der Rückbau des bestehenden Hansahauses ist eine wesentliche Voraussetzung für die Realisierung des Neubaus, wird jedoch als vorgelagerte Maßnahme separat ausgeführt und ist nicht Gegenstand dieses Vergabeverfahrens.  Der Auftraggeber erwägt, das Projekt im Rahmen einer Partnerschaftlichen Projektabwicklung (Partnering-Verfahren) umzusetzen. Zentraler Baustein des Partnering-Modells ist die Einbindung des ausführenden Generalunternehmers in die frühe Planungsphase der LP 3 HOAI, um Planungs- und Kostensicherheit frühzeitig zu gewährleisten. Der Generalplaner wurde durch ein vorgeschaltetes Architekturwettbewerbsverfahren bereits ermittelt und beauftragt. Während der laufenden LP 3 HOAI soll der Auftragnehmer in den Planungsprozess eingebunden werden und die Planungen aus Bauausführungssicht optimieren.  Nach derzeitigem Stand ist eine zweistufige Vertragsstruktur vorgesehen: Mit Zuschlagserteilung wird der Generalunternehmer zunächst mit Mitwirkungs- und Beratungsleistungen während der laufenden Erarbeitung der LP 3 HOAI beauftragt (Preconstruction-Phase). In der Preconstruction-Phase wirkt der Generalunternehmer insbesondere an der Erarbeitung und Optimierung der Entwurfsplanung mit und berät zur Terminplanung, Baulogistik und Wirtschaftlichkeit. Mit Abschluss der Preconstruction-Phase übernimmt der Generalunternehmer die vollständige Planungsverantwortung. Die Vergütung für die LP 3 erfolgt voraussichtlich auf der Basis eines Stundenkontingents.  Die weiteren Planungs- und Bauleistungen zur schlüsselfertigen Errichtung des Gesundheitsamtes ruft die IPM optional nach Abschluss der Preconstruction-Phase ab. Die Beauftragung der weiteren Planungs- und Bauleistungen steht unter dem Vorbehalt eines Ausführungs- und Finanzierungsbeschlusses des Rates der Landeshauptstadt Düsseldorf. Ein Rechtsanspruch auf Beauftragung mit den Leistungen der zweiten Stufe besteht nicht.  Der Auftraggeber verfolgt das Ziel, die Erfahrungen und Kenntnisse des Auftragnehmers insbesondere in Bezug auf Planungsoptimierungen, Bauabläufe und -prozesse, Baustellenabwicklung und -logistik sowie Kosten- und Terminoptimierungen bereits in einer frühen Phase des Projektes wirksam einzusetzen. Erfahrungen und Kenntnisse aus den Bereichen der Planung und Ausführung sollen in einer solchen Art und Weise ausgetauscht werden, dass der Transfer zwischen Planung und Bauausführung reibungslos umgesetzt werden kann. Schnittstellen sollen frühzeitig identifiziert und festgelegt werden, um Konflikte zwischen Planung und Ausführung zu vermeiden und um den Fokus auf die Optimierung der Leistungserbringung richten zu können.   Der Auftragnehmer erbringt seine Leistungen dabei zusammen mit dem Generalplaner und den übrigen Fachplanern und Beratern unter gegenseitiger Berücksichtigung der Erfahrungen und Kenntnisse der weiteren Projektbeteiligten im Sinne des Grundsatzes ""best for project"". Eine effiziente und zielorientierte Zusammenarbeit aller Projektpartner zum bestmöglichen Erreichen der Projektziele setzt dabei voraus, dass die Partner zu einem hohen Maß an Kooperation und Kollaboration bereit sind.   In Kombination mit vorgenannter partnerschaftlicher Projektabwicklungsform beabsichtigt der Auftraggeber zudem, kollaborative Arbeitsmethoden (Lean Construction sowie Building Information Modelling (BIM)) einzusetzen.  Möglicher Ablauf des Partnering-Verfahrens siehe Anlage 1."
bd7642d8-4463-4602-8602-19e6282d684c,01,,Stadt Emsdetten,works,,Kardinal-von-Galen-Schule: Heizungsarbeiten,,,Die Stadt Emsdetten beabsichtigt am Padkamp 20 in 48282 Emsdetten die Sanierung und Erweiterung der Kardinal-von-Galen-Grundschule sowie die Errichtung einer Zweifeldsporthalle. Das bestehende Gebäude der umzubauenden Schule wird im Rahmen der Baumaßnahme in Teilbereichen vollständig abgebrochen. Die restlichen Flächen werden im Anschluss saniert und erweitert. Die Gesamtfläche teilt sich im Wesentlichen auf in:  - Bauteil Sanierung Schule (3.910 m³ BRI) - Bauteil Erweiterung Schule (12.044 m³ BRI) - Bauteil Erweiterung Sporthalle (14.827 m³ BRI).
6e40078a-968e-4451-a6f9-0066cfea02be,01,,H10-2026-203,works,,Erweiterung und Sanierung GS Ichenhausen - Erweiterungsbau Gebäudeautomation,15000000,EUR,"Ein eingeschossiger, freistehender Erweiterungsbau im Süden für 4 Klassenzimmer,
Gruppenräume und Sanitärkern, verbunden über einen Verbindungssteg zum Bestand."
d0413b88-e4ff-4670-80a4-bd8c90178d61,01,,26-208,works,,"Gebäudemanagement, Oberschule Weener, Neubau Dreifeldsporthalle, Außenanlagen",,,Neubau Dreifeldsporthalle
a1922220-370b-4b20-9468-db1dcc39e4e2,01,,3290,works,,3290 - Verdunkelungsanlagen,,,"Neubau einer Realschule mit Mensa, Zweifachsporthalle, Pausenhalle als Versammlungsstätte und
Freisportanlagen auf der gegenüberliegenden Seite der Hohenbrunner Straße
Gebäude ist in Teilen als Holzhybridbau geplant. Die Ausführung erfolgt in 1 Bauabschnitt.
Adresse Baufeld: Taufkirchner Straße/Hohenbrunner Straße
85662 Hohenbrunn
BRI ca. 64.500 m3
BGF ca. 14.000 m2
Gebäude 1–3-geschossig zuzgl. 1 Untergeschoss


Umfang der Leistung:
Baustelleneinrichtung
Blendschutzanlage Zweifachsporthalle ca. 100m²
Verdunkelungsanlagen Bereich Fachklassen und Mehrzweckraum ca. 250m²
Blickschutzanlagen am Glasseitenfeld von Klassenzimmertüren ca. 50 Stück"
d8a37cbb-1fd9-4cdc-be92-43d9784ee74e,01,,2026/2886,works,,"Rems-Murr-Kliniken gGmbH - Europaweite Vergabe des Baugewerks ""Lüftung"" für die Realisierung des Funktionsneubaus an der Rems-Murr-Klinik Schorndorf",,,"Die Rems-Murr-Kliniken gGmbH schreibt die Vergabe des Baugewerks ""Lüftung"" für die Realisierung des Funktionsneubaus an der Rems-Murr-Klinik Schorndorf europaweit aus."
d9f6395a-527b-49cd-a0ec-bf43a062cdf0,01,,,works,,Revitalisierung Bauhaus Trabelsdorf: BAU-16B Tischlerarbeiten inkl. feste Möblierung II,,,"Als Leistung ausgeschrieben wird im Zuge der Revitalisierung / Sanierung und Umbau des ehemaligen Brauhauses in Trabelsdorf bei Bamberg folgende Leistung als Kurzbeschreibung:Erstellen von Wandverkleidungen, Deckenverkleidung, Einbaumöbel (Theke und Garderobe), Brüstungsverkleidungen, Verlegen von Parkettbelag, Einbau von Innentüren, Sockelkanäle- und leistenFolgende wesentlichen Leistungen sind Umfang der Ausschreibung:- Baustelleneinrichtung- Erstellen Theke inkl. Möbel: 1 St.- Erstellen Garderobe: 1 St.- Wandverkleidungen / Brüstung ca. 100 m2- Einbringen Parkettbelag: ca. 100 m2- Akustikdeckenfelder: ca. 44 St.- Erstellen Innentüren: 48 St.- Erstellen Sockelleisten ca. 420 m- Erstellen Sockelkanäle ca. 50 m"
41d7ac31-f585-4156-af42-5415f9f2b774,01,,26-085689,works,,Schreinerarbeiten 3,,,"KUM GH,  22010 EKZ Hauner + Rechenzentr.

-	Ca. 3100m HPL Rammschutz auf Alu Sockel
-	Ca. 2500m HPL Rammschutz auf Boden-Randhochzug
-	Ca. 35m HPL Rammschutz, gerundet (R=ca.1,3m-21m), auf Boden-Randhochzug
-	35 Stk. HPL Spritzschutz hinter Waschbecken
-	Ca.  180m Handlauf auf Rammschutz
-	Ca. 70m Handlauf auf TB-Wand"
6b20f242-021d-4a08-8e14-0fc9b29a4e17,01,,DRESO_HH-2026-0055,works,,VE23 Bodenbelag Linoleum - Grundschule Barendorf,,,VE23 Bodenbelag Linoleum
afeff892-c330-4fb8-973c-6b65d1d3c1c1,01,,MC-AB-SA-500-090,works,,Malteser Campus St. Maximilian Kolbe - Außenanlagen,,,Außenanlagen
a040d776-b7d8-40d6-81c9-b50e1aa6daeb,01,,A-2026-FWT-404,works,,Elektroarbeiten,,,"Es sind eine Sicherheitsbeleuchtungsanlage in Einzelbatterietechnologie, eine Photovoltaikanlage mit einer Größe von circa 60kWp und eine Netzersatzanlage mit einer Leistung von circa 40kVA zu errichten. Die Messstelle des Energieversorgers wird in einer auf dem Grundstück aufgestellten Zähleranschlusssäule installiert. Die Elektroinstallation erfolgt in gemischter Verlegung (u.P. / a.P.). Im Bereich der Fahrzeughalle werden Trassen im Bereich der Binder montiert. Diese werden zum Teik auch als Tragsystem für die Hallenbeleuchtung verwendet. Die Beleuchtung (innen und außen) wird zum größten Teil dimmbar ausgeführt. Die Steuerung der Beleuchtung erfolgt Präsenzabhängig und kann teilweise manuell übersteuert werden. Für den Innenbereich wird Baustrom und Baubeleuchtung geliefert und nach Beendigung der Baumaßnahme wieder zurückgebaut. Für das behindertengerechte WC wird eine Personenrufanlage eingesetzt. Für die Richtfunkservicestelle des Kreises Schleswig-Flensburg werden einzelnen Anlagen montiert und in Zusammenarbeite / Abstimmung mit der RfSSt in Betrieb genommen. Es wird eine Brandmeldeanlage inklusive Aufschaltung auf die Kooperative Leitstelle eingebaut. Für die Fahrzeuge wird eine untergeordnete Anlage für funkvernetzte Rauchmelder installiert. Es wird eine Datennetz in strukturierter Verkabelung hergestellt. Für die Installation der Patchfelder wird ein Netzwerkschrank vorgesehen. Das Gebäude erhält eine Gebäudeautomation für den Bereich Raumbeheizung, Beleuchtung, Alarmfunktionen und Lastmanagement."
f1c9a3f9-c8d4-42b4-9e98-1838d72567e0,01,,96-41-532-26,works,,Gesamtschule Busecker Tal - Metallbauarbeiten Innen,,,Gesamtschule Busecker Tal - Metallbauarbeiten Innen
a98df0ee-02df-4926-a699-f0264bc70ae4,01,,V0506/2026,works,,"JVA Bremen, Lazarett - Schlosserarbeiten",,,Metallbauarbeiten - Schlosserarbeiten
2c665769-7e2e-4628-991e-28dcf9c3821a,01,,EU-3-1-av-26-338,works,,"Fliesen und Platten 
Icking",,,"Für das genannte Projekt werden Wand - Bodenfliesen für Naßbereiche, WC; Flure und Treppenhäuser ausgeschrieben."
d67d21b0-4b54-4ba6-96e2-3b6b23819299,01,,B/2026/056,works,,"Grüne-Aue-Schule, Neubau - Lieferung und Einbau von Holz-Aluminium-Fenstern- und Türen",0.01,EUR,"Die Stadt Gronau (Westf.) erstellt aktuell den Neubau der Grüne-Aue-Schule, einer Grundschule im Stadtwesten. Hierfür ist die Brachfläche der ehemaligen Bahntrasse zwischen Marschallstraße im  Norden und Steinstraße und Brookstraße im Süden vorgesehen.  Hier steht für den Neubau der Schule eine Fläche von ca. 5.500 m² zur Verfügung.  Am zukünftigen Schulgebäude werden Erd- und Obergeschoss in Holz-Hybrid-Bauweise errichtet. Der Teilkeller wird aus WU-Beton hergestellt. Das Gebäude erhält eine Flachdachkonstruktion mit abschließender Dachbegrünung und Photovoltaikanlage in Teilbereichen. In diesem Vergabeverfahren werden Lieferung und Einbau von Holz-Aluminium-Fenstern- und Türen ausgeschrieben."
1b85bfe4-fb5b-49bb-84de-474fa2eb9ef5,01,,HGG LV 050 Blitzschutz,works,,Neubau Johann-Peter-Hebel Grundschule: Blitzschutz,,,Blitzschutzarbeiten im Zuge des Neubaus der Johann-Peter-Hebel-Grundschule in Gundelfingen.
adbbb2a3-a548-485c-b584-b649f0cff1b3,01,,V0541/2026,works,,Dachdecker- und Zimmererarbeiten,,,Dachdeckungsarbeiten
358aa36b-0b4d-406d-b3f0-3823146a9ea6,01,,26/9-BML_VE403,works,,"Erweiterung der Berufsschule München Land mit Neubau einer Sporthalle und Wohnungen
VE403 - Lüftungsanlagen",,,"Gewerk 403 Lüftungsanlagen: 
•	Lüftungsgeräte 
•	Abluftventilatoren 
•	Lüftungskanäle und Lüftungsrohre verzinkt einschl. Dämmung 
•	Lüftungskanäle für Küchenlüftung einschl. Dämmung
•	Küchenlüftungsdecke 
•	Ablufthauben Küche 
•	Lüftungstürme
•	Brandschutzklappen, Volumenstromregler, Lüftungsdurchlässe
----------
Mit den Hauptmassen:
•	Lüftungsgeräte – 8 Stck 
•	Abluftventilatoren – 2 Stck 
•	Dezentrale Kompaktlüftungsgeräte – 2 Stck 
•	Lüftungskanäle einschl. Formstücke bis Kantenlänge 2.500 mm - ca. 2.900 m² 
•	Lüftungsrohre bis DN 400 - ca. 1.500 m 
•	Lüftungskanäle für Küchenlüftung bis Kantenlänge 2.500 mm - ca. 400 m²
•	Küchenlüftungsdecke - ca. 180 m² 
•	Ablufthauben Küche - 6 Stck 
•	Lüftungstürme - 3 Stck 

"
005970e4-fa83-4d72-b88d-6b8acfe47c4a,01,,V0540/2026,works,,Wärmedämmverbundsystem (WDVS),,,Wärmedämmverbundsystem
125814cb-3fd3-45fb-8ee4-1940fc409986,01,,51-2602-113,works,,"Neubau Hospiz Pfarrkirchen, Wand- und Bodenbelagsarbeiten",,,"Neubau Hospiz Pfarrkirchen, Wand- und Bodenbelagsarbeiten"
5136b73e-1a8c-4623-ba6e-68446d10b433,01,,X-VGWIL-2026-0071,works,,VG - Neubau FwGH Salmtal - Sanitäranlage,,,Sanitäranlage nach DIN 18381
615b5280-a5cf-40f2-b7b9-3da4726c7de4,01,,X-VGWIL-2026-0072,works,,VG - Neubau FwGH Salmtal - Elektroanlage ,,,Elektroanlage nach DIN 18382
01a0a39a-b1ce-41e2-a40e-d2a19840eef3,01,,65/141/2026,works,,Sanierung Lessingstraße 1 Zwickau,,,Sanierung Lessingstraße 1 Zwickau
37ef6440-39ad-4711-b6d8-50cd3e259338,01,,2026/27,works,,Erweiterung Grundschulcampus Wildau - Los 11 - Dachabdichtungs- und Klempnerarbeiten,,,"Die Stadt Wildau beabsichtigt an dem Standort der Grundschule Wildau und der KiTa Wirbelwind in der Fichtestr. 90, 15745 Wildau, einen neuen Grundschulcampus zu errichten. Dazu werden die Höfe zu einem Schulgelände zusammengefasst und Gebäude teilweise abgerissen. Das bestehende Schulgebäude wird mit einem neuen Anbau und angeschlossener Sporthalle erweitert, der zu erhaltene Bestand im Nordwesten wird teilweise saniert. Der Schulhof wird nach Abriss der alten Gebäude und dem Neubau großräumig neugestaltet.  Der Neubau der Grundschule stellt den Hauptbaukörper dar, der sich entlang der Käthe-Kollwitz-Straße im Süden erstreckt. Gleich im Anschluss folgt auf gleicher Front (Ostseite) der Giebel der Sporthalle mit unterlagerter Mensa und Austeilküche. An der westlichen Seite schließt der Neubau an das Bestandsgebäude an.  Die Sporthalle befindet sich im 1. Obergeschoss oberhalb von Mensa und Küche; sie besteht aus einer Drei-Feld-Sporthalle, Nebenfunktionsflächen und einer Galerie im 2. Obergeschoss. Grundschule und Sporthalle sind nicht unterkellert.  Die tragenden Bauteile bestehen aus Stahlbeton und aus KS-Mauerwerk. Die Gründung ist eine Stahlbetonfundamentplatte mit Frostschürzen aus Betonstreifenfundamenten.  Gebäudekenndaten: Anzahl der Vollgeschosse: Grundschule:  4 Sporthalle mit Mensa: 3 Bruttorauminhalt: Grundschule:  32.275 m³ Sporthalle mit Mensa: 29.931 m³ Bruttogrundfläche: Grundschule:  8.035 m² Sporthalle mit Mensa: 5.610 m² Höhe Attika über Gelände:  Grundschule:  bis ca. 16.3m Sporthalle mit Mensa: bis ca. 14.7m Maximale Gebäudeabmessung Grundschule und Sporthalle:  L x B: ca. 128,00m x 50,3 m Baurechtliche Einordnung: Gebäudeklasse 5, Sonderbau"
b66086b4-5a0c-43e5-beff-d9e5bd9b4747,01,,4119 - 4122,works,,"Geldener Str. 58a + 58b + 60 + 60a, 476238 Straelen - Etricharbeiten",,,Errichtung von 4 Wohnanlagen mit 44 öff. gef. Wohnheiten
bdb7cd0f-27a9-49e6-be6e-c80723885512,01,,2026-0076-267-1,works,,TEIL-GU Innenausbauarbeiten inkl. Wartung,,,Gegenstand der ausgeschriebenen Bauleistungen ist der Innenausbau zur Generalinstandsetzung des Haupthauses des Wallraf-Richartz-Museums.
7d14c033-c833-4b40-8efc-e2ed271a3c3d,01,,X-VGWIL-2026-0070,works,,VG - Neubau FwGH Salmtal - Lüftung,,,Raumlufttechnische Anlagen nach DIN 18379
9d83ea1f-2e6a-4af3-9974-0b8a7823c726,01,,X-VGWIL-2026-0069,works,,VG - Neubau FwGH Salmtal - Heizungsanlage,,,Heizungsanlage nach DIN 18380
741f8574-9ba3-434b-bf87-42f565cdff51,01,,"26E00135 (122VS520 / Plön, MUS, Neub Ugeb 47 u. 54)",works,,"Metallbau- , Schlosserarbeiten",,,"Auf dem Gelände der Marineunteroffizierschule in Plön ist der Bau von zwei neuen Unterkunftsgebäuden geplant, Gebäude 47 und Gebäude 54. Diese werden auf zwei separaten, nicht miteinander verbundenen Baufeldern auf der Liegenschaft erstellt. Die Erschließung erfolgt über das Haupttor der Kaserne. Die Flächen sind verkehrstechnisch über die befestigten Straßenflächen innerhalb des Geländes erschlossen. Der Neubau des Unterkunftsgebäudes 47 soll auf einer ehemaligen Waldfläche an der südöstlichen Grenze des Geländes realisiert werden. Das Grundstück wird im Rahmen des Bauvorhabens an die bestehende Infrastruktur der Liegenschaft angeschlossen. Das Baufeld umfasst ca. 5.860m². Der Neubau des Unterkunftsgebäudes 54 ist auf der Fläche zwischen den Gebäuden 53 und der RÜH (Rettungsübungshalle) geplant. Das Grundstück ist an die bestehende Infrastruktur der Liegenschaft angeschlossen. Das Baufeld umfasst ca. 2.400m². Die viergeschossigen Gebäude mit einer Gesamtabmessung von 57,70 m x 14,16 m sind mit einem 43° geneigten Satteldach versehen und werden über zwei Treppenräume an
der Längsseite erschlossen. Die Traufhöhe beträgt 10,50 m, die Firsthöhe beträgt 17,10 m. Es handelt sich um Massivbauten mit Mauerwerkswänden, Stahlbetondecken und einem Dachstuhl in Holzbauweise.  In jedem Neubau sind jeweils 81 Einzelunterkünfte untergebracht. Für die Dauer des BVH im Zeitraum ca. III. Q 2026 bis ca. IV. Q 2028 ist eine übergeordnete Baustelleneinrichtung sowie deren Vorhaltung auf dem Baufeld 47 geplant und in einem separaten Leistungsverzeichnis erfasst. Ein Fassadengerüst wird für die Dauer der Maßnahme zur Verfügung gestellt und ist in einem separaten Leistungsverzeichnis erfasst. Es gelten die Sicherheitsauflagen für militärische Anlagen. Außentüren: 4 Stk. Aluminium-Rahmentür, Drehflügel, 1 Seitenteil, BxH 2135x2800mm, Ud = 1 W/m²K, 6 Stk. Aluminiumtür, vollflächig gefüllt, Drehflügel, BxH 1135x2800mm, Ud = 1 W/m²K,
Außenfenster: 168 Stk. Aluminiumfenster, Stulpflügel, BxH 1635x2000mm, Uf = 1 W/m²K, 12 Stk. Aluminiumfenster, Stulpflügel, BxH 1760x2000mm, Uf = 1 W/m²K, 4 Stk. Aluminiumfenster, einflügelig, BxH 885x2000mm, Uf = 1 W/m²K, Insektenschutz, 4 Stk. Aluminium-Pfosten-Riegel Fassade, BxH 2385x9660mm, Ucw = 1 W/m²K, 15 Elemente davon 13 festverglast, 2 drehkipp, Entrauchungsquerschnitt &gt; 0,5qm, 188 Stk. Aluminium-Außenfensterbänke
Innentüren: 18 Stk. Aluminium-Rahmentür, Drehflügel, 1 Seitenteil, BxH 1760x2500mm, RS,
6 Stk. Aluminium-Rahmentür, Drehflügel, 1 Seitenteil, BxH 1760x2500mm, EI2 90, 8 Stk. Aluminium-Rahmentür, Drehflügel, 2 Seitenteile, BxH 2390x2500mm, EI2 30, 4 Stk. Aluminium-Rahmentür, Drehflügel, 2 Seitenteile, BxH 2390x2500mm, RS, Beschläge, Schlösser, Bänder
Schlosserarbeiten: Statischer Nachweis Geländer, ca. 90m Treppengeländer, aus Stäben und Gurten, Befestigung an Stirnseite, ca. 150m Handlauf, Edelstahl, 6 Stk. Durchtrittschutz Podest zu Fassade, 2 Stk. Schriftzug Außenwand
Vorhangfassade: Fassadenstatik, ca. 35qm Aluminiumvorhangfassade, Steckpaneel, UK, Dämmung, An- und Abschlüsse,
Eingangsüberdachung: 4 Stk. Stahlkonstruktion für Eingangsüberdachung, IPE, BxHxT 3500x3300x1500mm, Anschlüsse, Dachkonstruktion, ca. 90qm Wandverkleidung, Aluminiumsteckpaneel, UK, An- und Abschlüsse, ca. 24qm Deckenverkleidung, Aluminiumsteckpaneel, UK, An- und Abschlüsse, Dachverkleidung, Entwässerung"
85c9a7bb-cf66-405a-93c9-50857968cd15,01,,LRAMTK_AfI-2026-0014,works,,Generalsanierung Schule im Taubertal - Vergabe Abbrucharbeiten,,,Abbrucharbeiten
77b9119d-d72d-4bca-adc2-6341ef20117a,01,,26-10170,works,,"PHV BIMA Abbruch, Neubau, Aufstockung und Sanierung Geb 4468-4470, 4472-4474 (Paket 2)

Totalunternehmerleistungen Sanierung, Aufstockung und Erweiterung Gebäude 4468-4470 und 4472",,,"Totalunternehmerleistungen Sanierung, Aufstockung und Erweiterung Gebäude 4468-4470 und 4472"
abadc72a-717a-45fc-9044-e7eb3dad334a,01,,HWK DO VE339 H3,works,,Baureinigung Haus 3,,,"Die Handwerkskammer Dortmund beabsichtigt an ihrem Standort Barbarastraße 7 in Dortmund einen freistehenden Neubau zu errichten. Die erdgeschossige, als Massivbau in Stahlbeton, bauseits, errichtete Halle dient dem Schulungsbetrieb für die Verarbeitung von Kunststoffbauteilen. Der Neubau erhält eine vorgehängte Fassade aus Verblendmauerwerk.  Diese Leistungsbeschreibung beinhaltet die Baureinigungsarbeiten im Haus 3."
3b62235d-ca80-4e03-9c3e-297de871fe80,01,,OV-B-KIS-200-26,works,,"VE 01 Freianlagen/Sportplatzbau, Gymnasium 35 Brunnenviertel, 14478 Potsdam, Drewitzer Str. 40",,,VE 01 - Landschafts- und Sportplatzbauarbeiten BA1
3084e989-acb5-4689-8ebb-6bf0ad8e0903,01,,01-3812.02,works,,Neubau Schulcampus Deisenhofen - Schreinerarbeiten Sporthalle,,,"Schreinerarbeiten Innenausbau mit Innentüren und Einbaumöbeln für die Sporthalle auf dem Schulcampus Deisenhofen bestehend aus:
- Wandbekleidungen ca. 200 m²;
- Deckenbekleidungen ca. 70 m²;
- Laibungsbekleidungen ca. 90 lfm;
- Innentüren ca. 11 Stück;
- Treppengeländer Holz ca. 50 lfm;
- Treppenharfe Holz ca. 900 lfm Holzlamellen;
- Spiegelwände Gymnastik ca. 50 m²; sowie
- Einbaumöbel inkl. Küche ca. 30 lfm."
07e2fa36-a8c8-4b6b-94d1-b5ec715848fc,01,,122_2026,works,,Metall- und Stahlbauarbeiten-Konstruktiver Stahlbau,163088.00,EUR,"##Metall- und Stahlbauarbeiten im Rahmen der Sanierung des Otfried-Müller-Hauses
-Junges Theater-
Hospitalstraße 6 / 37073 Göttingen

##wesentliche Ausführungsarbeiten sind:
#- Baustelleneinrichtung, Gerüstarbeiten
#- Montage Stahlkonstruktion ca. 12 t
#- Fertigung Stahlfachwerk ca. 2,5 t
#- Fertigung Beleuchtergang ca. 55 m

#Werk- und Montageplanung"
10b4365a-23af-4cbd-874f-5faa960c37e5,01,,HGG LV 069 Förderanlagen,works,,"Neubau Johann-Peter-Hebel Grundschule: Lieferung, Montage und Inbetriebnahme eines barrierefreien Personenaufzugs",,,Förderanlagen im Zuge des Neubaus der Johann-Peter-Hebel-Grundschule in Gundelfingen.
2d885c65-7f8d-466b-ae79-a214d09abef4,01,,212-01/2024-01/0910,works,,"Grundschule Rindelbach, Neubau - Verglasungsarbeiten",,,Verglasungsarbeiten
78a13158-21b8-4927-8497-55f095cffba6,01,,,works,,Gesundheitszentrum in Bad Waldliesborn GmbH - Anbau an Klinik Eichholz,,,Das Gesundheitszentrum Bad Waldliesborn GmbH plant eine Erweiterung der Klinik Eichholz am Walkenhausweg 8 in 59556 Lippstadt - Bad Waldliesborn. Der Erweiterungsbau besteht aus einem 3-geschossigen Anbau (UG - 1. OG) auf der Ostseite für Therapieräume und Bewegungsbecken. Bestandteil der Ausschreibung sind die Linoleum-Bodenbelagsarbeiten für den Erweiterungsbau.
37cdd9a6-65fb-4c7d-b7f5-ad7c7befc670,01,,469,works,,Parksysteme ,,,"Ausführungszeitraum: 01/2027 bis 03/2027

Umfang der Leistungen:
14 St. Multiparkeranlage
14 St. Vorrüstung für E-Ladesäulen
inkl. Verkabelung"
46d59055-2d6b-4dd0-8259-86b3ae67397c,01,,B24047-30344000-001-440-01,works,,Elektroarbeiten Starkstrom,,,"Die Baustelle liegt im Berliner Bezirk Friedrichshain-Kreuzberg, am Ende der Sackgasse Trebbiner Str. als öffentliche Zufahrt zum Technikmuseum, auf dem Gelände des 'Deutschen Technikmuseums Berlin'.
Ziel ist es, die gesamte Gebäudetechnik des Gebäudeteils Altbau zu erneuern.
Folgende Leistungen sind zu erbringen: Elektroarbeiten / Starkstrom"
3eb98c24-107b-4db4-9bc7-13790e23b295,01,,2026/2860,works,,"Rems-Murr-Kliniken gGmbH - Europaweite Vergabe des Baugewerks ""Heizung"" für die Realisierung des Funktionsneubaus an der Rems-Murr-Klinik Schorndorf",,,"Die Rems-Murr-Kliniken gGmbH schreibt die Vergabe des Baugewerks ""Heizung"" für die Realisierung des Funktionsneubaus an der Rems-Murr-Klinik Schorndorf europaweit aus."
4d70dd3a-19b8-45bb-8fe1-cc4dbf9f9bc0,01,,3212,works,,3212 - Tischlerarbeiten Einbauten,,,"Neubau einer Realschule mit Mensa, Zweifachsporthalle, Pausenhalle als Versammlungsstätte und
Freisportanlagen auf der gegenüberliegenden Seite der Hohenbrunner Straße
Gebäude ist in Teilen als Holzhybridbau geplant. Die Ausführung erfolgt in 1 Bauabschnitt.
Adresse Baufeld: Taufkirchner Straße/Hohenbrunner Straße
85662 Hohenbrunn
BRI ca. 64.500 m3
BGF ca. 14.000 m2
Gebäude 1–3-geschossig zuzgl. 1 Untergeschoss


Umfang der Leistung:
Baustelleneinrichtung
• Einbauschränke einschließlich Garderoben, Schulranzenfächer, Spinde, Vitrinen
• Einbauten für den Pausenverkauf
• Einbauküchen
• Verkleidung von Fensternischen einschließlich Sitzbänken mit integrierten Aufbewahrungsfächern
• Einbauten im Speiseraum einschließlich Essensausgabe, Sitzbänken und Raumtrennelementen"
2127b926-d426-4e4b-903f-6ca78cf49240,01,,26-10171,works,,"PHV BIMA Abbruch, Neubau, Aufstockung und Sanierung Geb 4468-4470, 4472-4474 (Paket 2)

Totalunternehmerleistungen Abbruch Geb. 4473 und Neubauten Geb. 4474.1, 4474.2 und 4473",,,"Totalunternehmerleistungen Abbruch Geb. 4473 und Neubauten Geb. 4474.1, 4474.2 und 4473"
b5167006-df6c-4516-b249-954d8e8f3df2,01,,LRAMTK_AfI-2026-0021,works,,Generalsanierung Schule im Taubertal - Vergabe Blitzschutz- und Erdungsanlagen,,,Vergabe Blitzschutz- und Erdungsanlagen
74213ead-8e86-41f8-b1d4-eff6c6ab222a,01,,FB3-OSS-L10.1 Heizung Sanitär,works,,Sanierung und Erweiterung Oberschule Schmiedeberg -  Los 10.1 Heizung Sanitär,,,"Beschafft werden die Sanitär  und Heizungsanlagen für den Neubau der Oberschule Schmiedeberg gemäß LV Los 10.1, einschließlich Trinkwasser /Abwasserinstallation, 63 Stück Sanitärobjekte, Heizungsanlage mit 1740m² Fußbodenheizung, Rohrleitungsnetze sowie Wärmepumpe mit ca. 54 kW und Heizkessel/Spitzenlastkessel mit ca. 250 kW.  Lieferung, Montage, Inbetriebnahme, Funktionsprüfung und vollständige Dokumentation sind Bestandteil der Leistung."
58ff65ad-ad0d-43da-9705-373a3e18d3db,01,,621.43.5/0118,works,,Trennvorhänge,,,Trennvorhänge
c76203cb-e304-450e-ab70-f351183aeb21,01,,KROF-2026-STSD-13.16,works,,Sportgeräte,,,"Sportgeräte:
-Sprossenwand
-Multifunktionale Kletterleiter
-4-fach Kletterstangenanlage schwenkbar
-Klettertaue
-Multischaukel-Anlage
-Handballtore 2 Stk
-Basketballkörbe 6 Stk"
81db0040-7ed0-434a-947e-7113d2568512,01,,2025_802_046,works,,Ersatzneubau der Cäcilienbrücke,,,"Leistungsumfang für den Ersatzneubau der Cäcilienbrücke (Hubbrücke):
- Technische Bearbeitung (komplette Ausführungsplanung)
- Teilabbruch (Kellerrückbau)
- Lärmschutzwände, Kampfmittelsondierungen
- Spezialtiefbauarbeiten (Bohrpfähle, Spundwände, Rückverankerung mit
  Ankerpfähle, Baugrubenverbau, Wasserhaltung, Böschungssicherung, 
  Bodenanalysen, Bodenentsorgung, …)
- Faseroptisches Messsystem an Bohrpfählen
- Massiv- und Mauerwerksbau im Hoch- und Tiefbau
- Technische Ausrüstung, Verkehrstechnik, Antriebs- und Elektrotechnik sowie 
  Steuerung und Fernbedienung von beweglichen Brücken (inkl. Technischer 
  Bearbeitung)
- Maschinenbautechnische/hydraulische Ausrüstung (inkl. Technischer Bearbeitung,
  Montage, Inbetriebnahme/Probebetrieb, …)
- Stahlbrückenbau und Korrosionsschutz
- Bauwerksausstattung Brücke
- Entwässerung
- Nassbagger- und Erdarbeiten
- Dükerbau
- Sohlsicherungsarbeiten
- Leitungsbau
- Hausanschluss, Wasser- und Abwasser
- Fernmeldetechnische Anlagen"
470072e8-59d4-460e-83d7-7ef747d9690f,01,,SEHO_CFS-U_UT_01,supplies,,"Konstruktion, Auslegung, Fertigung und Montage von Wellhead Protektoren zur Absicherung von benachbarten Sonden während eines Workovers",,,"Konstruktion, Auslegung, Fertigung und Montage von Wellhead Protektoren zur Absicherung von benachbarten
Sonden während eines Workovers"
c3a9b49a-2f04-4f8c-8eb2-c8341bbafabe,01,,26-067535,works,,Lueftungstechnische Anlagen,,,"Lüftungsinstallations- und demontagearbeiten in einem Towergebäude eines militärisch genutzten Flugplatzes
1 St. Vollklimaanalge ca. 2.000 m3/h
1 St. Umluft Heiz-/Kühlgerät ca. 6.500 m3/h
2 St. Entrauchungs-Axial-Ventilatoren 800 bzw. 20.000 m3/h
ca. 600 m2 Lüftungskanäle aus verzinktem Stahlblech 
ca. 80 m2 feuerbeständige Entrauchungskanäle 
ca. 700 lfdm verzinktes Wickelfalzrohr NW 100 - 315 
ca. 40 St. Brandschutzklappen runde/rechteckige Bauform 
ca. 90 St. Einbauen in Luftleitungen
ca. 100 St. Lüftungsauslässe / Lüftungsgitter
ca. 900 m2 Demontage Lüftungskanäle aus verzinktem Stahlblech
Demontage mehrerer RLT-Anlagen Gesamtvolumen 20.000 m3/h"
ad444921-a025-4950-b270-afc0dd34dd39,01,,702. - Neubau Maschinenhalle Stahlbau,works,,Neubau Maschinenhalle Stahlbau,,,Neubau Maschinenhalle Stahlbau
b86b2a2d-f22f-4843-9c9e-47873e5a5838,01,,ASV_ABT44-2026-0001,works,,"Straßenerhaltung 2026, Paket 2",,,Rahmenvereinbarung Sanierung von Pflasterdecken und Rinnen
5d148dca-836a-4cbe-8ad5-ef933ebbaa3b,01,,On-/offshore Cable Jointing Services & Offshore Cable Repair Logistic Services,services,,On-/offshore Cable Jointing Services & Offshore Cable Repair Logistic Services,752000000,EUR,"Conclusion of multi-year framework agreement(s) with call-offs for offshore HV cable repair logistics services and On-/offshore Cable Jointing Services on existing AC high-voltage cable systems. Quantities and timing cannot be determined in advance and depend on operational needs.

Procedure set-up: Joint procurement by 50Hertz Transmission GmbH and Elia Asset S.A.; the procurement is divided into six (6) lots. The intended framework term is six (6) years with an option to extend by up to two (2) years.

Call-off & invoicing: (Lots 1–5 – 50Hertz Lots): Call-offs may be issued by 50Hertz Transmission GmbH, 50Hertz Connectors GmbH and 50Hertz Offshore GmbH. Invoices shall be issued to the entity placing the relevant call-off.

Call-off & invoicing (Lot 6 – Elia Lot): Contracting entity and call-off beneficiary is Elia Asset S.A. Call-offs shall be issued by Elia Asset S.A. Invoices shall be issued to Elia Asset S.A.

Lots 1–3 (50Hertz) – Offshore HV Cable Repair Logistics Services (Baltic Sea assets): Offshore logistics and engineering services including repair preparedness/response, engineering and execution support for offshore cable repair works, mobilisation/demobilisation, provision of vessels/tools/equipment and qualified personnel, handling/transport of cable accessories and repair-related equipment, and operational/interface support during repair interventions. Asset allocation per Lot is defined in the tender documents.

• Lots 4–5 (50Hertz) – Onshore/Offshore HV Cable Jointing Services: Onshore and offshore jointing works for repair interventions including provision of required tools/equipment/consumables (excluding free-issued items where applicable), deployment and supervision of qualified personnel, pre-engineering of fault scenarios, and interface coordination. Asset allocation per Lot is defined in the tender documents.


Lot 6 (Elia) – Offshore HV Cable Jointing Services: Offshore jointing works for repair interventions including provision of required tools/equipment/consumables, deployment and supervision of qualified personnel, and  documentation and coordination with other contractors. Contracting entity and call-off beneficiary: Elia Asset S.A. Further details for Lot 6 are defined in the tender documents.

OEM/warranty constraints: Where warranty, OEM or compatibility requirements apply for certain systems, the relevant conditions shall be implemented as contract performance requirements at call-off level."
8ec97d74-8d96-4e6a-a0e8-c75d7647570b,01,,26FEI86820,works,,Rahmenvereinbarung für Instandsetzungsleistungen an Telekommunikation Freileitungen,,,"Rahmenvereinbarung für
Instandsetzungsleistungen an
Telekommunikation Freileitungen
max. 200.000,00 EUR pro Einzelabruf

Die InfraGO AG, Geschäftsbereich Fahrweg und die DB RegioNetz Infrastruktur GmbH beabsichtigen stellvertretend für verschiedene Gesellschaften der Deutschen Bahn AG einen Rahmenvertrag für Instandsetzungsleistungen an Telekommunikation Freileitungen auszuschreiben."
90f332ed-04ca-467f-9af8-5e6e8e9ac165,01,,110_020_015-03-015,works,,Revitalisierung Vitos KJK Marburg - Holzinnentüren,,,Holzinnentüren für das Bauvorhaben Revitalisierung der Vitos Kinder- und Jugendklinik für psychische Gesundheit in Marburg
e9684303-556d-4be9-b2f7-525e90f7aa61,01,,715/22353 - M302,works,,SEB Anbau Bettenhaus II - Altersmedizin / Aufstockung - Dachabdichtungs- und Klempnerarbeiten,,,"Die Maßnahme ist in drei Abschnitte untergliedert:  Abschnitt 1 - Erweiterungsbaukörper Bettenhaus ""UG bis 1.OG Abschnitt 2 - Erweiterungsbaukörper Bettenhaus ""2.OG Abschnitt 3 - Abbrucharbeiten Klinkerfassade ""EG bis 7.OG"
b6497276-a5eb-4c66-ac56-f86604960788,01,,StBo_ZVS2_2026_0118_OV_ZD,works,,"Lüftungsinstallation, Neubau Freiwillige Feuerwehr Bochum-Heide, Märkische Str. 11a, 44866 Bochum",,,"Neubau Freiwillige Feuerwehr Bochum-Heide, Märkische Str. 11a, 44866 Bochum  - Lüftungsinstallation -"
01a0a444-1c07-471e-b755-941f4becd2ee,01,,LDL-26-048-SBO,supplies,,"Neubau eines KV-Terminals im Hafen Riesa, Alter Hafen - Los 6 - Umschlagtechnik",,,"Neubau eines KV-Terminals im Hafen Riesa, Alter Hafen - Los 6 - Umschlagtechnik"
1594f91b-44f6-456a-a325-ad98833404bc,01,,KROF-2026-STSD-13.15,works,,Prallwand,,,"Prallwand

Prallwand Akustik / Holzlamellen Sporthalle ca. 210 m²
Textile Prallwand Bewegungsraum ca. 70 m²
Spiegelwand ca. 35 m²
Geräteraumtore 2 Stk.
Innentür 2-flg. 1 Stk"
dc92350b-924f-472a-8ea4-53cee8ca4be7,01,,107_3-4400-01 Elektroinstallation Starkstrom BT C+D,works,,Neubau kbo-Inn-Salzach-Klinikum - Errichtung Pflegegebäude BT C + D-107_3-4400 Elektro Starkstrom,,,Neubau kbo-Inn-Salzach-Klinikum - Errichtung Pflegegebäude BT C + D
8850e2ed-8211-4877-8ce3-ab6cabf3515f,01,,2026-0259,works,,"2026-0259, Betonsanierungsarbeiten, Sanierung Festhalle-Opladen, Opladener Platz 5a, 51379 Leverkusen",,,"Betonsanierungsarbeiten, Sanierung Festhalle-Opladen, Opladener Platz 5a, 51379 Leverkusen

Gemäß den Fördermittelbestimmungen ist bei der zu erbringenden Leistung der Grundsatz  ""Energieeffizienz an erster Stelle"" zu beachten."
625720a2-3dcb-4a88-b391-48aa63d0a10f,01,,StBo_ZVS2_2026_0119_OV_ZD,works,,"Metallbauarbeiten  DIN 18360, Brandschutztechnische Sanierung und Erweiterung der Paul-Dohrmann-Schule, Hiltroper Str. 53  44807 Bochum",,,"Brandschutztechnische Sanierung und Erweiterung der Paul-Dohrmann-Schule, Hiltroper Str. 53  44807 Bochum  - Metallbauarbeiten  DIN 18360-"
2f3259ec-494a-445b-8973-8e88ea4d982b,01,,LRAMTK_AfI-2026-0015,works,,Generalsanierung Schule im Taubertal - Vergabe Wärmeversorgungsanlage,,,Vergabe Wärmeversorgungsanlage
8d4a29da-6d95-436d-a0f7-26429bbf0f10,01,,202601466,works,,"Kabeltiefbau ESTW, Neubau Gleis 5 inkl. OLA, Gleis- und Weichenerneuerung Schönefeld",,,"Bauleistung für den Komplex Schönefeld 2027/28 bestehend aus dem Neubau ESTW-A Schönefeld (BFHS), Neubau Gleis 5, Gleis- und Weichenerneuerung.

Los 1: Oberbau & Kabeltiefbau
Los 2: Ausrüstungstechnik ESTW & Gleis 5
Los 3: OLA

Das ESTW Schönefeld ist Voraussetzung für die ETCS-Ausrüstung im Korridor Erkner-Seddin. Die ETCS-Ausrüstung ist jedoch NICHT Bestandteil dieser Baumaßnahme.
Das Gleis 5 (740m Nutzlänge, 4 neue Weichen) wird reaktiviert und gemeinsam mit dem ESTW in Betrieb genommen.
Zeitgleich werden im Bahnhof Schönefeld 8 Weichen und ca. 2,5km Gleis erneuert."
915313db-1a99-4a68-802f-f0707033240b,01,,FB 24-B-2026-068,works,,"VWG Am Stadion 5, 2. BA, Maler- und Lackierarbeiten",,,Los 4.1 Maler- und Lackierarbeiten
ed6675ff-7b24-4be8-8fe8-77d6714633f2,01,,51-2603-102,works,,"Realschule Eggenfelden BA 5, Innentüren",,,"Realschule Eggenfelden, Bauabschnitt 5, Innentüren"
09b85bf3-4637-4ffe-b72a-f4a851f18c50,01,,LRAMTK_AfI-2026-0016,works,,"Generalsanierung Schule im Taubertal - Vergabe Erd-, Maurer- und Betonarbeiten",,,"Erd-, Maurer- und Betonarbeiten"
f9dc1e05-3689-41bc-b82b-4ebe5fc1ffb5,01,,Landschaftsbauarbeiten,works,,Landschaftsbauarbeiten,,,"Für das Projekt Neubau einer Mittagsbetreuung und Erweiterung, sowie barrierefreie Erschließung des Hauptgebäudes der Grundschule Adelsried werden Bauleistungen erforderlich: Trockenbau"
5cff7c10-1e0e-4abe-8f0b-b6345a1362a0,01,,26-086745,works,,Brueckenbau und Strassenbau,,,"B62SABBD003500
B 286 ERN BW L2271 ü. B286 b. Schwebheim
Brückenbau- und Straßenbauarbeiten

Erdbau ca. 8.000 m3
Stahlbeton ca. 950 m3
Spannbeton ca. 1.000 m3
Asphaltbau ca. 3.500 m2"
50d1e5cc-c1ae-45b5-a685-505c1595d0c8,01,,LRAMTK_AfI-2026-0020,works,,Generalsanierung Schule im Taubertal - Vergabe Eigenstromversorgungsanlagen,,,Vergabe Eigenstromversorgungsanlagen
a9cb14a8-596e-478a-a3e9-d94670549370,01,,LRAMTK_AfI-2026-0019,works,,Generalsanierung Schule im Taubertal - Vergabe Elektrotechnische Anlagen,,,Vergabe Elektrotechnische Anlagen
44c726f4-e15d-43d3-84a5-0ceb2ecbff2a,01,,LRAMTK_AfI-2026-0018,works,,Generalsanierung Schule im Taubertal - Vergabe Fenster- und Sonnenschutzarbeiten,,,Fenster- und Sonnenschutzarbeiten
24f04cdc-1d87-4457-9ca5-1dfd450fe67b,01,,2026000492,works,,"Am Pferdemarkt 23-26, Neubau SÖR Betriebszentrale, Rohbauarbeiten im Außenbereich",,,"Mengenangaben in der Übersicht + / - 15 %

Hinweis: Die genauen Mengenangaben sind den Leistungstexten zu entnehmen!

1. Waschplatz mit 4 Waschstraßen: Größe ca. 450 m2

- Deckschicht aus Plattenbelag mit Fugenabdichtung ca. 400 m2
- Trennwände aus Betonwänden mit Stahlspritzschutz ca. 115 m

2. Absetzcontaineranlage mit 15 Mulden: Größe ca. 165 m2

- 15 Absetzmulden aus Beton 
- fünfteilige Stahl Überdachung der Absetzcontainer 

3. Fundamente Siloanlagen ca. 120 m2
"
4a448abd-7f1f-4052-987f-f9aea3df2fb9,01,,StBo_ZVS2_2026_0103_OV_ZD,works,,"Trockenbauarbeiten, Junggesellenstr. 8, Sanierung Verwaltungsgebäude",,,"Junggesellenstr. 8, Sanierung Verwaltungsgebäude  - Trockenbauarbeiten -"
d62756f0-2007-4111-b118-e5f44c943b18,01,,ARC_3802 - Stahlbauarbeiten Übungsturm,works,,Neubau Feuerwehrhaus Möglingen - ARC_3802 Stahlarbeiten Übungsturm,,,"Stahlbauarbeiten für den Übungsturm des neuen Feuerwehrgebäudes 
sowie die zum Gewerk gehörenden Arbeiten und Leistungen.

1 Stahltreppenturm als Feuerwehrübungsturm 
(b x l x h) ca.  3,90m x 6,13 m x 13,75 m
8 Treppenläufe / 50 Gitterroststufen ges. 
4 Zwischenpodeste ca. 1,20 m x 3,90 m 
4 Podeste ca. 1,50 m x 3,90 m
ca. 13 to Stahlprofile gesamt.
ca. 59 m² Treppengeländer
incl. statischer Berechnung"
bb722a54-0ab3-4fed-ab47-3f00b6ada783,01,,333 2026 Hü,works,,Neubau Feuerwehrgerätehaus Mitte - Elektroarbeiten,,,"Gebäudedaten
Bauwerk und Konstruktion
Tragwerk / Konstruktion
Raumbildende Bauteile
Komplettierung
Finish
Haustechnik
Technische Einrichtungen
Bezugshöhen"
5f734b5e-89a1-4d03-87e5-eb2f15ad7a35,01,,VE3-33,works,,Maler-und Lackierarbeiten,,,Im Rahmen der Sanierung der denkmalgeschützten Stadtteile Braunschweig werden Maler- und Lackiererarbeiten vergeben.
719c0678-a8c7-4e34-9073-1ea5837a8f61,01,,00 PH 2023-01/D.08 Lufttechnische Anlagen,works,,00 PH 2023-01/D.08 Lufttechnische Anlagen,,,"Installation von Lufttechnischen Anlagen für den Neubau eines gerontopsychiatrischen Pflegeheims am Standort des Klinikums Nordschwarzwald in Calw-Hirsau.
Dafür werden ungefähr benötigt:
1 Außenaufgestelltes Lüftungsgerät RLT Gerät mit Wärmerückgewinnung
ca. 1000m2 verzinkte Stahlblechkanäle
ca. 400m verzinktes Wickelfalzrohr
ca. 200 Schalldämpfer
ca. 50 Brandschutzklappen
ca. 60 Volumenstromregler
4 Split Klimageräte für Serverraum-Kühlung"
cb4cb836-775d-4166-864b-3717c808efc8,01,,900360-N440,works,,"""Zentrum für seelische Gesundheit (ZfsG)"" am Klinikum Nürnberg, Elektroarbeiten",,,"Elektroarbeiten zur Stromversorgung sowie zur strukturellen Anbindung des Zentrums für seelische Gesundheit an den vorhandenen Gegebenheiten des Klinikums Nürnberg, Campus Nord"
f44ac8af-3eef-4a35-9414-dfa76e528ad8,01,,NOO-2026-0277,works,,A10 Ersatzneubau BW57 Brücken- und Straßenbau beide RF,,,A10 Ersatzneubau BW57 Brücken- und Straßenbau beide RF
fab52f0b-58ae-47ed-bbbc-1d3829b47040,01,,650-2025-0032.17E,works,,Sanierung Hermann-Greiner-Realschule 5. BA - Aluminiumfensterbau ,,,Sanierung Hermann-Greiner-Realschule 5. BA - Aluminiumfensterbau
b34d0781-ea79-41ab-9907-370f83e79047,01,,SBH VOB OV 323-26 IE,works,,Genslerstraße 33 - Brandschutzputz,9586000,EUR,"SBH | Schulbau Hamburg hat als Landesbetrieb der Freien und Hansestadt Hamburg (nachstehend SBH genannt) die Aufgabe, die Schulimmobilien unter Berücksichtigung der schulischen Belange nach wirtschaftlichen Grundsätzen zu planen, zu bauen, zu unterhalten und zu bewirtschaften und die mehr als 400 Schulen an die Behörde für Schule und Berufsbildung (BSB) zu vermieten.  
---------------
Für die Grundschule Genslerstraße wurde ein denkmalgerechtes Sanierungskonzept entwickelt, das neben der Mängel- und Schadstoffbeseitigung zum Ziel hat, das Objekt nachhaltig, wirtschaftlich und zukunftsorientiert zu betreiben. Kern der Maßnahme ist die Sanierung nach bauphysikalischen Gesichtspunkten unter denkmalpflegerischen Aspekten, hier mit Hauptaugenmerk auf der Sanierung des Daches. Zusätzlich wird eine Außentreppe zur Verbesserung der Flucht- und Rettungswege errichtet. In den Innenräumen werden Umbaumaßnahmen vorgenommen und die abgehängten 
Decken und Bodenbeläge erneuert. Aufgrund einer umfangreichen Bestandsdeckensanierung ist die Ertüchtigung der Betonrippendecke mit einem Brandschutzputz notwendig.
---------------
Hier: Brandschutzputz
---------------
Großflächiger Auftrag von Brandschutzputz auf die Unterseite der Bestandsbetonrippendecken. Zu erreichende Qualität der Deckenkonstruktion = F90"
ff2ff8ed-94f5-47d4-9a40-d6363f5f5c5e,01,,26O70215,works,,"Universität Leipzig, Leuschnerplatz, Global Hub, Forschungsneubau",,,Los 19 Bodenbeläge Linoleum/Textil
3ee3ffd5-8ec5-4510-b21e-a9c074591fec,01,,LRAMTK_AfI-2026-0017,works,,Generalsanierung Schule im Taubertal - Vergabe Holzbauarbeiten,,,Holzbauarbeiten
a5670d06-f5c1-44a2-b02e-d00fe844880e,01,,BSZF_34440,works,,Fassadenarbeiten,,,"'- 9.100 m2 Vorgehängte Fertigteilfassade in Holzbauweise mit Holz-PR-Fensterkonstruktionen und außenliegender Holzschalung
- 1.500 m2 Holz-PR-Fassadenkonstruktionen mit Verglasungen, geschosshoch
- 100 m2 Aluminium-PR-Fassadenkonstruktionen mit Verglasungen vor Stahlbetonwänden
- 290 m2 Stahl-PR-Fassadenkonstruktionen mit Verglasungen, geschosshoch, Feuerwiderstandsklasse F90
- 31 Stk. Aluminium-Außentüren sowie 3 Stk. Falttoranlagen und 2 Stk. Karusselltüren
- 2.000 m2 GK-Vorsatzschalen an den Innenseiten der Fassaden, teilweise mit Holzverkleidung, Trennwand- und Brandschutztechnischen Anschlüsse
- 270 m2 Vorgehängte Aluminiumkassettenfassade im Untergeschoss (Treppenausgänge)
- 1.700 lfm Fluchtbalkone in Stahlbauweise mit Kragarmen, Gitterrostbelägen, Stahlblechgeländern sowie Holzblenden und Ballfangnetzen
- 2 Stk (16 lfm) Brückenkonstruktion in Stahlbauweise
- 700 lfm Stahlblechgeländer als Absturzsicherung an den Dachrändern
- 1.700 lfm Sonnenschutzarbeiten (Außenjalousien)
- 100 m2 WDVS-Arbeiten an Außenschächten
- 1.400 m2 Alu-Lamellen abgehängte Decke im Außenbereich inkl. Unterkonstruktion und Bekleidung
- Reinigungs- und Wartungsarbeiten"
e4d3e324-99ba-4975-82a6-24cd59e5aec6,01,,159_SSB_01-2026-0022,works,,"Neubau Kindertagesstätte im Stadtgebiet Sandersdorf-Brehna, OT Roitzsch - Los 19a mobile Trennwand",,,Los 19a Mobile Trennwand
7576de88-72a4-4142-9bc0-0348aef4d44f,01,,2026004865,works,,"Zeppelinstraße, Lernort Zeppelinfeld - 1_1_501 Straßenbau Verkehrsflächen - Teil 1",,,"Die Maßnahme umfasst die bauliche Instandsetzung und die Einrichtung einer Ausstellung in der Zeppelintribüne (Länge ca. 360m) und auf dem Zeppelinfeld (Maße ca. 360m x 360m) sowie den Um- und Ausbau des ehemaligen Bahnhofs Dutzendteich zum Informationspunkt mit Ticketverkauf.
Das Areal und die baulichen Anlagen stammen aus den 1930er Jahren, sind Bestandteil des ehemaligen Reichsparteitagsgeländes und stehen unter Denkmalschutz.
Die Maßnahme umfasst mehrere Bauabschnitte, geplante Fertigstellung ist im Jahr 2030.
Hier unter anderem:
Erdarbeiten, Straßenentwässerung, Kabelkanäle, Ungebundene Schichten des Oberbaus, Asphaltschichten, Pflasterdecken, Platten, Einbauten, Straßenausstattung, Vegetationsarbeiten"
c454fa91-86f5-4f3c-9109-a3bc53e13198,01,,26O70259,works,,"HTWK Leipzig, Geutebrück Bau, Generalsanierung, Funktionsneuordnung",,,Los 19 Dacharbeiten
3fdeb952-ef6e-40e5-a887-a7e2b7cf662f,01,,2026-03-46-00,works,,Samtgemeinde Lüchow (Wendland) - Neubau Grundschule in Wustrow - Los 20 Estricharbeiten,,,Los 20 Estricharbeiten
2a55e205-4e71-40a0-ac8c-75e8bb465205,01,,III.DL-216-26_EU,works,,"Gebäude 38.2, Neubau Orthopädie-OP,Erd-, Verbau-, Infrastruktur- und Rohbau-, Dachabdichtungsarbeiten",,,"Das Saarland, vertreten durch das Ministerium für Inneres, Bauen und Sport, vertreten durch das Dezernat IV des Universitätsklinikums des Saarlandes, plant den Neubau eines Orthopädie-OPs auf dem Gelände des Universitätsklinikums des Saarlandes (UKS). Die Maßnahme beinhaltet das Herstellen von ca. 1.022m2 Nutzfläche für Räumlichkeiten wie OPs, Einleitung, Aufwachbereich und Überwachung, Anästhesie, Rüstzone, Lagerbereiche, Büros sowie Nebenräume. Das Raumprogramm sieht einen 2,5-geschossigen Baukörper (UG, EG, OG) vor. Als DG wird lediglich ein Aufzugsmaschinenraum ausgebildet, der als einzelner Raum eine weitaus kleinere Fläche umfasst als das darunterliegende Geschoss. Das Gebäude wird als Massivkonstruktion mit Stahlbetondecken, Stahlbetonunterzügen, Wänden aus Stahlbeton und Stahlbetonstützen ausgeführt. Mauerwerk wird für nichttragende Trennwände im Untergeschoss geplant. Das Untergeschoss des Orthopädie-OPs ist in Ortbeton als WU-Konstruktion (Außenbauteile), mit Frischbetonverbundfolie in Sonderbauweise geplant. Für die Innenwände, sowie die weiteren Geschosse kommen Stahlbeton-Halbfertigteile zum Einsatz, z.T. als Sichtbetonflächen mit einer Schutzschicht, welche die erhöhten hygienischen Anforderungen des sterilen Bereichs erfüllt. Die Dachfläche wird als Flachdach (Umkehrdachkonstruktion) als Retentionsfläche mit extensiver Begrünung sowie mit PV-Anlage ausgeführt. Die Gebäudehülle wird umlaufend gedämmt und mit einer hinterlüfteten Fassade ausgestattet, Ausnahme an den Stellen des direkten Anschlusses an das Bestandsgebäude Haus 38.1. Es werden hochwärmegedämmte Fenster- und Außentürelemente eingesetzt. Die Fassade unterteilt sich in Keramik-, Blech- sowie WDVS-Fassade.  Projekt-Rahmendaten Nutzung: Orthopädie-OP Gebäudebezeichnung: 38.2 Standort: 66424 Homburg, Flur 4, Flurstück 850/49  TERMINE Vorbereitung: ca. Anfang Dezember 2026 Leistungsbeginn: ca. Anfang Januar 2027"
97342522-2e60-41ee-b63e-7fd68f818a0c,01,,2026-0552-JB,works,,Baufeldfreimachung - Neubau Psychiatrie,,,Baufeldfreimachung - Neubau Psychiatrie
75a604da-489d-4c11-8fa6-c21c913fafa8,01,,41/2026,works,,Access - Elektro,,,Elektro
48badf3d-488b-4187-a932-53f825f535a7,01,,26-065331,works,,Heizung Kaelte Sanitaer,,,"Heizungs-, Kälte- und Sanitärinstallationsarbeiten sowie Demontagearbeiten in einem Towergebäude eines militärisch genutzten Flugplatzes. 
ca. 650 lfdm Demontage von Stahlrohrleitungen mit Dämmung
ca. 25 St. Demontage von Sanitärgenständen
ca. 1.300 lfdm Edelstahlrohrleitungen mit Pressverbindungen DN 12 - DN 65 
ca. 15 St. Sanitärgegnstände
ca. 5 St. Stahl-Heizkörper
1 St. Trinkwasser-Druckerhöhungsanlage
ca. 15 St. Umluft Heiz-/Kühlgeräte"
655042ea-1acb-49b4-af80-c050e20f7f66,01,,107_3-4201-01 Heizungs- und Kälteinstallationen BT C+D,works,,Neubau kbo-Inn-Salzach-Klinikum - Errichtung Pflegegebäude BT C + D-107_3-4301 Lüftung BT C+D,,,Neubau kbo-Inn-Salzach-Klinikum - Errichtung Pflegegebäude BT C + D
c0fea23b-3299-4f7d-81f9-bd0dbeff808f,01,,092.31.002,works,,"Neubau 4-zgige Grundschule als Komplettleistung Karlsruher Straße / Mannheimer Straße 35, Funktionalausschreibung",,,Bauleistung mit Ausführungsplanung - Funktionalausschreibung
ef80485e-9b72-4f69-8fac-b1ca556c920b,01,,2026 803 028,works,,Kampfmittelerkundung und -räumung am Süddamm auf Helgoland,,,"Gegenstand dieser Vergabe ist eine zusammenhängende Bauleistung aus Kampfmittelerkundung, Kampfmittelräumung, flächenhafter Volumenräumung zur Hafensohlenanpassung im Bereich des Süddammes auf der Insel Helgoland."
2fef9971-9508-4941-98cb-7c449a31e82e,01,,26-307,works,,Schließanlagen BT A+B (II),,,Schließanlagen BT A+B
846aa4fb-948a-48cf-9b6f-0b9d5add1ffa,05,,A 2026/14,works,,"Grunderneuerung Linie 5 SK, Rückbau BW 07 Saaleflutbrücke bei Schkopau",,,"Die im folgenden ausgeschriebene Baumaßnahme zum Rückbau des Bauwerkes setzt sich aus nachfolgenden Bauteilgruppen zusammen:
BTG001 – Rückbau Gleisschotter
BRG002 – Rückbau Fahrleitungsmasten 
BTG003 – Rückbau Bahnstromtrasse 
BTG005 – Rückbau und Umverlegung Kommunikationsanlage 
BTG009 – Ingenieurbauwerke 
BTG050 – Ausgleichs- und Ersatzmaßnahmen    
BTG060 – Verkehrstechnik 
BTG061 – Baustelleneinrichtung

(siehe bitte auch Datei C1 U_01_Baubeschreibung)"
ed9237f6-d2c2-4613-be5a-13617329b435,02,,107_3-4101-01 Sanitärinstallation BT C+D,works,,Neubau kbo-Inn-Salzach-Klinikum - Errichtung Pflegegebäude BT C + D - 107_3-4101 Sanitär BT C+D,,,Neubau kbo-Inn-Salzach-Klinikum - Errichtung Pflegegebäude BT C + D
9c08a1ab-83d4-49e8-a1d2-0cba0d37ceaa,01,,107_3-4201-01 Heizungs- und Kälteinstallationen BT C+D,works,,Neubau kbo-Inn-Salzach-Klinikum - Errichtung Pflegegebäude BT C + D-107_3-4201 Heizung+Kälte BT C+D,,,Neubau kbo-Inn-Salzach-Klinikum - Errichtung Pflegegebäude BT C + D
f7488eee-a1ed-4f47-b78a-a9219f06abe3,1,,1663/2026,works,,"Tischlerarbeiten nach DIN 18 355 - Innentüren, VE12 - 1663/2026",,,"Tischlerarbeiten nach DIN 18 355 - Innentüren, VE12
Tischlerarbeiten bestehend aus Holzinnentüren einschl. Verglasungen und Beschlagarbeiten, Teeküchen, Ausstattung
Gegenstand der Leistung für den Neubau eines Laborgebäudes:
- 2 St 2-flügelige Holz-Innentüren T30Rs mit elektromech. Feststellanlage und Teilpanikfunktion, Abmessungen (bxh) ca. 1,885 x 2,26 m
- 4 St. 1-flg Holz-InnentürenT30RS mit Panikfunktion, Abmessungen (bxh) ca. 1,135 x 2,260 m
- 55 St. 1-flg Holz-Innentüren z. Teil mit Brandschutz, Schallschutz,
- Abmessungen (bxh) ca. 1,010 - 1,135 x ca 2,135 - 2,260 m
- 3 Stück Teeküchen mit Ober- und Unterschränken, Einbaugeräten, inkl. ca. 12,00 lfm
- 26 Stk. Metallspinde, Abmessungen (bxh) je Spind ca. 0,60 x 0,80 x 2,20 m
- 1 Stk. Schweißvorhang mit Deckenabhangschiene, Abmessungen (bxh) ca. 7,05 x 3,05 m
Ausführungszeitraum:
Ausführungsbeginn (Start W+M-Planung): 11/2026
Ausführungsende: 06/2027
Die Vergabestelle weist darauf hin, dass zur Gewährleistung eines zügigen Verfahrens
nur rechtzeitig bei der Vergabestelle eingegangene Bieteranfragen beantwortet.
Fristende: 06.10.2026
ACHTUNG
Die Vergabeunterlagen können unentgeltlich, uneingeschränkt, vollständig und direkt
unter www.evergabe-online.de abgerufen werden. Es besteht keine Pflicht zur
Registrierung auf der Vergabeplattform. Über Änderungen der Vergabeunterlagen,
Nachsendungen,Bieterfragen, Antwortschreiben u.ä. werden Sie jedoch nur bei
vorheriger Registrierungautomatisch unterrichtet.
Andernfalls sind Sie verpflichtet, sich eigenständig die erforderlichen Informationen zu
verschaffen.
„Informationen zur Datenerhebung gemäß Artikel 13 Datenschutz-Grundverordnung
(DSGVO) sind den Vergabeunterlagen aus dem beiliegenden Informationsblatt zu
entnehmen“."
25826982,1,,,,,Neubau Behelfsbahnsteige mit Personenüberführung/VA Schwindegg,,,"Provisorischer Außenbahnsteig VST Thann-Matzbach
Errichten eines temporären Bahnsteigs mit einer Höhe von 55 cm über SO und einer Baulänge von 250 m sowie einer Bahnsteigbreite von 2,75 m in Modulbauweise. Neubau von zwei Wetterschutzanlagen und einer Personenüberführung mit einer lichten Weite von 16,5 m sowie Treppenaufgängen.

Neubau Behelfsbahnsteige mit Personenüberführung/VA Schwindegg"
25818322,2,,,,,Bau eines RKW-Nebenanschlussgleises mit Bahnannahmegebäude und zwei Lagersilos,,,"Los 3 - Stahlbau-, Dach- und Wandarbeiten

Bau eines RKW-Nebenanschlussgleises mit Bahnannahmegebäude und zwei Lagersilos"
25822876,1,,,,,Öffentliche Ausschreibung der Lieferung und Montage von Innentüren an der Schule Hiddinghausen für den Ennepe-Ruhr-Kreis,,,"Stahlbauarbeiten an der Schule Hiddinghausen für den Ennepe-Ruhr-Kreis

Öffentliche Ausschreibung der Lieferung und Montage von Innentüren an der Schule Hiddinghausen für den Ennepe-Ruhr-Kreis"
25822880,1,,,,,Energetische Sanierung Turnhalle GOBS Börgermoor,,,"Elektroarbeiten

Energetische Sanierung Turnhalle GOBS Börgermoor"
25822884,1,,,,,Rathauskomplex - Beleuchtungsumstellung auf LED Teil 1,,,"Elektroinstallationsarbeiten - Beleuchtungsumstellung auf LED

Rathauskomplex - Beleuchtungsumstellung auf LED Teil 1"
25822892,1,,,,,Gemeinde Laer - Neubau Umkleidegebäude - Fliesenlegerarbeiten,,,"Fliesenlegerarbeiten

Gemeinde Laer - Neubau Umkleidegebäude - Fliesenlegerarbeiten"
25822900,1,,,,,Energetische Sanierung Turnhalle GOBS Börgermoor,,,"Heizung/Lüftung/Sanitär

Energetische Sanierung Turnhalle GOBS Börgermoor"
25822904,1,,,,,"Asphaltarbeiten, Deckenüberzug Konrad-Adenauer-Ring, Kreuzung Moselstraße",,,"Asphaltarbeiten, Deckenüberzug Konrad-Adenauer-Ring, Kreuzung Moselstraße

Asphaltarbeiten, Deckenüberzug Konrad-Adenauer-Ring, Kreuzung Moselstraße"
25822908,1,,,,,Neubau Jugendzentrum in 76863 Herxheim; PV-Anlage,,,"PV-Anlage

Neubau Jugendzentrum in 76863 Herxheim; PV-Anlage"
25822912,1,,,,,"Tarmstedt, Gewerk 2 Brunnenstation für HB 6N",,,"Gewerk 2 Brunnenstation

Tarmstedt, Gewerk 2 Brunnenstation für HB 6N"
25822916,1,,,,,BA CatLab Photovoltaik,,,"Photovoltaikinstallation

BA CatLab Photovoltaik"
25822920,1,,,,,"Abbruch des Werkstattgebäudes mit Sozial-, Lager- und Büroräumen auf dem ZKW-Gelände",,,"Baufeldfreimachung inkl. Gebäudeschadstoffsanierung, Entkernung und Rückbau eines Werkstattgebäudes mit Sozial-, Lager- und Büroräumen

Abbruch des Werkstattgebäudes mit Sozial-, Lager- und Büroräumen auf dem ZKW-Gelände"
25822924,1,,,,,Sanierung und Anbau Festhalle Oberkirchen - Schwingboden Bühnenbereich,,,"Schwingboden Bühnenbereich

Sanierung und Anbau Festhalle Oberkirchen - Schwingboden Bühnenbereich"
25822928,1,,,,,Sanierung und Anbau Festhalle Oberkirchen - Brandschutzvorhänge,,,"Brandschutzvorhänge

Sanierung und Anbau Festhalle Oberkirchen - Brandschutzvorhänge"
25822932,1,,,,,Deutzer Brücke – Kabelzug Speisemaste und Masterneuerung,,,"Deutzer Brücke – Kabelzug Speisemaste und Masterneuerung

Deutzer Brücke – Kabelzug Speisemaste und Masterneuerung"
25822952,1,,,,,Gemeinde Löcknitz - Erneuerung der Laufbahn auf dem Sportplatz,,,"Erneuerung Laufbahn Sportplatz

Gemeinde Löcknitz - Erneuerung der Laufbahn auf dem Sportplatz"
25822956,1,,,,,"DLR Krummendeich, 21732 Krummendeich: Experimentalturbine - Kabelinfrastruktur (26-0280_B)",,,"Kabelinfrastruktur

DLR Krummendeich, 21732 Krummendeich: Experimentalturbine - Kabelinfrastruktur (26-0280_B)"
25822964,1,,,,,BV Beräumung ehem. RAW-Gelände Stadt Malchin,,,"Abriss- und Entsorgungsarbeiten

BV Beräumung ehem. RAW-Gelände Stadt Malchin"
25822852,1,,,,,Neubau Brunnen HB 6N - Wasserwerk Tarmstedt,,,"Brunnenbau

Neubau Brunnen HB 6N - Wasserwerk Tarmstedt"
25822856,1,,,,,Sanierung Zufahrt und Eingangsbereich Abfallentsorgungsanlage Höfer,,,"Sanierung Zufahrt und Eingangsbereich Abfallentsorgungsanlage Höfer

Sanierung Zufahrt und Eingangsbereich Abfallentsorgungsanlage Höfer"
25825368,1,,,,,Öffentliche Ausschreibung der Lieferung und Montage von Innentüren an der Schule Hiddinghausen für den Ennepe-Ruhr-Kreis,,,"Stahlbauarbeiten an der Schule Hiddinghausen für den Ennepe-Ruhr-Kreis

Öffentliche Ausschreibung der Lieferung und Montage von Innentüren an der Schule Hiddinghausen für den Ennepe-Ruhr-Kreis"
25825372,1,,,,,Energetische Sanierung Turnhalle GOBS Börgermoor,,,"Elektroarbeiten

Energetische Sanierung Turnhalle GOBS Börgermoor"
25825376,1,,,,,Rathauskomplex - Beleuchtungsumstellung auf LED Teil 1,,,"Elektroinstallationsarbeiten - Beleuchtungsumstellung auf LED

Rathauskomplex - Beleuchtungsumstellung auf LED Teil 1"
25825384,1,,,,,Gemeinde Laer - Neubau Umkleidegebäude - Fliesenlegerarbeiten,,,"Fliesenlegerarbeiten

Gemeinde Laer - Neubau Umkleidegebäude - Fliesenlegerarbeiten"
25825392,1,,,,,Energetische Sanierung Turnhalle GOBS Börgermoor,,,"Heizung/Lüftung/Sanitär

Energetische Sanierung Turnhalle GOBS Börgermoor"
25825396,1,,,,,"Asphaltarbeiten, Deckenüberzug Konrad-Adenauer-Ring, Kreuzung Moselstraße",,,"Asphaltarbeiten, Deckenüberzug Konrad-Adenauer-Ring, Kreuzung Moselstraße

Asphaltarbeiten, Deckenüberzug Konrad-Adenauer-Ring, Kreuzung Moselstraße"
25825400,1,,,,,"Tarmstedt, Gewerk 2 Brunnenstation für HB 6N",,,"Gewerk 2 Brunnenstation

Tarmstedt, Gewerk 2 Brunnenstation für HB 6N"
25825404,1,,,,,BA CatLab Photovoltaik,,,"Photovoltaikinstallation

BA CatLab Photovoltaik"
25825408,1,,,,,"Abbruch des Werkstattgebäudes mit Sozial-, Lager- und Büroräumen auf dem ZKW-Gelände",,,"Baufeldfreimachung inkl. Gebäudeschadstoffsanierung, Entkernung und Rückbau eines Werkstattgebäudes mit Sozial-, Lager- und Büroräumen

Abbruch des Werkstattgebäudes mit Sozial-, Lager- und Büroräumen auf dem ZKW-Gelände"
25825412,1,,,,,Sanierung und Anbau Festhalle Oberkirchen - Schwingboden Bühnenbereich,,,"Schwingboden Bühnenbereich

Sanierung und Anbau Festhalle Oberkirchen - Schwingboden Bühnenbereich"
25825416,1,,,,,Sanierung und Anbau Festhalle Oberkirchen - Brandschutzvorhänge,,,"Brandschutzvorhänge

Sanierung und Anbau Festhalle Oberkirchen - Brandschutzvorhänge"
25825420,1,,,,,Deutzer Brücke ? Kabelzug Speisemaste und Masterneuerung,,,"Deutzer Brücke ? Kabelzug Speisemaste und Masterneuerung

Deutzer Brücke ? Kabelzug Speisemaste und Masterneuerung"
25825432,1,,,,,"DLR Krummendeich, 21732 Krummendeich: Experimentalturbine - Kabelinfrastruktur (26-0280_B)",,,"Kabelinfrastruktur

DLR Krummendeich, 21732 Krummendeich: Experimentalturbine - Kabelinfrastruktur (26-0280_B)"
25825440,1,,,,,BV Beräumung ehem. RAW-Gelände Stadt Malchin,,,"Abriss- und Entsorgungsarbeiten

BV Beräumung ehem. RAW-Gelände Stadt Malchin"
25821438,2,,,,,Bau eines RKW-Nebenanschlussgleises mit Bahnannahmegebäude und zwei Lagersilos,,,"Los 3 - Stahlbau-, Dach- und Wandarbeiten

Bau eines RKW-Nebenanschlussgleises mit Bahnannahmegebäude und zwei Lagersilos"
25825348,1,,,,,Neubau Brunnen HB 6N - Wasserwerk Tarmstedt,,,"Brunnenbau

Neubau Brunnen HB 6N - Wasserwerk Tarmstedt"
25825352,1,,,,,Sanierung Zufahrt und Eingangsbereich Abfallentsorgungsanlage Höfer,,,"Sanierung Zufahrt und Eingangsbereich Abfallentsorgungsanlage Höfer

Sanierung Zufahrt und Eingangsbereich Abfallentsorgungsanlage Höfer"
25817140,2,,,,,Errichtung Feststeg und Schutzpfähle,,,"Errichtung einer Feststeganlage mit Haltepfählen und Einbringung von Schutzpfählen vor den Vorhangplatten

Errichtung Feststeg und Schutzpfähle"
25635804,1,,,,,Neubau Jugendzentrum in 76863 Herxheim; PV-Anlage,,,"PV-Anlage

Neubau Jugendzentrum in 76863 Herxheim; PV-Anlage"
25750966,2,,,,,Gemeinde Löcknitz - Erneuerung der Laufbahn auf dem Sportplatz,,,"Erneuerung Laufbahn Sportplatz

Gemeinde Löcknitz - Erneuerung der Laufbahn auf dem Sportplatz"
25744564,2,,,,,Rahmenvertrag 2026-2028 Gewerk: Zimmerarbeiten LB 634,,,Rahmenvertrag 2026-2028 Gewerk: Zimmerarbeiten LB 634
25723776,3,,,,,Bau LSW Neukieritzsch,,,"Bauleistungen zur Errichtung von drei Lärmschutzwänden (LSW 1?3) im Bereich Neukieritzsch an den Strecken 6362 und 6385 im Rahmen des Lärmsanierungsprogramms an bestehenden Schienenwegen des Bundes ? Vergabe in einem Gesamtlos.

Bau LSW Neukieritzsch"
25823454,1,,,,,"Baustelleneinrichtung, Ergänzungsbau Grundschule Müncheberg",,,"Baustelleneinrichtung, Ergänzungsbau Grundschule Müncheberg"
25719552,1,,,,,VB_27_GE_ GOS Winden-Grenze Frankreich,,,"27_Winden-Grenze Frankreich
3.620 m Gleiserneuerung ohne Schiene maschinell, 312 m Gleiserneuerung ohne Schiene konventionell, 31,3 m Planumsverbesserung mit vollständiger Bettungserneuerung (konventionell), Bettungsreinigung (maschinell). einschl. Sicherungsleistungen (Verbundvergabe) und IH-Arbeiten

VB_27_GE_ GOS Winden-Grenze Frankreich"
25823356,1,,,,,Techniker Krankenkasse München - Schlosserarbeiten,,,Techniker Krankenkasse München - Schlosserarbeiten
25823352,1,,,,,Techniker Krankenkasse München - Fassadenarbeiten,,,Techniker Krankenkasse München - Fassadenarbeiten
25827156,1,,,,,Ersterschließung Tiefbau,,,"Tiefbau und Entwässerungskanalarbeiten, Verkehrswegebau-, Asphaltarbeiten, Erdbauarbeiten, Baustelleneinrichtung"
25822756,1,,,,,Tischlerarbeiten,,,"a) Öffentlicher Auftraggeber (Vergabestelle)

Name und Anschrift:
HANSEAT Verein für Wassersport e.V.
Kaemmererufer 28
22303 Hamburg
Telefon:
Fax:
E-Mail:
hanseat@kvlgroup.com
Internet:

b)

Vergabeverfahren:
Öffentliche Ausschreibung, VOB/A
Vergabenummer:
037_KVL_01-2026-0009

c) Angaben zum elektronischen Vergabeverfahren und zur Ver- und Entschlüsselung der Unterlagen

Zugelassene Angebotsabgabe
elektronisch
in Textform

d) Art des Auftrags

Ausführung von Bauleistungen

e) Ort der Ausführung

22303

f) Art und Umfang der Leistung, ggf. aufgeteilt nach Losen

Art der Leistung:
Tischlerarbeiten, u.a. Innentüren, Einbauten, Küche
Umfang der Leistung:
Tischlerarbeiten, u.a. Innentüren, Einbauten, Küche

g) Angaben über den Zweck der baulichen Anlage oder des Auftrags, wenn auch Planungsleistungen gefordert werden

Zweck der baulichen Anlage:
Zweck des Auftrags:

h) Aufteilung in Lose (Art und Umfang der Lose siehe Buchstabe f)

Vergabe nach Losen:
Nein

i) Ausführungsfristen

Beginn der Ausführung:
Fertigstellung oder Dauer der Leistungen:
weitere Fristen:

j) Nebenangebote

nicht zugelassen

k) mehrere Hauptangebote

nicht zugelassen

l) Bereitstellung/Anforderung der Vergabeunterlagen

Vergabeunterlagen werden elektronisch zur Verfügung gestellt
unter:
https://www.evergabe.de/unterlagen/54321-Tender-19fcd12c4da-11672c7a9ea2ffac
Maßnahmen zum Schutz vertraulicher Informationen:
Nein
Nachforderung:
Fehlende Unterlagen, deren Vorlage mit dem Angebot gefordert war, werden nachgefordert

o) Ablauf der Angebotsfrist

am:
06.10.2026
um:
10:00 Uhr
Ablauf der Bindefrist am:
07.12.2026

p)

Adresse für elektronische Angebote (URL): https://www.evergabe.de
Anschrift für schriftliche Angebote: -ENTFÄLLT- (es sind ausschließlich elektronische Angebote zugelassen)

q) Sprache, in der die Angebote abgefasst sein müssen

Deutsch

r) Zuschlagskriterien

nachfolgende Zuschlagskriterien, ggf. einschl. Gewichtung:
Niedrigster Preis

s) Eröffnungstermin

Der Eröffnungstermin entfällt, es sind ausschließlich elektronische Angebote zugelassen.
Ort:
Hamburg
Personen, die bei der Eröffnung anwesend sein dürfen:

t) geforderte Sicherheiten



u) Wesentliche Finanzierungs- und Zahlungsbedingungen und/oder Hinweise auf die maßgeblichen Vorschriften, in denen sie enthalten sind



v) Rechtsform der/Anforderung an Bietergemeinschaften

gesamtschuldnerisch haftend

w) Beurteilung der Eignung

Präqualifizierte Unternehmen führen den Nachweis der Eignung durch den Eintrag in die Liste des Vereins für die Präqualifikation von Bauunternehmen e.V. (Präqualifikationsverzeichnis). Bei Einsatz von Nachunternehmen ist auf gesondertes Verlangen nachzuweisen, dass diese präqualifiziert sind oder die Voraussetzung für die Präqualifikation erfüllen.
Nicht präqualifizierte Unternehmen haben als vorläufigen Nachweis der Eignung mit dem Angebot das ausgefüllte Formblatt ''Eigenerklärung zur Eignung'' vorzulegen. Bei Einsatz von Nachunternehmen sind auf gesondertes Verlangen die Eigenerklärungen auch für diese abzugeben. Sind die Nachunternehmen präqualifiziert, reicht die Angabe der Nummer, unter der diese in der Liste des Vereins für die Präqualifikation von Bauunternehmen e.V. (Präqualifikationsverzeichnis) geführt werden.
Gelangt das Angebot in die engere Wahl, sind die Eigenerklärungen (auch die der Nachunternehmen) auf gesondertes Verlangen durch Vorlage der in der ''Eigenerklärung zur Eignung'' genannten Bescheinigungen zuständiger Stellen zu bestätigen. Bescheinigungen, die nicht in deutscher Sprache abgefasst sind, ist eine Übersetzung in die deutsche Sprache beizufügen.
Das Formblatt 'Eigenerklärung zur Eignung' ist erhältlich:
Siehe Vergabeunterlagen
Darüber hinaus hat der Bieter zum Nachweis seiner Fachkunde folgende Angaben gemäß § 6a Abs. 3 VOB/A zu machen:

x) Nachprüfung behaupteter Verstöße

Nachprüfungsstelle (§ 21 VOB/A):
Vergabekammer bei der Behörde für Stadtentwicklung und Wohnen Hamburg
Neuenfelder Straße 19
21109 Hamburg

y) Sonstige Angaben




Tischler/ Innenausbau/ Einbaumöbel,Fenster/ Türen (Holz),Türen (Rauchschutz/ Brandschutz),Großküchen-/ Hotellerietechnik"
25822708,1,,,,,Neubau RW Kirchberg - Los 03 - Gerüstbauarbeiten,,,"a) Öffentlicher Auftraggeber (Vergabestelle)

Name und Anschrift:
Rettungszweckverband ""Südwestsachsen""
Poeppigstraße 6
08529 Plauen
Telefon:
+49 37415470
Fax:
+49 3741547111
E-Mail:
vergabe@rettzv-sws.de
Internet:
https://www.rettzv-sws.de/

b)

Vergabeverfahren:
Öffentliche Ausschreibung, VOB/A
Vergabenummer:
IM001_ML_Ö_2026_06-L003

c) Angaben zum elektronischen Vergabeverfahren und zur Ver- und Entschlüsselung der Unterlagen

Zugelassene Angebotsabgabe
elektronisch
in Textform
mit fortgeschrittener/m Signatur/Siegel
mit qualifizierter/m Signatur/Siegel

d) Art des Auftrags

Ausführung von Bauleistungen

e) Ort der Ausführung

08107 Kirchberg

f) Art und Umfang der Leistung, ggf. aufgeteilt nach Losen

Art der Leistung:
Los 03 - Gerüstbauarbeiten
Umfang der Leistung:
Die Leistung des vorliegenden Leistungsverzeichnisses
umfasst unter Anderem nachfolgende Arbeiten:
Arbeits- und Schutzgerüst als Standgerüst, längenorientiert ca. 880 m³
Fanggerüst ca. 130 m
Arbeits- und Schutzgerüst als Raumgerüst, flächenorientiert ca. 1.430 m³
Gerüstverbreiterung mit Konsolen ca. 800 m
Vorgebauter Treppenturm ca. 1 Stück
Treppenaufgang einläufig ca. 3 Stück
Überbrückungen ca. 24 Stück

g) Angaben über den Zweck der baulichen Anlage oder des Auftrags, wenn auch Planungsleistungen gefordert werden

Zweck der baulichen Anlage:
Rettungswache für Rettungsdienst/Krankentransport
Zweck des Auftrags:
Gerüstbauarbeiten

h) Aufteilung in Lose (Art und Umfang der Lose siehe Buchstabe f)

Vergabe nach Losen:
Nein

i) Ausführungsfristen

Beginn der Ausführung:
23.11.2026
Fertigstellung oder Dauer der Leistungen:
20.08.2027
weitere Fristen:
Es ist geplant, das Gerüst ab ca. Mitte/Ende November 2026 baubegleitend zu errichten.

j) Nebenangebote

nur in Verbindung mit einem Hauptangebot zugelassen

k) mehrere Hauptangebote

nicht zugelassen

l) Bereitstellung/Anforderung der Vergabeunterlagen

Vergabeunterlagen werden elektronisch zur Verfügung gestellt
unter:
https://www.evergabe.de/unterlagen/54321-Tender-1a0a4839598-337f3333c71dc7f1
Maßnahmen zum Schutz vertraulicher Informationen:
Nein
Nachforderung:
Fehlende Unterlagen, deren Vorlage mit dem Angebot gefordert war, werden teilweise nachgefordert
und zwar folgende Unterlagen: Es werden keine Unterlagen die zur Preisbildung notwendig sind nachgefordert, d.h. es dürfen ausschließlich Zertifikate, Datenblätter o. ä. und nur auf Anforderung nachgereicht werden.

o) Ablauf der Angebotsfrist

am:
16.10.2026
um:
10:00 Uhr
Ablauf der Bindefrist am:
20.11.2026

p)

Adresse für elektronische Angebote (URL): https://www.evergabe.de
Anschrift für schriftliche Angebote: -ENTFÄLLT- (es sind ausschließlich elektronische Angebote zugelassen)

q) Sprache, in der die Angebote abgefasst sein müssen

Deutsch

r) Zuschlagskriterien

nachfolgende Zuschlagskriterien, ggf. einschl. Gewichtung:
Niedrigster Preis

s) Eröffnungstermin

Der Eröffnungstermin entfällt, es sind ausschließlich elektronische Angebote zugelassen.
Ort:
Geschäftsstelle RettZV SWS
Poeppigstraße 6
08529 Plauen
Personen, die bei der Eröffnung anwesend sein dürfen:
nicht zutreffend

t) geforderte Sicherheiten

nicht zutreffend

u) Wesentliche Finanzierungs- und Zahlungsbedingungen und/oder Hinweise auf die maßgeblichen Vorschriften, in denen sie enthalten sind

Gemäß §16 VOB/B in der aktuellen Fassung

v) Rechtsform der/Anforderung an Bietergemeinschaften

gesamtschuldnerisch haftend mit bevollmächtigtem Vertreter

w) Beurteilung der Eignung

Präqualifizierte Unternehmen führen den Nachweis der Eignung durch den Eintrag in die Liste des Vereins für die Präqualifikation von Bauunternehmen e.V. (Präqualifikationsverzeichnis). Bei Einsatz von Nachunternehmen ist auf gesondertes Verlangen nachzuweisen, dass diese präqualifiziert sind oder die Voraussetzung für die Präqualifikation erfüllen.
Nicht präqualifizierte Unternehmen haben als vorläufigen Nachweis der Eignung mit dem Angebot das ausgefüllte Formblatt ''Eigenerklärung zur Eignung'' vorzulegen. Bei Einsatz von Nachunternehmen sind auf gesondertes Verlangen die Eigenerklärungen auch für diese abzugeben. Sind die Nachunternehmen präqualifiziert, reicht die Angabe der Nummer, unter der diese in der Liste des Vereins für die Präqualifikation von Bauunternehmen e.V. (Präqualifikationsverzeichnis) geführt werden.
Gelangt das Angebot in die engere Wahl, sind die Eigenerklärungen (auch die der Nachunternehmen) auf gesondertes Verlangen durch Vorlage der in der ''Eigenerklärung zur Eignung'' genannten Bescheinigungen zuständiger Stellen zu bestätigen. Bescheinigungen, die nicht in deutscher Sprache abgefasst sind, ist eine Übersetzung in die deutsche Sprache beizufügen.
Das Formblatt 'Eigenerklärung zur Eignung' ist erhältlich:
Es sind die individuellen Eigenerklärungs-Vordrucke des RettZV SWS aus den Vergabeunterlagen zu nutzen.
Darüber hinaus hat der Bieter zum Nachweis seiner Fachkunde folgende Angaben gemäß § 6a Abs. 3 VOB/A zu machen:

x) Nachprüfung behaupteter Verstöße

Nachprüfungsstelle (§ 21 VOB/A):
Referat 39 - Landesdirektion Sachsen
Altchemnitzer Straße 41
09105 Chemnitz

y) Sonstige Angaben




Gerüste (allgemein)"
25823406,1,,,,,"VE 22 Freianlagen, Stadtteilbibliothek &quot;Am Stern&quot; 14480 Potsdam",,,"VE 22 Freianlagen, Stadtteilbibliothek &quot;Am Stern&quot; 14480 Potsdam"
25823012,1,,,,,"Zollamt Soltau, Neubau eines Zollamtes, Errichtung Gefahrenmelde- und Alarmanlage",,,"Zollamt Soltau, Neubau eines Zollamtes, Errichtung Gefahrenmelde- und Alarmanlage"
25825852,1,,,,,26T0218 (LBB NL Idar-Oberstein) LB 680 - Heizanlagen und Zentrale Wassererwärmungsanlagen  RHK,,,26T0218 (LBB NL Idar-Oberstein) LB 680 - Heizanlagen und Zentrale Wassererwärmungsanlagen  RHK
25822632,1,,,,,Neubau kommunaler Bauhof - Los 4: Malerarbeiten,,,"a) Auftraggeber:  Offizielle Bezeichnung: Stadtverwaltung Pirna; Bereich/Abteilung: Fachdienst Stadtsanierung, Förderung &amp;amp;amp; Vergabe; Straße, Hausnummer: Am Markt 1/2; Postleitzahl: 01796; Ort: Pirna; Land: DE; Telefon: +49 3501556356; Internet-Adresse: www.pirna.de; E-Mail: stefan.weiss@pirna.de
b) Vergabeart: Öffentliche Ausschreibung
c) Angebote können nur elektronisch abgegeben werden.
d) Art des Auftrages: Bauvertrag nach VOB/B
e) Ort(e) der Ausführung: Straße, Hausnummer: Lohmener Straße 15b; Postleitzahl: 01796; Ort: Pirna; Land: DE
f) Art und Umfang der Leistung: ca. 410 m² Glasgewebe mit Anstrich, ca. 2.800m Dispersionsfarbe an Wänden und Decken, ca. 310 m² 2K-Beschichtung von Fußböden, ca. 80m² Lackierung von Metallteilen
g) Es werden keine Planungsleistungen gefordert
h) Aufteilung in mehrere Lose: nein
i) Ausführungsfristen: Beginn: 12.10.2026, Ende: 06.11.2026
j) Gegebenenfalls Angaben nach § 8 Absatz 2 Nummer 3 zur Nichtzulassung von Nebenangeboten: Entfällt, da Nebenangebote zugelassen sind.
k) Gegebenenfalls Angaben nach § 8 Absatz 2 Nummer 4 zur Nichtzulassung der Abgabe mehrerer Hauptangebote: Entfällt, da die Abgabe mehrerer Hauptangebote zugelassen ist.
 l) Stelle, bei der die Vergabeunterlagen angefordert werden können: Die Vergabeunterlagen werden auf der Vergabeplattform evergabe.de bereitgestellt. Ein unentgeltlicher Abruf ohne Registrierung ist möglich unter https://www.evergabe.de/unterlagen/3454516/zustellweg-auswaehlen.
m) Kosten für Vervielfältigungen der Vergabeunterlagen: entfällt
n) entfällt
o) Frist für den Eingang der Angebote: 28.09.2026, 13:30 Uhr; Bindefrist: 16.10.2026
p) Elektronische Angebote sind auf der Vergabeplattform evergabe.de abzugeben.
q) Angebote sind abzufassen in: Deutsch
r) Zuschlagskriterien, sofern diese nicht in den Vergabeunterlagen genannt werden und gegebenenfalls deren Gewichtung: Die Zuschlagskriterien sind in den Vergabeunterlagen genannt.
s) Eröffnungstermin: Datum: 28.09.2026, 13:30 Uhr; Ort: ---; Personen, die anwesend sein dürfen: nicht zugelassen
t) Sicherheiten: siehe Vergabeunterlagen
u) Finanzierungs- und Zahlungsbedingungen: Abschlags- und Schlusszahlung nach VOB/B und den Zusätzlichen Vertragsbedingungen
v) Rechtsform einer Bietergemeinschaft: gesamtschuldnerisch haftend mit bevollmächtigtem Vertreter
w) Verlangte Nachweise für die Beurteilung der Eignung: Der Bieter hat eine Bescheinigung über den Eintrag in die Liste des Vereins für die Präqualifikation von Bauunternehmen e.V. (Präqualifikationsverzeichnis) oder das ausgefüllte Formblatt 124 „Eigenerklärungen zur Eignung“ einzureichen. Bescheinigungen anderer Präqualifizierungsstellen werden anerkannt, wenn hinterlegte Dokumente einsehbar sind und in der Bescheinigung angegeben wird, welche Eignungskriterien anhand welcher Dokumente bei der Präqualifizierung geprüft wurden. Die Eigenerklärungen des Formblattes 124 müssen nachträglich mit entsprechenden Nachweisen untersetzt werden, sollte das Angebot in die engere Wahl kommen.
x) Vergabenachprüfstelle: Offizielle Bezeichnung: Landkreis Sächsische Schweiz-Osterzgebirge - Amt für Finanzverwaltung, Vergabestelle; Straße, Hausnummer: Schloßhof 2/4; Postleitzahl: 01796; Ort: Pirna; Land: DE; E-Mail: vergabestelle@landratsamt-pirna.de

Maler"
25822628,1,,,,,Neubau kommunaler Bauhof - Los 3: Bodenlegerarbeiten,,,"a) Auftraggeber:  Offizielle Bezeichnung: Stadtverwaltung Pirna; Bereich/Abteilung: Fachdienst Stadtsanierung, Förderung &amp;amp;amp; Vergabe; Straße, Hausnummer: Am Markt 1/2; Postleitzahl: 01796; Ort: Pirna; Land: DE; Telefon: +49 3501556356; Internet-Adresse: www.pirna.de; E-Mail: stefan.weiss@pirna.de
b) Vergabeart: Öffentliche Ausschreibung
c) Angebote können nur elektronisch abgegeben werden.
d) Art des Auftrages: Bauvertrag nach VOB/B
e) Ort(e) der Ausführung: Straße, Hausnummer: Lohmener Straße 15b; Postleitzahl: 01796; Ort: Pirna; Land: DE
f) Art und Umfang der Leistung: Bodenlegerarbeiten inkl. Untergrundvorbereitung, ca. 370m² Fußbodenbelag aus Linoleum
g) Es werden keine Planungsleistungen gefordert
h) Aufteilung in mehrere Lose: nein
i) Ausführungsfristen: Beginn: 12.10.2026, Ende: 06.11.2026
j) Gegebenenfalls Angaben nach § 8 Absatz 2 Nummer 3 zur Nichtzulassung von Nebenangeboten: Entfällt, da Nebenangebote zugelassen sind.
k) Gegebenenfalls Angaben nach § 8 Absatz 2 Nummer 4 zur Nichtzulassung der Abgabe mehrerer Hauptangebote: Entfällt, da die Abgabe mehrerer Hauptangebote zugelassen ist.
 l) Stelle, bei der die Vergabeunterlagen angefordert werden können: Die Vergabeunterlagen werden auf der Vergabeplattform evergabe.de bereitgestellt. Ein unentgeltlicher Abruf ohne Registrierung ist möglich unter https://www.evergabe.de/unterlagen/3454510/zustellweg-auswaehlen.
m) Kosten für Vervielfältigungen der Vergabeunterlagen: entfällt
n) entfällt
o) Frist für den Eingang der Angebote: 28.09.2026, 13:30 Uhr; Bindefrist: 16.10.2026
p) Elektronische Angebote sind auf der Vergabeplattform evergabe.de abzugeben.
q) Angebote sind abzufassen in: Deutsch
r) Zuschlagskriterien, sofern diese nicht in den Vergabeunterlagen genannt werden und gegebenenfalls deren Gewichtung: Die Zuschlagskriterien sind in den Vergabeunterlagen genannt.
s) Eröffnungstermin: Datum: 28.09.2026, 13:30 Uhr; Ort: ---; Personen, die anwesend sein dürfen: nicht zugelassen
t) Sicherheiten: siehe Vergabeunterlagen
u) Finanzierungs- und Zahlungsbedingungen: Abschlags- und Schlusszahlung nach VOB/B und den Zusätzlichen Vertragsbedingungen
v) Rechtsform einer Bietergemeinschaft: gesamtschuldnerisch haftend mit bevollmächtigtem Vertreter
w) Verlangte Nachweise für die Beurteilung der Eignung: Der Bieter hat eine Bescheinigung über den Eintrag in die Liste des Vereins für die Präqualifikation von Bauunternehmen e.V. (Präqualifikationsverzeichnis) oder das ausgefüllte Formblatt 124 „Eigenerklärungen zur Eignung“ einzureichen. Bescheinigungen anderer Präqualifizierungsstellen werden anerkannt, wenn hinterlegte Dokumente einsehbar sind und in der Bescheinigung angegeben wird, welche Eignungskriterien anhand welcher Dokumente bei der Präqualifizierung geprüft wurden. Die Eigenerklärungen des Formblattes 124 müssen nachträglich mit entsprechenden Nachweisen untersetzt werden, sollte das Angebot in die engere Wahl kommen.
x) Vergabenachprüfstelle: Offizielle Bezeichnung: Landkreis Sächsische Schweiz-Osterzgebirge - Amt für Finanzverwaltung, Vergabestelle; Straße, Hausnummer: Schloßhof 2/4; Postleitzahl: 01796; Ort: Pirna; Land: DE; E-Mail: vergabestelle@landratsamt-pirna.de

Fußbodenbeläge"
25822624,1,,,,,Neubau kommunaler Bauhof - Los 2: Fliesenlegerarbeiten,,,"a) Auftraggeber:  Offizielle Bezeichnung: Stadtverwaltung Pirna; Bereich/Abteilung: Fachdienst Stadtsanierung, Förderung &amp;amp;amp; Vergabe; Straße, Hausnummer: Am Markt 1/2; Postleitzahl: 01796; Ort: Pirna; Land: DE; Telefon: +49 3501556356; Internet-Adresse: www.pirna.de; E-Mail: stefan.weiss@pirna.de
b) Vergabeart: Öffentliche Ausschreibung
c) Angebote können nur elektronisch abgegeben werden.
d) Art des Auftrages: Bauvertrag nach VOB/B
e) Ort(e) der Ausführung: Straße, Hausnummer: Lohmener Straße 15b; Postleitzahl: 01796; Ort: Pirna; Land: DE
f) Art und Umfang der Leistung: Fliesenlegearbeiten inkl. Untergrundvorbereitung, ca. 330m² Feinsteinzeug Fußboden, ca. 200m² Wandfliesen
g) Es werden keine Planungsleistungen gefordert
h) Aufteilung in mehrere Lose: nein
i) Ausführungsfristen: Beginn: 12.10.2026, Ende: 06.11.2026
j) Gegebenenfalls Angaben nach § 8 Absatz 2 Nummer 3 zur Nichtzulassung von Nebenangeboten: Entfällt, da Nebenangebote zugelassen sind.
k) Gegebenenfalls Angaben nach § 8 Absatz 2 Nummer 4 zur Nichtzulassung der Abgabe mehrerer Hauptangebote: Entfällt, da die Abgabe mehrerer Hauptangebote zugelassen ist.
 l) Stelle, bei der die Vergabeunterlagen angefordert werden können: Die Vergabeunterlagen werden auf der Vergabeplattform evergabe.de bereitgestellt. Ein unentgeltlicher Abruf ohne Registrierung ist möglich unter https://www.evergabe.de/unterlagen/3454501/zustellweg-auswaehlen.
m) Kosten für Vervielfältigungen der Vergabeunterlagen: entfällt
n) entfällt
o) Frist für den Eingang der Angebote: 28.09.2026, 13:30 Uhr; Bindefrist: 16.10.2026
p) Elektronische Angebote sind auf der Vergabeplattform evergabe.de abzugeben.
q) Angebote sind abzufassen in: Deutsch
r) Zuschlagskriterien, sofern diese nicht in den Vergabeunterlagen genannt werden und gegebenenfalls deren Gewichtung: Die Zuschlagskriterien sind in den Vergabeunterlagen genannt.
s) Eröffnungstermin: Datum: 28.09.2026, 13:30 Uhr; Ort: ---; Personen, die anwesend sein dürfen: nicht zugelassen
t) Sicherheiten: siehe Vergabeunterlagen
u) Finanzierungs- und Zahlungsbedingungen: Abschlags- und Schlusszahlung nach VOB/B und den Zusätzlichen Vertragsbedingungen
v) Rechtsform einer Bietergemeinschaft: gesamtschuldnerisch haftend mit bevollmächtigtem Vertreter
w) Verlangte Nachweise für die Beurteilung der Eignung: Der Bieter hat eine Bescheinigung über den Eintrag in die Liste des Vereins für die Präqualifikation von Bauunternehmen e.V. (Präqualifikationsverzeichnis) oder das ausgefüllte Formblatt 124 „Eigenerklärungen zur Eignung“ einzureichen. Bescheinigungen anderer Präqualifizierungsstellen werden anerkannt, wenn hinterlegte Dokumente einsehbar sind und in der Bescheinigung angegeben wird, welche Eignungskriterien anhand welcher Dokumente bei der Präqualifizierung geprüft wurden. Die Eigenerklärungen des Formblattes 124 müssen nachträglich mit entsprechenden Nachweisen untersetzt werden, sollte das Angebot in die engere Wahl kommen.
x) Vergabenachprüfstelle: Offizielle Bezeichnung: Landkreis Sächsische Schweiz-Osterzgebirge - Amt für Finanzverwaltung, Vergabestelle; Straße, Hausnummer: Schloßhof 2/4; Postleitzahl: 01796; Ort: Pirna; Land: DE; E-Mail: vergabestelle@landratsamt-pirna.de

Fliesen/ Platten"
25822620,1,,,,,Lehranlage - MSR Technologie,,,"a) Zur Angebotsabgabe auffordernde Stelle: Name des Auftraggebers: Innung Sanitär- und Heizungstechnik Jade; Straße, Hausnummer: Am Hillernsen Hamm 16; Postleitzahl: 26441; Ort: Jever; Land: Deutschland; Den Zuschlag erteilende Stelle: s.o.; Stelle, bei der die Angebote oder Teilnahmeanträge einzureichen sind: s.o.
b) Vergabeart: Öffentliche Ausschreibung
c) Form, in der Teilnahmeanträge oder Angebote einzureichen sind: Angebote können nur elektronisch abgegeben werden; Anschrift, an die die Angebote elektronisch zu übermitteln sind: www.evergabe.de 
d) Art und Umfang der Leistung: MSR Technologie; Orte der Leistungserbringung: Straße, Hausnummer: Am Hillernsen Hamm 16; Postleitzahl: 26441; Ort: Jever; Land: Deutschland
e) Ggf. Anzahl, Größe und Art der einzelnen Lose: entfällt, da keine losweise Vergabe
f) Nebenangebote sind nicht zugelassen 
g) Ausführungsfrist: Beginn: 30.09.2026; Ende: 31.12.2026
h) Die Vergabeunterlagen werden auf der Vergabeplattform evergabe.de bereitgestellt.
i) Angebotsfrist: 23.09.2026, 12:00 Uhr; Bindefrist: 23.10.2026
j) Höhe etwa geforderter Sicherheitsleistungen: nicht angegeben
k) Wesentliche Zahlungsbedingungen oder Angabe der Unterlagen, in denen sie enthalten sind: siehe Dokumentation
l) Mit dem Angebot oder dem Teilnahmeantrag vorzulegenden Unterlagen, die die Auftraggeber für die Beurteilung der Eignung des Bewerbers oder Bieters verlangen: nicht angegeben
m) Kosten für Vervielfältigungen der Vergabeunterlagen: entfällt
n) Angabe der Zuschlagskriterien, sofern diese nicht in den Vergabeunterlagen genannt werden: entfällt, siehe Vergabeunterlagen


EMSR-Ausrüstung"
25825660,1,,,,,"Neubau eines Geh-/Radweges im Zuge der Kreisstraße 57, Abschnitt1 innerhalb und außerhalb der OD Brilon-Altenbüren",,,"Neubau eines Geh-/Radweges im Zuge der Kreisstraße 57, Abschnitt1 innerhalb und außerhalb der OD Brilon-Altenbüren"
25823334,1,,,,,Umbau und Erweiterung der Kita Arche Noah - Gemeinde Hattstedt - Außenanlagen,,,Umbau und Erweiterung der Kita Arche Noah - Gemeinde Hattstedt - Außenanlagen
25827188,1,,,,,"D - TUD JAN Jante-Bau  , Trockenbauarbeiten Hauptgebäude",,,"Trockenbauarbeiten Hauptgebäude

D - TUD JAN Jante-Bau  , Trockenbauarbeiten Hauptgebäude"
25823104,1,,,,,BBS Ammerland - Neubau Trakt 9 - mobile Heizungsanlage,,,BBS Ammerland - Neubau Trakt 9 - mobile Heizungsanlage
25823326,1,,,,,Dachsanierung Ein- und Ausfahrtsharfe Abstellhalle Btf. Reick,,,Dachsanierung Ein- und Ausfahrtsharfe Abstellhalle Btf. Reick
25827084,1,,,,,Innenliegender Sonnenschutz - Vorhänge,,,"Rolladen, Sonnenschutz, Verdunkelung, Markisen"
25823348,1,,,,,Techniker Krankenkasse München - Sonnenschutzarbeiten,,,Techniker Krankenkasse München - Sonnenschutzarbeiten
25827184,1,,,,,"D - Dresden, Elektroinstallationsleistungen: Sicherheitsbeleuchtung und Wallboxen",,,"Elektroinstallationsleistungen: Sicherheitsbeleuchtung und Wallboxen

D - Dresden, Elektroinstallationsleistungen: Sicherheitsbeleuchtung und Wallboxen"
25823344,1,,,,,Techniker Krankenkasse München - Flachdach- und Spenglerarbeiten,,,Techniker Krankenkasse München - Flachdach- und Spenglerarbeiten
25823446,1,,,,,FFW Rüthnick Sanierung Sanitärtrakt,,,FFW Rüthnick Sanierung Sanitärtrakt
25827180,1,,,,,D - Leipzig - RLT-Anlagen,,,"RLT-Anlagen

D - Leipzig - RLT-Anlagen"
25827176,1,,,,,"Sächsisches Krankenhaus Rodewisch, Dachsanierung Geb. B21",,,"Dachdeckungsarbeiten

Sächsisches Krankenhaus Rodewisch, Dachsanierung Geb. B21"
25825462,1,,,,,Neubau FGÜ 0662-03-2018 B7 OD Netra Landstraße,,,"Neubau FGÜ 0662-03-2018 B7 OD Netra Landstraße

Neubau FGÜ 0662-03-2018 B7 OD Netra Landstraße"
25826954,1,,,,,2026_2670-30014-01-Z202_Abbruch,,,"Bei der Bebauung handelt es sich um eine Seniorenresidenz aus drei Gebäudeteilen (Blöcke A, B und C)
inkl. Tiefgarage sowie einen Geräteschuppen/ Garage. Die Planunterlagen datieren auf das Jahr 1982. Das
genaue Datum der Errichtung des Objekts ist nicht bekannt. Es ist davon auszugehen, daß es zeitnah im
Anschluß an die Erstellung der Planungsunterlagen errichtet wurde.

Bausoll ist die vollständige Schadstoffsanierung und Demontage der baulichen oberirdischen sowie der unterirdischen Anlagen auf der vorstehend benannten Liegenschaft inklusive aller hierfür erforderlichen Arbeiten. Weiterhin sind Leistungen zur Herstellung der Baugrube, Fällarbeiten und Beräumung der Außenanlagen zu erbringen.

Die Sanierung kann beginnen, jedoch darf der mineralische Abbruch erst nach erfolgter Medientrennung durchgeführt werden. Die Medientrennung wird voraussichtlich im Oktober abgeschlossen sein.

2026_2670-30014-01-Z202_Abbruch"
25826978,1,,,,,Energetische Sanierung Besucherbergwerk und Museum Kleinenbremen - Maurer- und Verblendarbeiten,,,"Energetische Sanierung Besucherbergwerk und Museum Kleinenbremen - Maurer- und Verblendarbeiten

Energetische Sanierung Besucherbergwerk und Museum Kleinenbremen - Maurer- und Verblendarbeiten"
25822616,1,,,,,Lehranlage Elektrolyse & Wartung,,,"Der Auftraggeber Innung Sanitär- und Heizungstechnik Jade, Am Hillersen Hamm 16, 26441 Jever, Deutschland gibt in dem Vergabeverfahren mit der Vergabenummer 1904 zu der am 29.06.2026 07:12 Uhr auf www.evergabe.de (Vergabe-ID: 3411874) veröffentlichten Bekanntmachung mit dem Titel ""Lehranlage Elektrolyse & Wartung"" folgendes bekannt:
Das Verfahren wir aufgehoben und in anderer Konstellation wieder bekannt gemacht.


Gebäudeautomatisierung                                          ,Solartechnik,Maschinen zur Energieerzeugung"
25825844,1,,,,,"26T0217 (LBB NL Idar-Oberstein) LB 680 - Heizanlagen und Zentrale Wassererwärmungsanlagen BIR, KUS",,,"26T0217 (LBB NL Idar-Oberstein) LB 680 - Heizanlagen und Zentrale Wassererwärmungsanlagen BIR, KUS"
25826950,1,,,,,Brekelbaums Park 10 - aktive Komponenten,,,"SBH | Schulbau Hamburg hat als Landesbetrieb der Freien und Hansestadt Hamburg (nachstehend SBH genannt) die Aufgabe, die Schulimmobilien unter Berücksichtigung der schulischen Belange nach wirtschaftlichen Grundsätzen zu planen, zu bauen, zu unterhalten und zu bewirtschaften und die mehr als 400 Schulen an die Behörde für Schule und Berufsbildung (BSB) zu vermieten. 
--------------- 
Ziel der Maßnahme ist die Schaffung einer leistungsfähigen, ausfallsicheren und zukunftsfähigen Netzwerk- und WLAN-Infrastruktur für das pädagogische Netz sowie die Sicherstellung eines stabilen Betriebs digitaler Lehr- und Lernumgebungen.
--------------- 
Hier: aktive Komponenten
---------------
Gegenstand der Vergabe ist die Lieferung, Montage, Konfiguration und Inbetriebnahme aktiver Netzwerkkomponenten für das pädagogische Netz. Hierzu gehören insbesondere Core- und Access-Switche, WLAN-Access-Points, USV-Anlagen, SFP Module sowie das erforderliche Patch- und Zubehörmaterial. Die Komponenten sind in die bestehende Infrastruktur zu integrieren und in Abstimmung mit dem schulischen IT Betrieb betriebsfertig in Betrieb zu nehmen. Darüber hinaus sind die erforderlichen Funktionsprüfungen sowie die Erstellung einer vollständigen technischen Dokumentation Bestandteil der Leistung.

Brekelbaums Park 10 - aktive Komponenten"
25826974,1,,,,,Instandsetzung einer Mauer Los1 und einer Treppenanlage Los 2 auf Friedhöfen,,,"Los1 Instandsetzung einer historischen Sandsteinmauer; Los 2 Neuversetzung einer vorhandenen Treppenanlage mit Geländer Sanierung

Instandsetzung einer Mauer Los1 und einer Treppenanlage Los 2 auf Friedhöfen"
25822584,1,,,,,Umbau Werkstatt zum Feuerwehrstandort in 01612 Glaubitz- Dach- und Zimmererarbeiten,,,"a) Auftraggeber:  Offizielle Bezeichnung: VG Nünchritz-Glaubitz, i. A. der Gemeinde Glaubitz; Bereich/Abteilung: Bauamt; Straße, Hausnummer: Glaubitzer Straße 10; Postleitzahl: 01612; Ort: Nünchritz; Land: DE; Telefon: +49 352655000; Fax: +49 3526550053; E-Mail: post@nuenchritz.de
b) Vergabeart: Öffentliche Ausschreibung
c) Angebote können nur elektronisch abgegeben werden.
d) Art des Auftrages: Ausführung von Bauleistungen
e) Ort(e) der Ausführung: Offizielle Bezeichnung: Feuerwehrstandort Glaubitz; Straße, Hausnummer: Am Dorfteich 12; Postleitzahl: 01612; Ort: Glaubitz; Land: DE
f) Art und Umfang der Leistung: Baulos 03 – Dach- und Zimmererarbeiten:
ca. 11 Stück Holzdachbinder ca. 11,60 m lang demontieren und lagern
ca. 165 m Dachstuhlhölzer demontieren und lagern
ca. 80 m² Decken- und Gesimsverkleidung entfernen und entsorgen
ca. 8,9 m³ Lieferung von Bauholz KVH, z. T. Sichtholz
ca. 2,3 m³ Lieferung von Bauholz BSH
ca. 630 m Abbund Bauholz, z. T. Sichtholz
ca. 108 m² Verlegen Dachschalung ESB und MSH
ca. 129 m² Dachdichtung FPO mit PUR-Dämmung auf Holz
ca. 802 m² Dachdeckung Betonsteine, incl. Lattung und Untersperrbahn entfernen
ca. 140 m Dachrinne und Fallrohre demontieren und entsorgen
ca. 155 m Dachbleche entfernen und entsorgen
ca. 802 m² Unterdeckung aus Holzfaserplatten d= 35 und 60 mm
ca. 802 m² Unterspannbahn mit Lattung
ca. 800 m² Betondachstein-Deckung
ca.   94 m Ortgangausbildung
ca. 108 m Dachrinne, Titan-Zink, incl. Rinneneinhang, Tropfblech und Fallrohre
ca.   39 m Dachkehle und Wandanschluss, Titan-Zink
g) Es werden keine Planungsleistungen gefordert
h) Aufteilung in mehrere Lose: nein
i) Ausführungsfristen: Beginn: 08.03.2027, Ende: 16.07.2027,
j) Gegebenenfalls Angaben nach § 8 Absatz 2 Nummer 3 zur Nichtzulassung von Nebenangeboten: Entfällt, da Nebenangebote zugelassen sind.
k) Gegebenenfalls Angaben nach § 8 Absatz 2 Nummer 4 zur Nichtzulassung der Abgabe mehrerer Hauptangebote: Die Abgabe mehrerer Hauptangebote ist nicht zugelassen. Nebenangebote zulässig nur in Verbindung mit einem Hauptangebot.
 l) Stelle, bei der die Vergabeunterlagen angefordert werden können: Die Vergabeunterlagen werden auf der Vergabeplattform evergabe.de bereitgestellt. Ein unentgeltlicher Abruf ohne Registrierung ist möglich unter https://www.evergabe.de/unterlagen/3454355/zustellweg-auswaehlen.
m) Kosten für Vervielfältigungen der Vergabeunterlagen: entfällt
n) entfällt
o) Frist für den Eingang der Angebote: 20.10.2026, 13:00 Uhr; Bindefrist: 20.11.2026
p) Elektronische Angebote sind auf der Vergabeplattform evergabe.de abzugeben.
q) Angebote sind abzufassen in: Deutsch
r) Zuschlagskriterien, sofern diese nicht in den Vergabeunterlagen genannt werden und gegebenenfalls deren Gewichtung: Die Zuschlagskriterien sind in den Vergabeunterlagen genannt.
s) Eröffnungstermin: Datum: 20.10.2026, 13:00 Uhr; Ort: Rathaus Nünchritz; Personen, die anwesend sein dürfen: keine - nur elektronische Angebotsabgabe möglich
t) Sicherheiten: gemäß § 9 VOB/A und § 17 VOB/B
u) Finanzierungs- und Zahlungsbedingungen: gemäß § 16 VOB/B
v) Rechtsform einer Bietergemeinschaft: Gesamtschuldnerisch haftend mit bevollmächtigtem Vertreter
w) Verlangte Nachweise für die Beurteilung der Eignung: Der Bieter hat zum Nachweis seiner Fachkunde, Leistungsfähigkeit und Zuverlässigkeit Angaben zu machen gemäß § 8 Nr. 3 Abs. 1 Buchstabe a bis f VOB/A. Der Bewerber hat eine Bescheinigung 
der Berufsgenossenschaft/Handelsregister / Berufsregister vorzulegen. Bieter, die nicht Ihren Sitz in der BRD haben, haben eine Bescheinigung des für sie zuständigen Versicherungsträgers vorzulegen.
x) Vergabenachprüfstelle: Offizielle Bezeichnung: Landratsamt Meißen; Bereich/Abteilung: VOB-stelle; Straße, Hausnummer: Brauhausstraße 21; Postleitzahl: 01662; Ort: Meißen; Land: DE

Zimmerer/ Holzbau,Dachdeckung/ Dachabdichtung,Klempner,Baustoffe (Hochbau)"
25823072,1,,,,,Landkreis Northeim - Bauhof - Herstellung Beton-Waschplatz  mit Abscheideanlage und Warnanlage,,,Landkreis Northeim - Bauhof - Herstellung Beton-Waschplatz  mit Abscheideanlage und Warnanlage
25823056,1,,,,,"Instandsetzung Regenwasserkanal Soltau, Celler Straße",,,"Instandsetzung Regenwasserkanal Soltau, Celler Straße"
25827172,1,,,,,D - Leipzig - Heizungs- und Sanitärinstallationen,,,"Heizungs- und Sanitärinstallationen

D - Leipzig - Heizungs- und Sanitärinstallationen"
25823478,1,,,,,Rathaus Maikammer - Tischlerarbeiten,,,Rathaus Maikammer - Tischlerarbeiten
25823784,1,,,,,Sanierung und Erweiterung BGH Reichelsheim,,,"Trauf- und Dachrandbekleidung

Dachdeckerarbeiten"
25776550,2,,,,,Neubau Zaunanlagen S-Bahn Hamburg Elbbrücken,,,"Die geplante Zaunanlage mit einer Gesamtlänge von ca. 1.099 m soll zwischen den S-Bahn-Stationen Elbbrücken und Veddel parallel zu den Gleisanlagen unter laufendem Bahnbetrieb errichtet werden. Die Sicherung der Maßnahme sowie die Bauüberwachung werden durch den Auftraggeber gestellt.

Neubau Zaunanlagen S-Bahn Hamburg Elbbrücken"
25823306,1,,,,,Teilmodernisierung der Aufzugsanlagen in der VBG Bezirksverwaltung Würzburg,,,Teilmodernisierung der Aufzugsanlagen in der VBG Bezirksverwaltung Würzburg
25823474,1,,,,,Rathaus Maikammer - Außenputzarbeiten,,,Rathaus Maikammer - Außenputzarbeiten
25825840,1,,,,,"26T0216 (LBB NL Idar-Oberstein) LB 680 - Heizanlagen und Zentrale Wassererwärmungsanlagen KH, BIN",,,"26T0216 (LBB NL Idar-Oberstein) LB 680 - Heizanlagen und Zentrale Wassererwärmungsanlagen KH, BIN"
25823294,1,,,,,Straßenbeleuchtung Harmsdorf - Tiefbau,,,Straßenbeleuchtung Harmsdorf - Tiefbau
25826942,1,,,,,Wartung und Instandhaltung der Straßenbeleuchtung,,,"Regelmäßige Wartung und Instandhaltung der Straßenbeleuchtung sowie Reparatur nach Ausfällen und Unfällen und Ergänzung.

Wartung und Instandhaltung der Straßenbeleuchtung"
25827168,1,,,,,"D-SLUB Interim Haus F, 11 Tischlerarbeiten Haus F",,,"11 Tischlerarbeiten Haus F

D-SLUB Interim Haus F, 11 Tischlerarbeiten Haus F"
25822608,1,,,,,"Haus 30 Ausbau DG, Los 3 Holzbau und Zimmerer",,,"a) Auftraggeber:  Offizielle Bezeichnung: Universitätsklinikum Carl Gustav Carus Dresden an der Technischen Universität Dresden; Straße, Hausnummer: Fetscherstraße 74; Postleitzahl: 01307; Ort: Dresden; Land: DE; Telefon: +49 35145817883; E-Mail: BUT-A2@ukdd.de
b) Vergabeart: Öffentliche Ausschreibung
c) Angebote können nur elektronisch abgegeben werden.
d) Art des Auftrages: Haus 30 Ausbau DG, Los 3 Holzbau und Zimmerer
e) Ort(e) der Ausführung: Postleitzahl: 01307; Ort: Dresden; Land: DE
f) Art und Umfang der Leistung: Ertüchtigung Dachkonstruktion 
- 8,5m³ Mittelpfetten als Brettschichtholz GL 24h DIN EN 14080, Oberfläche Industriequalität 
liefern, Querschnitt 10/36cm, abbinden und aufstellen/ verlegen 
- 9,5m³ Kehlbalken als Konstruktionsvollholz, nicht sichtbar, Festigkeitsklasse C 24 Querschnitt 
6/20cm, abbinden und aufstellen/ verlegen 
- 4,5m³ Riegel/ Stützen zur Abstützung der Mittelpfetten als Konstruktionsvollholz, nicht 
sichtbar, Festigkeitsklasse C 24, verschiedene Querschnitte, abbinden und aufstellen/ 
verlegen 
- 270m² Holzständerwände tragend, mit Rahmen aus Furnierschichtholz DIN EN 14374, 
Regelquerschnitt-Breite 80 mm, Regelquerschnitt-Höhe 100 mm, Achsabstand der Ständer 
über 60 bis 62,5 cm, 
- 165m² Innenwandbekleidung, einlagig, aus OSB/3, Dicke 18 mm 
- 200m² Unterboden aus OSB/3 DIN EN 300, einlagig, Dicke 22 mm 
- 1,2m³ Dachkonstruktion aus Konstruktionsvollholz, Festigkeitsklasse C 24, verschiedene 
Querschnitte, abbinden und aufstellen/ verlegen 
- 3,5m³ Füllhölzer für Bestandsbinder, Bretter Dicke 30 mm, Breite 120 mm zuschneiden und 
einbauen 
- 1.470m Lattung 30/50mm liefern und als Aussteifung in Nagelbrettbindern verlegen 

 

Einbau Dachgaupen 
- 9 St. Gaupen B=1,075m für Dachneigung 42,18° auf Konstruktionsvollholz, Festigkeitsklasse C 
24, unterschiedliche Querschnitte 16/16, 16/12/, 16/10, 10/12, 10/10, 6/20, 12/12 liefern, 
abbinden und aufstellen/ verlegen 
- 9 St. Gaupen B=1,5m für Dachneigung 40,62° auf Konstruktionsvollholz, Festigkeitsklasse C 
24, unterschiedliche Querschnitte 16/16, 16/12/, 16/10, 10/12, 10/10, 6/20, 12/12 liefern, 
abbinden und aufstellen/ verlegen 
- 2 St. Gaupen B=1,075m für Dachneigung 49,9° auf Konstruktionsvollholz, Festigkeitsklasse C 
24, unterschiedliche Querschnitte 16/16, 16/12/, 16/10, 10/12, 10/10, 6/20, 12/12 liefern, 
abbinden und aufstellen/ verlegen 
- 205m² Innenwand- und Deckenbekleidung, einlagig, aus OSB/3 D=15mm 
- 205m² Wärmedämmschicht aus Holzfasern, als Platte, Dämmschichtdicke 160 mm
g) Es werden keine Planungsleistungen gefordert
h) Aufteilung in mehrere Lose: nein
i) Ausführungsfristen: Beginn: 09.11.2026, Ende: 30.04.2027
j) Gegebenenfalls Angaben nach § 8 Absatz 2 Nummer 3 zur Nichtzulassung von Nebenangeboten: Nebenangebote sind nicht zugelassen. Mit der Zulassung von Nebenangeboten bzw. mehreren Hauptangeboten entsteht für die Vergabestelle ein erheblicher Mehraufwand. Gegen diesen Mehraufwand entscheidet sich die Vergabestelle. 
Daher wird hiermit festgelegt, keine Nebenangebote bzw. mehrerer Hauptangebote zuzulassen.

k) Gegebenenfalls Angaben nach § 8 Absatz 2 Nummer 4 zur Nichtzulassung der Abgabe mehrerer Hauptangebote: Die Abgabe mehrerer Hauptangebote ist nicht zugelassen. Mit der Zulassung von Nebenangeboten bzw. mehreren Hauptangeboten entsteht für die Vergabestelle ein erheblicher Mehraufwand. Gegen diesen Mehraufwand entscheidet sich die Vergabestelle. 
Daher wird hiermit festgelegt, keine Nebenangebote bzw. mehrerer Hauptangebote zuzulassen.

 l) Stelle, bei der die Vergabeunterlagen angefordert werden können: Die Vergabeunterlagen werden auf der Vergabeplattform evergabe.de bereitgestellt. Ein unentgeltlicher Abruf ohne Registrierung ist möglich unter https://www.evergabe.de/unterlagen/3454451/zustellweg-auswaehlen.
m) Kosten für Vervielfältigungen der Vergabeunterlagen: entfällt
n) entfällt
o) Frist für den Eingang der Angebote: 28.09.2026, 11:00 Uhr; Bindefrist: 28.11.2026
p) Elektronische Angebote sind auf der Vergabeplattform evergabe.de abzugeben.
q) Angebote sind abzufassen in: Deutsch
r) Zuschlagskriterien, sofern diese nicht in den Vergabeunterlagen genannt werden und gegebenenfalls deren Gewichtung: Die Zuschlagskriterien sind in den Vergabeunterlagen genannt.
s) Eröffnungstermin: Datum: 28.09.2026, 11:00 Uhr; Ort: Geschäftsbereich Bau und Technik, Abt. Ausschreibung/Vergabe/Abrechnung, 01307 Dresden, Schubertstr. 18, Haus 62, 1.OG, Submissionsraum.; Personen, die anwesend sein dürfen: Bieter sind nicht zugelassen.
t) Sicherheiten: nicht angegeben
u) Finanzierungs- und Zahlungsbedingungen: Zahlungsbedingungen gem. Vergabeunterlagen.
v) Rechtsform einer Bietergemeinschaft: gesamtschuldnerisch haftend mit bevollmächtigtem Vertreter.
w) Verlangte Nachweise für die Beurteilung der Eignung: Der Bieter hat mit seinem Angebot zum Nachweis seiner Fachkunde, Leistungsfähigkeit und Zuverlässigkeit eine direkt abrufbare Eintragung in die allgemein zugängliche Liste des Vereins für Präqualifikation von Bauunternehmen e.V. (Präqualifikationsverzeichnis) nachzuweisen. Der Nachweis der Eignung kann auch durch Eigenerklärungen gemäß Formblatt 124 (Eigenerklärungen zur Eignung) erbracht werden. Das Formblatt 124 liegt den Vergabeunterlagen bei.
x) Vergabenachprüfstelle: Offizielle Bezeichnung: Universitätsklinikum Carl Gustav Carus Dresden an der Technischen Universität Dresden; Straße, Hausnummer: Fetscherstraße 74; Postleitzahl: 01307; Ort: Dresden; Land: DE; E-Mail: BUT-A2@ukdd.de

Zimmerer/ Holzbau"
25822604,1,,,,,HWSK22 in Olbernhau - VGE1.4.1-WehrBlechwalzwerk / VGE1.3.4-Böschungsinstandsetzung BT 3.92L,,,"Der Auftraggeber Landestalsperrenverwaltung des Freistaates Sachsen Betrieb Freiberger Mulde/Zschopau, Rauenstein 6A, 09514 Pockau-Lengefeld, Deutschland gibt in dem Vergabeverfahren mit der Vergabenummer FMZ-2026-52 zu der am 27.08.2026 12:03 Uhr auf www.evergabe.de (Vergabe-ID: 3445523) veröffentlichten Bekanntmachung mit dem Titel ""HWSK22 in Olbernhau - VGE1.4.1-WehrBlechwalzwerk / VGE1.3.4-Böschungsinstandsetzung BT 3.92L"" folgende Berichtigung bekannt:
In Folge der Bieteranfrage NR.06 in Verbindung mit der Bieteranfrage Nr.05 wird die Angebotsfrist verlängert. 
Die Angebotsfrist endet am 21.09.2026, 11:00 Uhr. Analog verschiebt sich das Ende der Bindefrist auf den 19.11.2026. Die Ausführungsfristen gemäß Formblatt 214 bleiben unberührt.


Wasserbau,Fels-/ Hang-/ Böschungssicherung,Hochwasserschutz/ Deiche"
25822994,1,,,,,Aufwertung Spielplatz Grünäcker Sindelfingen - Garten- und Landschaftsbauarbeiten,,,Aufwertung Spielplatz Grünäcker Sindelfingen - Garten- und Landschaftsbauarbeiten
25659566,4,,,,,Gleis und Weichenerneuerung Bodenwöhr Strecke; 5800,,,"Gleis und Weichenerneuerung Bodenwöhr Strecke; 5800

Gleis und Weichenerneuerung Bodenwöhr Strecke; 5800"
25825610,1,,,,,BLB NRW AC/Bergheim/AC FA Bergheim Dachsanierung/40-11-1333-24-001/Schadstoffsanierung_005-26-00236_L2,,,BLB NRW AC/Bergheim/AC FA Bergheim Dachsanierung/40-11-1333-24-001/Schadstoffsanierung_005-26-00236_L2
25823366,1,,,,,Optimierung der Fischaufstiegsanlagen Unteres Puhlstromwehr (Unterspreewald),,,Optimierung der Fischaufstiegsanlagen Unteres Puhlstromwehr (Unterspreewald)
25825606,1,,,,,"BLB NRW D/ Wuppertal ( WE2179)  D-BUW, ENB Experimentierhalle Physik/VE380 Malerarbeiten",,,"BLB NRW D/ Wuppertal ( WE2179)  D-BUW, ENB Experimentierhalle Physik/VE380 Malerarbeiten"
25823060,1,,,,,Bedarfsampelanlage L109/Kohkamp der Gemeinde Wallenhorst,,,Bedarfsampelanlage L109/Kohkamp der Gemeinde Wallenhorst
25825602,1,,,,,"BLB NRW / NL BB / BAuA (WB 7700) / H2,3 und 4 Ertüchtigung Brandmeldeanlage / 080-26-00644",,,"BLB NRW / NL BB / BAuA (WB 7700) / H2,3 und 4 Ertüchtigung Brandmeldeanlage / 080-26-00644"
25822800,1,,,,,Sanierung Alte Bäckerei in Volkstedt (Nebengebäude) - Los 3 - Zimmerer- und Dachdeckerarbeiten,,,"a) Öffentlicher Auftraggeber (Vergabestelle)

Name und Anschrift:
Stadtverwaltung Lutherstadt Eisleben
Markt 1
06295 Lutherstadt Eisleben
Telefon:
+49 3475/655-231
Fax:
+49 3475/-655-125
E-Mail:
vergabestelle@lutherstadt-eisleben.de
Internet:
www.eisleben.eu

b)

Vergabeverfahren:
Öffentliche Ausschreibung, VOB/A
Vergabenummer:
11109-ZV-2026/16

c) Angaben zum elektronischen Vergabeverfahren und zur Ver- und Entschlüsselung der Unterlagen

Zugelassene Angebotsabgabe
elektronisch
in Textform
mit fortgeschrittener/m Signatur/Siegel
mit qualifizierter/m Signatur/Siegel

d) Art des Auftrags

Ausführung von Bauleistungen

e) Ort der Ausführung

06295 Lutherstadt Eisleben OT Volkstedt

f) Art und Umfang der Leistung, ggf. aufgeteilt nach Losen

Art der Leistung:
Los 3 - Zimmerer- und Dachdeckerarbeiten
Umfang der Leistung:
Die Lutherstadt Eisleben plant im OT Volkstedt an der ""Alten Bäckerei"" die Sanierung des ehemaligen Pferdestalls.
Die Baustelle befindet sich im Innenhof der öffentlich erschlossenen Schulstraße 29 in Volkstedt.
Im Gewerk Los 03 -Zimmer- und Dachdeckerarbeiten sind folgende Leistungen zu erbringen.
Los 3- Zimmerer- u. Dachdeckerarbeiten
13 Stück Fachwerkbinder lt. Statik herstellen, liefern, richten
20 m Auflager, Mauerlatte Bohle liefern und mit Gewindestangen befestigen
30 m Fachwerk für beide Giebelbinder herstellen und montieren
70 m² Aussteifung über Deckenbalken mit OSB-Platten 25mm herstellen
50 kg Verbindungsmittel
30 m Windrispenband
1 St. Aufrichten in fix und fertiger Arbeit
21 m Traufbrett d=40mm, b=150mm liefern, verlegen
30 m² Stulpschalung Außenwand liefern, zuschneiden, montieren
1 St. Dachtür herstellen, montieren

g) Angaben über den Zweck der baulichen Anlage oder des Auftrags, wenn auch Planungsleistungen gefordert werden

Zweck der baulichen Anlage:
Zweck des Auftrags:

h) Aufteilung in Lose (Art und Umfang der Lose siehe Buchstabe f)

Vergabe nach Losen:
Nein

i) Ausführungsfristen

Beginn der Ausführung:
07.12.2026
Fertigstellung oder Dauer der Leistungen:
22.12.2026
weitere Fristen:

j) Nebenangebote

nicht zugelassen

k) mehrere Hauptangebote

nicht zugelassen

l) Bereitstellung/Anforderung der Vergabeunterlagen

Vergabeunterlagen werden elektronisch zur Verfügung gestellt
unter:
https://www.evergabe.de/unterlagen/54321-Tender-1a0a471b4d4-1f6d156b8363e7ce
Maßnahmen zum Schutz vertraulicher Informationen:
Nein
Nachforderung:
Fehlende Unterlagen, deren Vorlage mit dem Angebot gefordert war, werden nachgefordert

o) Ablauf der Angebotsfrist

am:
29.09.2026
um:
08:20 Uhr
Ablauf der Bindefrist am:
13.11.2026

p)

Adresse für elektronische Angebote (URL): https://www.evergabe.de
Anschrift für schriftliche Angebote: -ENTFÄLLT- (es sind ausschließlich elektronische Angebote zugelassen)

q) Sprache, in der die Angebote abgefasst sein müssen

Deutsch

r) Zuschlagskriterien

nachfolgende Zuschlagskriterien, ggf. einschl. Gewichtung:
Niedrigster Preis

s) Eröffnungstermin

Der Eröffnungstermin entfällt, es sind ausschließlich elektronische Angebote zugelassen.
Ort:
Stadtverwaltung Lutherstadt Eisleben
Markt 1
06295 Lutherstadt Eisleben
Personen, die bei der Eröffnung anwesend sein dürfen:

t) geforderte Sicherheiten



u) Wesentliche Finanzierungs- und Zahlungsbedingungen und/oder Hinweise auf die maßgeblichen Vorschriften, in denen sie enthalten sind



v) Rechtsform der/Anforderung an Bietergemeinschaften



w) Beurteilung der Eignung

Präqualifizierte Unternehmen führen den Nachweis der Eignung durch den Eintrag in die Liste des Vereins für die Präqualifikation von Bauunternehmen e.V. (Präqualifikationsverzeichnis). Bei Einsatz von Nachunternehmen ist auf gesondertes Verlangen nachzuweisen, dass diese präqualifiziert sind oder die Voraussetzung für die Präqualifikation erfüllen.
Nicht präqualifizierte Unternehmen haben als vorläufigen Nachweis der Eignung mit dem Angebot das ausgefüllte Formblatt ''Eigenerklärung zur Eignung'' vorzulegen. Bei Einsatz von Nachunternehmen sind auf gesondertes Verlangen die Eigenerklärungen auch für diese abzugeben. Sind die Nachunternehmen präqualifiziert, reicht die Angabe der Nummer, unter der diese in der Liste des Vereins für die Präqualifikation von Bauunternehmen e.V. (Präqualifikationsverzeichnis) geführt werden.
Gelangt das Angebot in die engere Wahl, sind die Eigenerklärungen (auch die der Nachunternehmen) auf gesondertes Verlangen durch Vorlage der in der ''Eigenerklärung zur Eignung'' genannten Bescheinigungen zuständiger Stellen zu bestätigen. Bescheinigungen, die nicht in deutscher Sprache abgefasst sind, ist eine Übersetzung in die deutsche Sprache beizufügen.
Das Formblatt 'Eigenerklärung zur Eignung' ist erhältlich:
https://service.eisleben.eu/index.php?NavID=3918.83
Formblatt 124 - Eigenerklärung zur Eignung
Darüber hinaus hat der Bieter zum Nachweis seiner Fachkunde folgende Angaben gemäß § 6a Abs. 3 VOB/A zu machen:
Zusammen mit dem Angebot die folgenden Erklärungen, für welche die
entsprechenden Formblätter den Vergabeunterlagen beiliegen:
Bewerbererklärung gemäß RdErI. des MW vom 21.11.2008 - 41-32570/3
Eigenerklärung zur Eignung
Auf gesondertes Verlangen sind folgende Unterlagen einzureichen:
Urkalkulation, Bescheinigungen der in der Eigenerklärung zur Eignung genannten zuständigen Stellen
Folgenden Erklärungen auch für Nachunternehmer, für welche die
entsprechenden Formblätter den Vergabeunterlagen beiliegen:
Eigenerklärung zur Eignung
Bewerbererklärung gemäß RdErI. des MW vom 21.11.2008 - 41-32570/3 vom
Nachunternehmer

x) Nachprüfung behaupteter Verstöße

Nachprüfungsstelle (§ 21 VOB/A):
Landkreis Mansfeld-Südharz Fachbereich 3 - Zentrale Vergabestelle
Rudolf-Breitscheidt-Straße 20/22
06526 Sangerhausen

y) Sonstige Angaben




Zimmerer/ Holzbau,Dachdeckung/ Dachabdichtung"
25823470,1,,,,,"VG Cochem, Stadt Cochem - Felssicherung Burgfrieden und Burgberg",,,"VG Cochem, Stadt Cochem - Felssicherung Burgfrieden und Burgberg"
25826918,1,,,,,Verbundvergabe Komplex Kargow/Möllenhagen 2027,,,"Verbundvergabe Komplex Kargow/Möllenhagen 2027 -- IC 2027 B-38 S169 Ost Rostock-Lalendorf-Neustrelitz

Verbundvergabe Komplex Kargow/Möllenhagen 2027"
25822796,1,,,,,Sanierung Alte Bäckerei in Volkstedt (Nebengebäude) - Los 2 - Bauhauptgewerke,,,"a) Öffentlicher Auftraggeber (Vergabestelle)

Name und Anschrift:
Stadtverwaltung Lutherstadt Eisleben
Markt 1
06295 Lutherstadt Eisleben
Telefon:
+49 3475/655-231
Fax:
+49 3475/-655-125
E-Mail:
vergabestelle@lutherstadt-eisleben.de
Internet:
www.eisleben.eu

b)

Vergabeverfahren:
Öffentliche Ausschreibung, VOB/A
Vergabenummer:
11109-ZV-2026/15

c) Angaben zum elektronischen Vergabeverfahren und zur Ver- und Entschlüsselung der Unterlagen

Zugelassene Angebotsabgabe
elektronisch
in Textform
mit fortgeschrittener/m Signatur/Siegel
mit qualifizierter/m Signatur/Siegel

d) Art des Auftrags

Ausführung von Bauleistungen

e) Ort der Ausführung

06295 Luterstadt Eisleben OT Volkstedt

f) Art und Umfang der Leistung, ggf. aufgeteilt nach Losen

Art der Leistung:
Los 2 - Bauhauptgewerke
Umfang der Leistung:
Die Lutherstadt Eisleben plant im OT Volkstedt an der ""Alten Bäckerei"" die Sanierung des ehemaligen Pferdestalls.
Die Baustelle befindet sich im Innenhof der öffentlich erschlossenen Schulstraße 29 in Volkstedt.
Im Gewerk Los 02 - Bauhauptgewerk sind folgende Leistungen sind im zu erbringen.
Los 2-Bauhauptgewerk
100 m² Fassadengerüst
1.500 m²/Wo Vorhaltung Fassadengerüst
35 m Brüstungsgeländer als Dachfangschutz
450mWo Dachfang, Gebrauchsüberlassung
4 m² Abbruch Wandecke Außenmauerwerk, Zwischenlagern für spätere Verwendung
25 m Abbruch Mauerkrone Außenmauerwerk, Zwischenlagern für spätere Verwendung
41 m Ringbalken aus Stahlbeton lt. Statik herstellen inkl. Schalung
1 Stück Türsturz mit Stahlträgern herstellen

g) Angaben über den Zweck der baulichen Anlage oder des Auftrags, wenn auch Planungsleistungen gefordert werden

Zweck der baulichen Anlage:
Zweck des Auftrags:

h) Aufteilung in Lose (Art und Umfang der Lose siehe Buchstabe f)

Vergabe nach Losen:
Nein

i) Ausführungsfristen

Beginn der Ausführung:
10.11.2026
Fertigstellung oder Dauer der Leistungen:
04.12.2026
weitere Fristen:

j) Nebenangebote

nicht zugelassen

k) mehrere Hauptangebote

nicht zugelassen

l) Bereitstellung/Anforderung der Vergabeunterlagen

Vergabeunterlagen werden elektronisch zur Verfügung gestellt
unter:
https://www.evergabe.de/unterlagen/54321-Tender-1a0a46327dc-7cc997cb18485106
Maßnahmen zum Schutz vertraulicher Informationen:
Nein
Nachforderung:
Fehlende Unterlagen, deren Vorlage mit dem Angebot gefordert war, werden nachgefordert

o) Ablauf der Angebotsfrist

am:
29.09.2026
um:
08:10 Uhr
Ablauf der Bindefrist am:
06.11.2026

p)

Adresse für elektronische Angebote (URL): https://www.evergabe.de
Anschrift für schriftliche Angebote: -ENTFÄLLT- (es sind ausschließlich elektronische Angebote zugelassen)

q) Sprache, in der die Angebote abgefasst sein müssen

Deutsch

r) Zuschlagskriterien

nachfolgende Zuschlagskriterien, ggf. einschl. Gewichtung:
Niedrigster Preis

s) Eröffnungstermin

Der Eröffnungstermin entfällt, es sind ausschließlich elektronische Angebote zugelassen.
Ort:
Stadtverwaltung Lutherstadt Eisleben
Markt 1
06295 Luth. Eisleben
Personen, die bei der Eröffnung anwesend sein dürfen:

t) geforderte Sicherheiten



u) Wesentliche Finanzierungs- und Zahlungsbedingungen und/oder Hinweise auf die maßgeblichen Vorschriften, in denen sie enthalten sind



v) Rechtsform der/Anforderung an Bietergemeinschaften



w) Beurteilung der Eignung

Präqualifizierte Unternehmen führen den Nachweis der Eignung durch den Eintrag in die Liste des Vereins für die Präqualifikation von Bauunternehmen e.V. (Präqualifikationsverzeichnis). Bei Einsatz von Nachunternehmen ist auf gesondertes Verlangen nachzuweisen, dass diese präqualifiziert sind oder die Voraussetzung für die Präqualifikation erfüllen.
Nicht präqualifizierte Unternehmen haben als vorläufigen Nachweis der Eignung mit dem Angebot das ausgefüllte Formblatt ''Eigenerklärung zur Eignung'' vorzulegen. Bei Einsatz von Nachunternehmen sind auf gesondertes Verlangen die Eigenerklärungen auch für diese abzugeben. Sind die Nachunternehmen präqualifiziert, reicht die Angabe der Nummer, unter der diese in der Liste des Vereins für die Präqualifikation von Bauunternehmen e.V. (Präqualifikationsverzeichnis) geführt werden.
Gelangt das Angebot in die engere Wahl, sind die Eigenerklärungen (auch die der Nachunternehmen) auf gesondertes Verlangen durch Vorlage der in der ''Eigenerklärung zur Eignung'' genannten Bescheinigungen zuständiger Stellen zu bestätigen. Bescheinigungen, die nicht in deutscher Sprache abgefasst sind, ist eine Übersetzung in die deutsche Sprache beizufügen.
Das Formblatt 'Eigenerklärung zur Eignung' ist erhältlich:
https://service.eisleben.eu/index.php?NavID=3918.83
Formblatt 124 - Eigenerklärung zur Eignung
Darüber hinaus hat der Bieter zum Nachweis seiner Fachkunde folgende Angaben gemäß § 6a Abs. 3 VOB/A zu machen:
Zusammen mit dem Angebot die folgenden Erklärungen, für welche die
entsprechenden Formblätter den Vergabeunterlagen beiliegen:
Bewerbererklärung gemäß RdErI. des MW vom 21.11.2008 - 41-32570/3
Eigenerklärung zur Eignung
Auf gesondertes Verlangen sind folgende Unterlagen einzureichen:
Urkalkulation, Bescheinigungen der in der Eigenerklärung zur Eignung genannten zuständigen Stellen
Folgenden Erklärungen auch für Nachunternehmer, für welche die
entsprechenden Formblätter den Vergabeunterlagen beiliegen:
Eigenerklärung zur Eignung
Bewerbererklärung gemäß RdErI. des MW vom 21.11.2008 - 41-32570/3 vom
Nachunternehmer

x) Nachprüfung behaupteter Verstöße

Nachprüfungsstelle (§ 21 VOB/A):
Landkreis Mansfeld-Südharz Fachbereich 3 - Zentrale Vergabestelle
Rudolf-Breitscheidt-Straße 20/22
06526 Sangerhausen

y) Sonstige Angaben




Baumeisterarbeiten,Abbruch/ Rückbau,Gerüste (allgemein)"
25822990,1,,,,,"Jagdbergstraße (Kuppingen) und Schloßstraße (Gültstein) - Tief-, Rohrleitungs- und Straßenbauarbeiten",,,"Jagdbergstraße (Kuppingen) und Schloßstraße (Gültstein) - Tief-, Rohrleitungs- und Straßenbauarbeiten"
25807478,2,,,,,JUZENA_Fenster und Türen (Außen),,,"Das Bestandsgebäude ist ein Jugendzentrum in Hamburg-Allermöhe aus dem Baujahr 1997 und besteht aus drei funktional miteinander verbundenen Gebäudeteilen in Massivbauweise aus Mauerwerk und Stahlbeton. Die Nutzung umfasst Aufenthaltsbereiche, Gruppenräume, einen Mehrzwecksaal, Büroflächen sowie Nebenräume einschließlich Sanitär- und Lagerbereiche.
Gegenstand der Ausschreibung im Gewerk Fenster- und Außentürarbeiten sind sämtliche erforderlichen Arbeiten an den Fenster-, Fassadenöffnungs- und Außentürelementen im Bestand sowie die Herstellung der öffnungsschließenden Bauteile für einen zusätzlichen Gebäudeteil. Dies umfasst insbesondere Liefer-, Montage- und Anschlussarbeiten sowie Maßnahmen zur energetischen, einbruchhemmenden und bauphysikalischen Ertüchtigung der Öffnungselemente und ihrer Bauanschlüsse. Die vorhandenen Fenster- und Außentürelemente sind bereits ausgebaut und entsorgt; Ausbau- und Entsorgungsleistungen sind nicht Bestandteil dieser Ausschreibung.
Neubau Gebäudeteil:
? Lieferung und Montage der Fenster-, Festverglasungs- und Außentürelemente mit Beschlägen
? Verglasungen nach Anforderungen an Wärme-, Schall-, Sonnenschutz und Absturzsicherung
? Befestigung nach Montageplanung, dichte Bauanschlüsse, Fensterbänke innen und außen
? Barrierefreie Schwellen, Panik- und Verriegelungsbeschläge, Anarbeitung an den Bestand
Fenster- und Außentürarbeiten im Bestand:
? Aufmaß, Herrichtung der Laibungen, Anpassung der Öffnungsmaße mit dem Rohbau
? Einbau neuer Elemente mit verbesserten U-Werten und einbruchhemmender Ausführung
? Dichte Anschlüsse an Bestandsbauteile, Fensterbänke innen und außen
? Witterungssichere Provisorien, Schutz angrenzender Bauteile
Lage und Ausbildung sämtlicher Öffnungen und Anschlüsse sind auf Grundlage der Ausführungsplanung und in Abstimmung mit der Fachplanung der Technischen Gebäudeausrüstung festzulegen; die Ausführung hat nach den geltenden Normen zu erfolgen.
Zum Leistungsumfang gehören außerdem:
? Werk- und Montagepläne sowie Aufmaß sämtlicher Öffnungen vor Fertigung
? Laufende Abstimmung der Anschlussdetails mit Fachplanern und Nachbargewerken
? Nachweise und Dokumentation, Einweisung und Übergabe der Wartungsunterlagen

JUZENA_Fenster und Türen (Außen)"
25822792,1,,,,,Sanierung Alte Bäckerei in Volkstedt (Nebengebäude) - Los 1 - Abbrucharbeiten,,,"a) Öffentlicher Auftraggeber (Vergabestelle)

Name und Anschrift:
Stadtverwaltung Lutherstadt Eisleben
Markt 1
06295 Lutherstadt Eisleben
Telefon:
+49 3475/655-231
Fax:
+49 3475/-655-125
E-Mail:
vergabestelle@lutherstadt-eisleben.de
Internet:
www.eisleben.eu

b)

Vergabeverfahren:
Öffentliche Ausschreibung, VOB/A
Vergabenummer:
11109-ZV-2026/14

c) Angaben zum elektronischen Vergabeverfahren und zur Ver- und Entschlüsselung der Unterlagen

Zugelassene Angebotsabgabe
elektronisch
in Textform
mit fortgeschrittener/m Signatur/Siegel
mit qualifizierter/m Signatur/Siegel

d) Art des Auftrags

Ausführung von Bauleistungen

e) Ort der Ausführung

06295 Lutherstadt Eisleben OT Volkstedt

f) Art und Umfang der Leistung, ggf. aufgeteilt nach Losen

Art der Leistung:
Los 1 - Abbrucharbeiten
Umfang der Leistung:
Die Lutherstadt Eisleben plant im OT Volkstedt an der ""Alten Bäckerei"" die Sanierung des ehemaligen Pferdestalls.
Die Baustelle befindet sich im Innenhof der öffentlich erschlossenen Schulstraße 29 in Volkstedt. Es soll das alte Flachdach zurückgebaut und durch ein neues Satteldach ersetzt werden
Im Gewerk Los 01 - Abbruch sind folgende Leistungen im zu erbringen.
Los 1-Abbruch
5 m² Sträucher roden
100 m² Bewuchs Weinranken Fassade/Dach entfernen
75 m² Wellasbestplatten Dach abbrechen/entsorgen
15 m Dachrinnen/Fallrohre abbrechen/entsorgen
70 m² Holzbalkendecke mit Lehmfüllung abbrechen/entsorgen

g) Angaben über den Zweck der baulichen Anlage oder des Auftrags, wenn auch Planungsleistungen gefordert werden

Zweck der baulichen Anlage:
Zweck des Auftrags:

h) Aufteilung in Lose (Art und Umfang der Lose siehe Buchstabe f)

Vergabe nach Losen:
Nein

i) Ausführungsfristen

Beginn der Ausführung:
03.11.2026
Fertigstellung oder Dauer der Leistungen:
09.11.2026
weitere Fristen:

j) Nebenangebote

nicht zugelassen

k) mehrere Hauptangebote

nicht zugelassen

l) Bereitstellung/Anforderung der Vergabeunterlagen

Vergabeunterlagen werden elektronisch zur Verfügung gestellt
unter:
https://www.evergabe.de/unterlagen/54321-Tender-1a0a451297f-5525a3006d35da15
Maßnahmen zum Schutz vertraulicher Informationen:
Nein
Nachforderung:
Fehlende Unterlagen, deren Vorlage mit dem Angebot gefordert war, werden nachgefordert

o) Ablauf der Angebotsfrist

am:
29.09.2026
um:
08:00 Uhr
Ablauf der Bindefrist am:
30.10.2026

p)

Adresse für elektronische Angebote (URL): https://www.evergabe.de
Anschrift für schriftliche Angebote: -ENTFÄLLT- (es sind ausschließlich elektronische Angebote zugelassen)

q) Sprache, in der die Angebote abgefasst sein müssen

Deutsch

r) Zuschlagskriterien

nachfolgende Zuschlagskriterien, ggf. einschl. Gewichtung:
Niedrigster Preis

s) Eröffnungstermin

Der Eröffnungstermin entfällt, es sind ausschließlich elektronische Angebote zugelassen.
Ort:
Stadtverwaltung Lutherstadt Eisleben
Markt 1
06295 Luth. Eisleben
Personen, die bei der Eröffnung anwesend sein dürfen:

t) geforderte Sicherheiten



u) Wesentliche Finanzierungs- und Zahlungsbedingungen und/oder Hinweise auf die maßgeblichen Vorschriften, in denen sie enthalten sind



v) Rechtsform der/Anforderung an Bietergemeinschaften



w) Beurteilung der Eignung

Präqualifizierte Unternehmen führen den Nachweis der Eignung durch den Eintrag in die Liste des Vereins für die Präqualifikation von Bauunternehmen e.V. (Präqualifikationsverzeichnis). Bei Einsatz von Nachunternehmen ist auf gesondertes Verlangen nachzuweisen, dass diese präqualifiziert sind oder die Voraussetzung für die Präqualifikation erfüllen.
Nicht präqualifizierte Unternehmen haben als vorläufigen Nachweis der Eignung mit dem Angebot das ausgefüllte Formblatt ''Eigenerklärung zur Eignung'' vorzulegen. Bei Einsatz von Nachunternehmen sind auf gesondertes Verlangen die Eigenerklärungen auch für diese abzugeben. Sind die Nachunternehmen präqualifiziert, reicht die Angabe der Nummer, unter der diese in der Liste des Vereins für die Präqualifikation von Bauunternehmen e.V. (Präqualifikationsverzeichnis) geführt werden.
Gelangt das Angebot in die engere Wahl, sind die Eigenerklärungen (auch die der Nachunternehmen) auf gesondertes Verlangen durch Vorlage der in der ''Eigenerklärung zur Eignung'' genannten Bescheinigungen zuständiger Stellen zu bestätigen. Bescheinigungen, die nicht in deutscher Sprache abgefasst sind, ist eine Übersetzung in die deutsche Sprache beizufügen.
Das Formblatt 'Eigenerklärung zur Eignung' ist erhältlich:
https://service.eisleben.eu/index.php?NavID=3918.83
Formblatt 124 - Eigenerklärung zur Eignung
Darüber hinaus hat der Bieter zum Nachweis seiner Fachkunde folgende Angaben gemäß § 6a Abs. 3 VOB/A zu machen:
Zusammen mit dem Angebot die folgenden Erklärungen, für welche die
entsprechenden Formblätter den Vergabeunterlagen beiliegen:
Bewerbererklärung gemäß RdErI. des MW vom 21.11.2008 - 41-32570/3
Eigenerklärung zur Eignung
Auf gesondertes Verlangen sind folgende Unterlagen einzureichen:
Urkalkulation, Bescheinigungen der in der Eigenerklärung zur Eignung genannten zuständigen Stellen
Folgenden Erklärungen auch für Nachunternehmer, für welche die
entsprechenden Formblätter den Vergabeunterlagen beiliegen:
Eigenerklärung zur Eignung
Bewerbererklärung gemäß RdErI. des MW vom 21.11.2008 - 41-32570/3 vom
Nachunternehmer

x) Nachprüfung behaupteter Verstöße

Nachprüfungsstelle (§ 21 VOB/A):
Landkreis Mansfeld-Südharz Fachbereich 3 - Zentrale Vergabestelle
Rudolf-Breitscheidt-Straße 20/22
06526 Sangerhausen

y) Sonstige Angaben




Abbruch/ Rückbau,Dachdeckung/ Dachabdichtung,Klempner,Asbestentsorgung/ Asbestsanierung,Entsorgung von Abbruchmaterialien,Entsorgung von Gefahrstoffen/ Schadstoffen/ Sondermüll"
25822592,1,,,,,Lieferleistungen Weichen,,,"a) Zur Angebotsabgabe auffordernde Stelle: Name des Auftraggebers: Cargill GmbH; Straße, Hausnummer: Klötzerstraße 28 - 32; Postleitzahl: 01587; Ort: Riesa; Land: Deutschland; E-Mail: Bhuvaneswari_Singaravelu@cargill.com; Telefonnummer: +49 35257080; Fax: +49 3525733363; Internetadresse: https://www.cargill.de/de/home; Den Zuschlag erteilende Stelle: s.o.; Stelle, bei der die Angebote oder Teilnahmeanträge einzureichen sind: s.o.
b) Vergabeart: Öffentliche Ausschreibung
c) Form, in der Teilnahmeanträge oder Angebote einzureichen sind: Angebote können nur elektronisch abgegeben werden; Anschrift, an die die Angebote elektronisch zu übermitteln sind: www.evergabe.de 
d) Art und Umfang der Leistung: Herstellung und Lieferung von Weichen für das Projekt der Erweiterung der Gleisanlage von der Cargill GmbH in Riesa, Sachsen.

Die in dieser Ausschreibung angefragte Leistung beinhaltet die Lieferleistungen der Weichen.
zum Lieferumfang gehören folgende Materialien: 
- einfache Weiche 49-150-1:6,65557-Fsch (Hh) - links - 2 Stück
- einfache Weiche 49-150-1:6,65557-Fsch (Hh) - rechts - 1 Stück
- alternativ sollen die Weichen als aufgearbeitete Weichen angeboten werden
- Weichenzeichnung

Genauere Informationen bitte aus der Leistungsbeschreibung entnehmen.; Orte der Leistungserbringung: Offizielle Bezeichnung: Cargill GmbH; Straße, Hausnummer: Klötzerstraße 28 - 32; Postleitzahl: 01587; Ort: Riesa; Land: Deutschland
e) Ggf. Anzahl, Größe und Art der einzelnen Lose: entfällt, da keine losweise Vergabe
f) Nebenangebote sind zugelassen 
g) Ausführungsfrist: Beginn: 12.10.2026; Ende: 18.01.2027; Erste Weiche N3 muss zum 18.01.2027 geliefert werden. Weichen N1 und N2 müssen spätestens zum 17.02.2027 geliefert werden.
h) Die Vergabeunterlagen werden auf der Vergabeplattform evergabe.de bereitgestellt.
i) Angebotsfrist: 29.09.2026, 13:00 Uhr; Bindefrist: 29.10.2026
j) Höhe etwa geforderter Sicherheitsleistungen: 5 % der Auftragssumme (inkl. Umsatzsteuer, ohne Nachträge)
k) Wesentliche Zahlungsbedingungen oder Angabe der Unterlagen, in denen sie enthalten sind: Zahlung der Rechnung erfolgt nach Lieferung der Weichen (nach Erfüllung der Leistung).
Zahlungsziel 30 Tage.
l) Mit dem Angebot oder dem Teilnahmeantrag vorzulegenden Unterlagen, die die Auftraggeber für die Beurteilung der Eignung des Bewerbers oder Bieters verlangen: Eigenerklärung zur Eignung Liefer-/Dienstleistungen
m) Kosten für Vervielfältigungen der Vergabeunterlagen: entfällt
n) Angabe der Zuschlagskriterien, sofern diese nicht in den Vergabeunterlagen genannt werden: entfällt, siehe Vergabeunterlagen


Gleise (Straßenbahn/ Eisenbahn)"
25825666,1,,,,,Umbau Kita Ev. Kirchengemeinde Malerarbeiten,,,Umbau Kita Ev. Kirchengemeinde Malerarbeiten
25825636,1,,,,,"Dach- und Deckensanierung Atrium Heriburg, Coesfeld: Dachdichtung- und Klempnerarbeiten",,,"Dach- und Deckensanierung Atrium Heriburg, Coesfeld: Dachdichtung- und Klempnerarbeiten"
25758778,3,,,,,A391 FBE AK BS-Nord - AS Wenden,,,"A391 FBE AK BS-Nord - AS Wenden, A391 FBE AK BS-Nord - AS Wenden

Bauleistung"
25823052,1,,,,,"26B20147 - MunLgr Zetel, Sanierung Blitzschutzanlagen, Hauptverteilung erneuern für mehrer Munitionslagerhäuser und Baustrom vorhalten",,,"26B20147 - MunLgr Zetel, Sanierung Blitzschutzanlagen, Hauptverteilung erneuern für mehrer Munitionslagerhäuser und Baustrom vorhalten"
25825586,1,,,,,GI - Schachtdeckenerneuerung - SKU Altmyhl,,,GI - Schachtdeckenerneuerung - SKU Altmyhl
25822652,1,,,,,NEU 55_Neubau Kindertageseinrichtung Herzberger Straße 31 - Los 13 Spielgeräte,,,"a) Öffentlicher Auftraggeber (Vergabestelle)

Name und Anschrift:
Landeshauptstadt Dresden, GB Wirtschaft, Digitales, Personal und Sicherheit, Zentrales Vergabebüro
Postfach 120020
01001 Dresden
Telefon:
Fax:
E-Mail:
zvb-vob@dresden.de
Internet:
https://www.dresden.de

b)

Vergabeverfahren:
Öffentliche Ausschreibung, VOB/A
Vergabenummer:
2026-GB311-00037

c) Angaben zum elektronischen Vergabeverfahren und zur Ver- und Entschlüsselung der Unterlagen

Zugelassene Angebotsabgabe
elektronisch
in Textform

d) Art des Auftrags

Planung und Ausführung von Bauleistungen

e) Ort der Ausführung

01239 Dresden

f) Art und Umfang der Leistung, ggf. aufgeteilt nach Losen

55_Neubau Kindertageseinrichtung Herzberger Straße 31,
Art der Leistung:
Los 13 Spielgeräte
Umfang der Leistung:
Spielgeräte in der Freianlage:
Herz 31: Station 1 - Balancierbereich, Station 2 - Matschanlage; Station 3 - Spielgerät Kinderkrippe; Station 4 - Spiellandschaft Kindergarten; Herz 33: Station 5 - Balancierbereich, Station 6 - Matschanlage, Station 7 - Spielgerät Kindergrippe, Station 8 - Spiellandschaft Kindergarten
+++Anhand der aufgeführten Bewertungskriterien und der Bewertungsmatrix wird aus den eingereichten Vorschlägen die beste konzeptionelle Lösung ermittelt. Die Bewertung erfolgt dazu durch eine Jury.+++
+++Als Kostenobergrenze sind 131.000 EUR netto zuzüglich 19 % Mwst. vorgegeben. Dieser Wert darf nicht überschritten werden. Unterschreitungen führen zu keinen Wettbewerbsvorteilen.+++
+++Folgende leistungsbezogene Unterlagen sind mit dem Angebot einzureichen und werden NICHT nachgefordert, da es die Zuschlagskriterien betreffen und somit der Wirtschaftlichkeitsbewertung des Angebotes dienen:
Lageplan mit Eintragung aller Spielgeräte (Inkl. aller zu den Spielgeräten dazugehörenden Fallschutzbereiche und Sicherheitsabstände) möglichst im Maßstab 1 : 100
jeweils 1 max. 2 aussagefähige Skizzen oder Ansichten oder 1 max. 2 Modellfotos zur Visualisierung des jeweiligen Spielgeräts, keine Referenzfotos
Erläuterungstext der Gesamtgestaltung und Idee (max. 4 Seiten DIN A4)
Beschreibung Spielwert, Berücksichtigung der gewünschten Spielfunktionen und Aufenthaltswert (max. 4 Seiten DIN A4)
ausgefülltes Leistungsverzeichnis GAEB-Datei X84
Angaben zur Länge der Mängelansprüchefrist in beigefügtem Formblatt.
Unvollständige Angebote können nicht gewertet werden!+++
+++Folgende Unterlagen sind auf gesondertes Verlangen der Vergabestelle vorzulegen: - Urkalkulation, Inhalt der Urkalkulation: Diese ist mindestens gemäß dem Inhalt nach Formblatt 223 - Aufgliederung der Einheitspreise von ALLEN Positionen zu erstellen, d. h.: LV-Position; Kurzbezeichnung; Menge; Mengeneinheit; Zeitansatz; Teilkosten einschl. Zusätze in Euro je Mengeneinheit (Löhne, Stoffe, Geräte, Sonstiges); angebotener Einheitspreis (Summe aus Löhne, Stoffe, Geräte, Sonstiges)+++

g) Angaben über den Zweck der baulichen Anlage oder des Auftrags, wenn auch Planungsleistungen gefordert werden

Zweck der baulichen Anlage:
Zweck des Auftrags:

h) Aufteilung in Lose (Art und Umfang der Lose siehe Buchstabe f)

Vergabe nach Losen:
Nein

i) Ausführungsfristen

Beginn der Ausführung:
07.01.2027
Fertigstellung oder Dauer der Leistungen:
16.07.2027
weitere Fristen:
weitere Fristen siehe Anlage 1 zum Formblatt 214 weitere besondere Vertragsbedingungen

j) Nebenangebote

nicht zugelassen

k) mehrere Hauptangebote

zugelassen

l) Bereitstellung/Anforderung der Vergabeunterlagen

Vergabeunterlagen werden elektronisch zur Verfügung gestellt
unter:
https://www.evergabe.de/unterlagen/54321-Tender-1a06bf27808-765c7f960904949b
Maßnahmen zum Schutz vertraulicher Informationen:
Nein
Nachforderung:
Fehlende Unterlagen, deren Vorlage mit dem Angebot gefordert war, werden teilweise nachgefordert
und zwar folgende Unterlagen: Fehlende Unterlagen, deren Vorlage mit dem Angebot gefordert war, werden teilweise nachgefordert und zwar folgende Unterlagen: siehe Formblatt 216 Punkt 1.1, 1.2 und 1.4. Nicht nachgefordert werden die Unterlagen aus Formblatt 216 Punkt 1.3

o) Ablauf der Angebotsfrist

am:
05.10.2026
um:
15:00 Uhr
Ablauf der Bindefrist am:
25.11.2026

p)

Adresse für elektronische Angebote (URL): https://www.evergabe.de
Anschrift für schriftliche Angebote: -ENTFÄLLT- (es sind ausschließlich elektronische Angebote zugelassen)

q) Sprache, in der die Angebote abgefasst sein müssen

Deutsch

r) Zuschlagskriterien

nachfolgende Zuschlagskriterien, ggf. einschl. Gewichtung:
1 Gesamtgestaltung und Idee (30%), 2 Spielwert, Funktionen (30%), 3 Berücksichtigung Altersgruppen und Befähigung (30%), 4 Mängelansprüchefrist (10%)

s) Eröffnungstermin

am:
05.10.2026
um:
15:00 Uhr
Ort:
entfällt, da ausschließlich elektronische Angebotsabgabe zugelassen
Personen, die bei der Eröffnung anwesend sein dürfen:
Beauftragte des Auftraggebers

t) geforderte Sicherheiten

siehe Vergabeunterlagen

u) Wesentliche Finanzierungs- und Zahlungsbedingungen und/oder Hinweise auf die maßgeblichen Vorschriften, in denen sie enthalten sind

siehe Vergabeunterlagen

v) Rechtsform der/Anforderung an Bietergemeinschaften

gesamtschuldnerisch haftende Bietergemeinschaft mit bevollmächtigtem Vertreter

w) Beurteilung der Eignung

Präqualifizierte Unternehmen führen den Nachweis der Eignung durch den Eintrag in die Liste des Vereins für die Präqualifikation von Bauunternehmen e.V. (Präqualifikationsverzeichnis). Bei Einsatz von Nachunternehmen ist auf gesondertes Verlangen nachzuweisen, dass diese präqualifiziert sind oder die Voraussetzung für die Präqualifikation erfüllen.
Nicht präqualifizierte Unternehmen haben als vorläufigen Nachweis der Eignung mit dem Angebot das ausgefüllte Formblatt ''Eigenerklärung zur Eignung'' vorzulegen. Bei Einsatz von Nachunternehmen sind auf gesondertes Verlangen die Eigenerklärungen auch für diese abzugeben. Sind die Nachunternehmen präqualifiziert, reicht die Angabe der Nummer, unter der diese in der Liste des Vereins für die Präqualifikation von Bauunternehmen e.V. (Präqualifikationsverzeichnis) geführt werden.
Gelangt das Angebot in die engere Wahl, sind die Eigenerklärungen (auch die der Nachunternehmen) auf gesondertes Verlangen durch Vorlage der in der ''Eigenerklärung zur Eignung'' genannten Bescheinigungen zuständiger Stellen zu bestätigen. Bescheinigungen, die nicht in deutscher Sprache abgefasst sind, ist eine Übersetzung in die deutsche Sprache beizufügen.
Das Formblatt 'Eigenerklärung zur Eignung' ist erhältlich:
Siehe Vergabeunterlagen; +++ZU BEACHTEN: 1. Der Bieter hat zum Nachweis seiner Fachkunde, Leistungsfähigkeit u. Zuverlässigkeit MIT ANGEBOTSABGABE die Eigenerklärung zur Eignung mit folgenden Angaben einzureichen: - Angaben zum Umsatz des Unternehmens jeweils bezogen auf die letzten drei abgeschlossenen Geschäftsjahre, soweit es Bauleistungen und andere Leistungen betrifft, die mit der zu vergebenden Leistung vergleichbar sind, unter Einschluss des Anteils bei gemeinsam mit anderen Unternehmen ausgeführten Aufträgen; - Angaben über die Ausführung von Leistungen in den letzten 5 Kalenderjahren, die mit der zu vergebenden Leistung vergleichbar sind (mind. 3 Eigenreferenzen; 1. Referenzgeber: Bauherr/Auftraggeber (Name, Anschrift, Telefonnummer/Mail-Adresse), 2. Bezeichnung des Bauvorhabens, 3. Ort der Ausführung (Ort, Straße), 4. Auftragssumme, 5. Ausführungszeit (Montat/Jahr von Baubeginn und Fertigstellung), 6. Kurzbezeichnung der Baumaßnahme einschließlich eventueller Besonderheiten der Ausführung, ggf. auch im Bezug auf besondere technische und gerätespezifische Anforderungen); - Angaben zur Zahl der in den letzten 3 abgeschlossenen Kalenderjahren jahresdurchschnittlich beschäftigten Arbeitskräfte, gegliedert nach Lohngruppen mit gesondert ausgewiesenem technischem Leitungspersonal; - Erklärung zur Eintragung bei Handwerkskammer bzw. Industrie- und Handelskammer (Name u. Ort der Instituiton, Mitgliedsnr., Gegenstand des Unternehmens); - Angaben zur Eintragung in das Handelsregister (Nr. u. Registergericht); - Erklärung zur Zahlung von Abgaben und Beiträgen sowie Sozialversicherung; - Angaben zur Zahlung von Beiträgen zur Unfallversicherung (Name des Versichrungsträgers und Nr.); - Angaben zur Zahlung von Beiträgen zur tariflichen Sozialkasse (Name der Sozialkasse); - Erklärung zu Freistellungsbescheinigung nach § 48 EStG; - Erklärung zu Insolvenzverfahren; - Erklärung zu Liquidation; - Erklärung zu schwerer Verfehlung nach § 6a Absatz 2 Nummer 7 VOB/A
2. Der Nachweis der Eignung kann auch durch Eintrag in die Liste des Vereins für die Präqualifikation von Bauunternehmen e.V. (Präqualifikationsnachweis VOB mittels PQ-Verein) geführt werden.
3. - Angabe, welche Teile des Auftrags der Unternehmer unter Umständen als Unteraufträge zu vergeben beabsichtigt.+++
Darüber hinaus hat der Bieter zum Nachweis seiner Fachkunde folgende Angaben gemäß § 6a Abs. 3 VOB/A zu machen:

x) Nachprüfung behaupteter Verstöße

Nachprüfungsstelle (§ 21 VOB/A):
(nach vorheriger Rüge beim Auftraggeber via Bietercockpit auf https://www.evergabe.de) Landesdirektion Sachsen, Referat 39 (E-Mail: post@lds.sachsen.de)
09105 Chemnitz (Besucheranschrift: Stauffenber; Diese elektronische Bekanntmachung auf https://www.evergabe.de ist die einzige amtliche Veröffentlichung. Eventuelle nachträgliche Informationen erfolgen ausschließlich über die Plattform evergabe.de.


Spielplätze,Landschaftsbau/ Außenanlagen,Spielplätze/ Freizeitanlagen (Ausstattung)"
25823772,1,,,,,Rahmenvereinbarung Zeitvertragsarbeiten Landschaftsbau | Campus Saarbrücken & Dudweiler,,,"Zeitvertragsarbeiten Landschaftsbau | Campus Saarbrücken & Dudweiler

Rahmenvereinbarung Zeitvertragsarbeiten Landschaftsbau | Campus Saarbrücken & Dudweiler"
25826946,1,,,,,Tief- und Rohbau Brandschutzertüchtigung Müllheizkraftwerk Neustadt i.H,,,"Im Rahmen der Brandschutzertüchtigung des Müllheizkraftwerkes Neustadt in Holstein wird die Löschanlage im Müllbunker sowie in den Trafoanlagen erneuert.
Damit im Zusammenhang sind folgende bauliche Anlagen neu zu erstellen :
- Löschwasserzentrale mit Schaumzumischung
- Löschwasserbehälter mit Pumpenhaus
- ein Lagerraum für Gas für die Inertisierungsanlage des Traforaumes sowie des Mittelspannungsraumes

Tief- und Rohbau Brandschutzertüchtigung Müllheizkraftwerk Neustadt i.H"
25822568,1,,,,,Erneuerung Zentralkälte | Erzgebirgsklinikum gGmbH Haus Annaberg,,,"Der Auftraggeber Erzgebirgsklinikum gGmbH, Chemnitzer Str. 15, 09456 Annaberg-Buchholz, Deutschland gibt in dem Vergabeverfahren mit der Vergabenummer VE01 zu der am 13.08.2026 07:06 Uhr auf www.evergabe.de (Vergabe-ID: 3437229) veröffentlichten Bekanntmachung mit dem Titel ""Erneuerung Zentralkälte | Erzgebirgsklinikum gGmbH Haus Annaberg"" folgende Berichtigung bekannt:
Die Abgabefrist wird auf den 21.09.2026 um 13:00 Uhr verlängert.


Klimatechnik-/ Lüftungstechnik,Kältetechnik"
25823254,1,,,,,"studierendenWERK BERLIN WH Danckelmannstr., Instandsetzung/Umbau der Sanitärbereiche und der Gemeinschaftsküchen, Abbrucharbeiten und Schadstoffsanierungsarbeiten",,,"studierendenWERK BERLIN WH Danckelmannstr., Instandsetzung/Umbau der Sanitärbereiche und der Gemeinschaftsküchen, Abbrucharbeiten und Schadstoffsanierungsarbeiten"
25825458,1,,,,,FB.RayBarracks.Entsorgung von Haufwerken,,,"Allgemeine Regelungen für Bauarbeiten jeder Art (DIN 18 299);

Entsorgung Haufwerke"
25822564,1,,,,,"Kompetenzzentrum Stein, Los 06 - Fenster, Außentüren, PR-Konstruktion",,,"a) Auftraggeber:  Offizielle Bezeichnung: Landratsamt Bautzen; Bereich/Abteilung: Zentrale Vergabestelle; Straße, Hausnummer: Bahnhofstraße 9; Postleitzahl: 02625; Ort: Bautzen; Land: DE; Telefon: +49 3591-5251-23312; Fax: +49 3591-5250-23312; Internet-Adresse: https://www.landkreis-bautzen.de; E-Mail: vergabe2@lra-bautzen.de
b) Vergabeart: Öffentliche Ausschreibung
c) Angebote können nur elektronisch abgegeben werden.
d) Art des Auftrages: Hochbau: Fenster, Außentüren, PR-Konstruktion
e) Ort(e) der Ausführung: Offizielle Bezeichnung: Kompetenzzentrum Stein; Straße, Hausnummer: August-Bebel-Straße 17; Postleitzahl: 01877; Ort: Demitz-Thumitz; Land: DE
f) Art und Umfang der Leistung: Der Landkreis Bautzen plant die Modernisierung und Weiterentwicklung der Sächsischen Steinmetzschule Demitz-Thumitz zum Kompetenzzentrum Stein.

Die Leistung umfasst die Lieferung und Montage von Aluminiumfenstern, Außentüren, Fensterbänken, außenliegenden Raffstores sowie Aluminium-Pfosten-Riegel-Fassaden einschließlich Verglasungen, Beschlägen, Befestigungen und Baukörperanschlüssen.

Für o.g. Los ist mit folgenden Grobmengen zu rechnen:
 
Aluminiumfenster:
• ca. 25 St Aluminiumfenster bzw. Festverglasungen in unterschiedlichen Abmessungen
• davon ca. 21 St Fenster/Festverglasungen im Anbau Schule
• ca. 4 St Kippfenster im CNC-Gebäude
• hochwärmegedämmte Aluminium-Profilsysteme
• Sonnenschutz- und Sicherheitsverglasungen entsprechend Einbausituation
• Oberfläche pulverbeschichtet, RAL 7043

Sonnenschutz:
• ca. 11 St motorisch betriebene Raffstores/Außenjalousien
• Aluminium-Z-Lamellen, Motorantrieb 230 V
• einschließlich Kästen, Führungsschienen, Halterungen und Funktionsprüfung

Fensterbänke:
• ca. 23 St Naturstein-Außenfensterbänke aus Lausitzer Granit
• ca. 23 St Naturstein-Innenfensterbänke aus Lausitzer Granit
• ca. 8 St weitere Fensterbänke im CNC-Gebäude

Außentüren:
• 3 St thermisch getrennte Aluminium-Außentüren, davon 1 St mit festverglastem Seitenteil
• 2 St Stahl-Außentürelemente im Bereich CNC-Gebäude/Schauer, davon 1 St einflügelig und 1 St zweiflügelig
• teilweise als Notausgangstüren mit Fluchttürbeschlägen
• einschließlich Türschließern, Beschlägen, Schwellen- und Baukörperanschlüssen

Pfosten-Riegel-Fassaden:
• ca. 60 m2 thermisch getrennte Aluminium-Pfosten-Riegel-Fassade
• 2 Fassadenbereiche mit jeweils ca. 30 m2
• sichtbare Profilbreite ca. 60 mm
• Mehrscheiben-Isolierverglasung sowie opake und wärmegedämmte Paneelfelder
• einschließlich Pfosten, Riegel, Druckleisten, Deckschalen, Konsolen, Befestigungen und Baukörperanschlüsse
• zusätzlich ca. 50 m Anschluss-, Sockel-, Laibungs- und Sturzbleche

Sonstige Leistungen:
• Werkstatt- und Montageplanung sowie Aufmaß und technische Bearbeitung
• erforderliche statische und bauphysikalische Nachweise
• Dokumentations-, Wartungs- und Bedienungsunterlagen
• Bauteilschutz bis zur Abnahme
• Nachjustierung der Fenster- und Türelemente nach ca. einem Jahr

Mit dem Angebot ist einzureichen:
• Formblatt (FB) 213 - Angebotsschreiben
• Teile der Leistungsbeschreibung: Leistungsverzeichnis/Leistungsprogramm (LV)
• Bieterangabenverzeichnis
• Produktdatenblätter angebotener Fabrikate/ Produkte, Prüfzeugnisse lt. LV
• ggf. GAEB-Datei 
• FB 124 - Eigenerklärung zur Eignung
• FB 221 und/ oder 222 - Angaben zur Preisermittlung

Folgende Erklärungen werden Ihnen zur Verfügung gestellt und sind dem Angebot im Bedarfsfall entsprechend der Aufforderung zur Abgabe eines Angebots (FB 631) beizufügen:
• FB 233 - Verzeichnis der Nachunternehmerleistungen
• FB 234 - Erklärung Bieter-/Arbeitsgemeinschaft
• FB 235 - Verzeichnis der Leistungen/Kapazitäten anderer Unternehmen

Konkretisierung Nachforderung (Punkt 3.3 FB 211):
Eine Nachforderung von Unterlagen ist teilweise ausgeschlossen.

Eine Nachforderung von Unterlagen erfolgt im Rahmen von § 16a VOB/A.
Eine Nachforderung des Angebotsschreibens sowie Teilen davon und/ oder des Leistungsverzeichnisses sowie Teilen davon erfolgt nicht.
Eine Nachforderung fehlender Preisangaben nach § 16a Abs. 2 VOB/A bleibt hiervon unberührt.

Hinweis zur Einreichung von Nebenangeboten:
Nebenangebote müssen auf einer besonderen Anlage eingereicht u. als solche deutlich gekennzeichnet werden (vgl. §13 Abs. 3 Satz 2 VOB/A). Sie sind nur in Verbindung mit einem Hauptangebot zugelassen.
Die Gleichwertigkeit der angebotenen mit der vorgegebenen Konstruktion ist durch Detailzeichnungen, Muster und System-Prüfzeugnisse mit Angebotsabgabe nachzuweisen.

Alle weiteren Einzelheiten entnehmen Sie bitte den beigefügten Verdingungsunterlagen.
g) Es werden Planungsleistungen gefordert: Werkplanung: bis 02.12.2026
h) Aufteilung in mehrere Lose: nein
i) Ausführungsfristen: Beginn: 23.11.2026, Ende: 26.02.2027, Werkplanung: bis 02.12.2026
j) Gegebenenfalls Angaben nach § 8 Absatz 2 Nummer 3 zur Nichtzulassung von Nebenangeboten: Entfällt, da Nebenangebote zugelassen sind.
k) Gegebenenfalls Angaben nach § 8 Absatz 2 Nummer 4 zur Nichtzulassung der Abgabe mehrerer Hauptangebote: Entfällt, da die Abgabe mehrerer Hauptangebote zugelassen ist.
 l) Stelle, bei der die Vergabeunterlagen angefordert werden können: Die Vergabeunterlagen werden auf der Vergabeplattform evergabe.de bereitgestellt. Ein unentgeltlicher Abruf ohne Registrierung ist möglich unter https://www.evergabe.de/unterlagen/3454354/zustellweg-auswaehlen.
m) Kosten für Vervielfältigungen der Vergabeunterlagen: entfällt
n) entfällt
o) Frist für den Eingang der Angebote: 07.10.2026, 10:00 Uhr; Bindefrist: 17.11.2026
p) Elektronische Angebote sind auf der Vergabeplattform evergabe.de abzugeben.
q) Angebote sind abzufassen in: Deutsch
r) Zuschlagskriterien, sofern diese nicht in den Vergabeunterlagen genannt werden und gegebenenfalls deren Gewichtung: Zuschlagskriterium ist, bei Erfüllung aller Anforderungen, der Preis.
s) Eröffnungstermin: Datum: 07.10.2026, 10:00 Uhr; Ort: elektronische Öffnung über eVergabe.de; Personen, die anwesend sein dürfen: keine
t) Sicherheiten: gem. Ausschreibungsunterlagen und VOB/B
u) Finanzierungs- und Zahlungsbedingungen: gem. Ausschreibungsunterlagen und VOB/B
v) Rechtsform einer Bietergemeinschaft: nicht angegeben
w) Verlangte Nachweise für die Beurteilung der Eignung: Präqualifizierte Unternehmen führen den Nachweis der Eignung durch den Eintrag in die Liste des Vereins für die Präqualifikation von Bauunternehmen e.V. (Präqualifikationsverzeichnis). Bei Einsatz von Nachunternehmen ist auf gesondertes Verlangen nachzuweisen, dass diese präqualifiziert sind oder die Voraussetzung für die Präqualifikation erfüllen. Nicht präqualifizierte Unternehmen haben als vorläufigen Nachweis der Eignung mit dem Angebot das ausgefüllte Formblatt 124 VHB Bund Ausgabe 2017 – Stand 2019 &#39;&#39;Eigenerklärung zur Eignung&#39;&#39; vorzulegen. Bei Einsatz von Nachunternehmen sind auf gesondertes Verlangen die Eigenerklärungen auch für diese abzugeben. Sind die Nachunternehmen präqualifiziert, reicht die Angabe der Nummer, unter der diese im Präqualifikationsverzeichnis (s.o.) geführt werden. Gelangt das Angebot in die engere Wahl, sind die Eigenerklärungen (auch die der Nachunternehmen) auf gesondertes Verlangen durch Vorlage der in der &#39;&#39;Eigenerklärung zur Eignung&#39;&#39; genannten Bescheinigungen zuständiger Stellen zu bestätigen. Bescheinigungen, die nicht in deutscher Sprache abgefasst sind, ist eine Übersetzung in die deutsche Sprache beizufügen. Das Formblatt &#39;Eigenerklärungen zur Eignung&#39; ist erhältlich: Siehe Vergabeunterlagen; ZU BEACHTEN: Der Bieter hat zum Nachweis seiner Fachkunde, Leistungsfähigkeit u. Zuverlässigkeit MIT ANGEBOTSABGABE die Eigenerklärung zur Eignung mit folgenden Angaben einzureichen: I. Verpflichtende Eignungsnachweise (Der Nachweis der Eignung kann auch mittels Präqualifikationsnachweis (s.o.) geführt werden.): 1.1. Angabe, dass nachweislich keine schwere Verfehlung begangen wurde, die die Zuverlässigkeit in Frage stellt; 1.2. Angaben zur Zahlung von Steuern, Abgaben und Beiträgen zur Sozialversicherung; 1.3. Angabe zu Insolvenzverfahren und Liquidation; 2.1. Angaben zu Registereintragungen; 2.2. Angabe zur Mitgliedschaft bei der Berufsgenossenschaft; 4.1. Vorlage geeigneter Referenzen über die Ausführung von Bauleistungen in den letzten 5 Kalenderjahren, die mit der zu vergebenden Leistung vergleichbar sind.; 4.2. Angabe zu Arbeitskräften + II. Ergänzende Eignungsnachweise: 1. Angabe der technischen Fachkräfte oder der technischen Stellen, die im Zusammenhang mit der Leistungserbringung eingesetzt werden sollen; 2. Beschreibung der technischen Ausrüstung des Unternehmens; 3. Beschreibung der Maßnahmen zur Qualitätssicherung des Unternehmens; 4. Angabe, welche Teile des Auftrags ich/wir an Unterauftrag-/Nachunternehmer vergeben beabsichtige(n). +++ HINWEIS: Gem. § 3 Abs. 1 SächsVergabeG ist grundsätzlich die Eigenerklärung vorzulegen. Bitte verwenden Sie hierfür das Ihnen zur Verfügung gestellte Formblatt 124 - Eigenerklärung zur Eignung der Angebotsheftung.
x) Vergabenachprüfstelle: Offizielle Bezeichnung: Landesdirektion Sachsen, Dienststelle Dresden; Bereich/Abteilung: Referat 39; Straße, Hausnummer: Stauffenbergallee 2; Postleitzahl: 01099; Ort: Dresden; Land: DE

Türen (Rauchschutz/ Brandschutz),Naturstein/ Steinmetz,Fenster/ Türen (Metall),Pfosten-Riegel-Fassade,Sonnenschutzeinrichtungen (außen),Verglasung,Beschläge"
25823764,1,,,,,,,,küchentechnische Anlage
25822740,1,,,,,Reichenbach bis Betonstraße (mit Radweg) - 3.BA und Reichenbach-Behringen Radweg,,,"Die Vergabestelle gibt bekannt, dass die Ausschreibung: ""Reichenbach bis Betonstraße (mit Radweg) - 3.BA und Reichenbach-Behringen Radweg"" mit der Vergabenummer: ""210023 - III"" in der Vergabeart: ""Öffentliche Ausschreibung"" aufgehoben wurde.

Straßenbau/ Tiefbau/ Erschließung (Komplettleistung),Straßenbau,Fußwege/ Radwege,Entwässerungskanäle,Trinkwasserleitungen"
25822560,1,,,,,Umbau Werkstatt zum Feuerwehrstandort in 01612 Glaubitz- Blitzschutzarbeiten,,,"a) Auftraggeber:  Offizielle Bezeichnung: VG Nünchritz-Glaubitz, i. A. der Gemeinde Glaubitz; Bereich/Abteilung: Bauamt; Straße, Hausnummer: Glaubitzer Straße 10; Postleitzahl: 01612; Ort: Nünchritz; Land: DE; Telefon: +49 352655000; Fax: +49 3526550053; E-Mail: post@nuenchritz.de
b) Vergabeart: Öffentliche Ausschreibung
c) Angebote können nur elektronisch abgegeben werden.
d) Art des Auftrages: Ausführung von Bauleistungen
e) Ort(e) der Ausführung: Offizielle Bezeichnung: Feuerwehrstandort Glaubitz; Straße, Hausnummer: Am Dorfteich 12; Postleitzahl: 01612; Ort: Glaubitz; Land: DE
f) Art und Umfang der Leistung: 400 m	Erdung Ringerder Stahl niro Fl30
270 m 	Erdung Funktionspotenzialausgleich Rd10-St
75 St	Verbinder Kl.N Kreuzverbindung Stahl niro
60 St	Verbindungsklemme für Bewehrungen
200 m	Fangltg Rd8-Al Flachdach
260 m	Fangltg Rd8-Al Grad und First
130 m 	Abltg Rd10-Al Wand sichtbar
5 St 	CUI-Abltg 3,5m
20 St 	Gittermatten für Potentialsteuerung
g) Es werden keine Planungsleistungen gefordert
h) Aufteilung in mehrere Lose: nein
i) Ausführungsfristen: Beginn: 02.11.2026, Ende: 30.10.2027, 1. Tiefbau: der umlaufende Ringerder muss in 4 zeitlich versetzen Bauabschnitten verlegt werden.     2. Rohbau: Das Gebäude wird in 4 zeitlich versetzen Bauabschnitten umgebaut. Die Verlegung der einzelnen neuen Fundamterder erfolgt damit auch in 4 zeitlich versetzten Bauabschnitten.      3. Fassade: Das Gebäude wird in 4 zeitlich versetzen Bauabschnitten umgebaut. Die Verlegung der einzelnen neuen Ableitungen erfolgt damit auch in 4 zeitlich versetzten Bauabschnitten.      4. Dachaufbau/Eindeckung: Das Gebäude wird in 4 zeitlich versetzen Bauabschnitten umgebaut. Die Verlegung der einzelnen neuen Fangleitungen erfolgt damit auch in 4 zeitlich versetzten Bauabschnitten. Dazu sind die verschiedenen Dachtypen (Flachdach und Schrägdach) zu beachten.     Dieser zeitliche Bauablauf ist zwingend bei der Kalkulation zu berücksichtigen und einzupreisen.
j) Gegebenenfalls Angaben nach § 8 Absatz 2 Nummer 3 zur Nichtzulassung von Nebenangeboten: Entfällt, da Nebenangebote zugelassen sind.
k) Gegebenenfalls Angaben nach § 8 Absatz 2 Nummer 4 zur Nichtzulassung der Abgabe mehrerer Hauptangebote: Die Abgabe mehrerer Hauptangebote ist nicht zugelassen. Nebenangebote zulässig nur in Verbindung mit einem Hauptangebot.
 l) Stelle, bei der die Vergabeunterlagen angefordert werden können: Die Vergabeunterlagen werden auf der Vergabeplattform evergabe.de bereitgestellt. Ein unentgeltlicher Abruf ohne Registrierung ist möglich unter https://www.evergabe.de/unterlagen/3454325/zustellweg-auswaehlen.
m) Kosten für Vervielfältigungen der Vergabeunterlagen: entfällt
n) entfällt
o) Frist für den Eingang der Angebote: 01.10.2026, 13:00 Uhr; Bindefrist: 30.10.2026
p) Elektronische Angebote sind auf der Vergabeplattform evergabe.de abzugeben.
q) Angebote sind abzufassen in: Deutsch
r) Zuschlagskriterien, sofern diese nicht in den Vergabeunterlagen genannt werden und gegebenenfalls deren Gewichtung: Die Zuschlagskriterien sind in den Vergabeunterlagen genannt.
s) Eröffnungstermin: Datum: 01.10.2026, 13:00 Uhr; Ort: Rathaus Nünchritz; Personen, die anwesend sein dürfen: keine - nur elektronische Angebotsabgabe möglich
t) Sicherheiten: gemäß § 9 VOB/A und § 17 VOB/B
u) Finanzierungs- und Zahlungsbedingungen: gemäß § 16 VOB/B
v) Rechtsform einer Bietergemeinschaft: Gesamtschuldnerisch haftend mit bevollmächtigtem Vertreter
w) Verlangte Nachweise für die Beurteilung der Eignung: Der Bieter hat zum Nachweis seiner Fachkunde, Leistungsfähigkeit und Zuverlässigkeit Angaben zu machen gemäß § 8 Nr. 3 Abs. 1 Buchstabe a bis f VOB/A. Der Bewerber hat eine Bescheinigung der Berufs- genossenschaft/Handelsregister / Berufsregister vorzulegen. Bieter, die nicht Ihren Sitz in der BRD haben, haben eine Bescheinigung des für sie zuständigen Versicherungsträgers vorzulegen.
x) Vergabenachprüfstelle: Offizielle Bezeichnung: Landratsamt Meißen; Bereich/Abteilung: VOB-stelle; Straße, Hausnummer: Brauhausstraße 21; Postleitzahl: 01662; Ort: Meißen; Land: DE

Blitzschutz"
25825442,1,,,,,"Neubau Straßenmeisterei Mittenwalde, Los Herstellung Winkelstützwand - Westgrenze",,,"Neubau Straßenmeisterei Mittenwalde, Los Herstellung Winkelstützwand - Westgrenze

Neubau Straßenmeisterei Mittenwalde, Los Herstellung Winkelstützwand - Westgrenze"
25826926,1,,,,,Barrierefreie Gestaltung von verschiedenen Haltestellen - Straßenbau,,,"Barrierefreie Gestaltung von verschiedenen Haltestellen - Straßenbau

Barrierefreie Gestaltung von verschiedenen Haltestellen - Straßenbau"
25771066,2,,,,,ÖSR_Löningen_Innentüren_und_Stahlzargen,,,"Lieferung und Einbau von Innentüren und Stahlzargen. Weitere Informationen sind dem LV zu entnehmen.

ÖSR_Löningen_Innentüren_und_Stahlzargen"
25823162,1,,,,,LJV Ausbau Kugelstände - Neubau Trafostand - Elektrotechnik,,,LJV Ausbau Kugelstände - Neubau Trafostand - Elektrotechnik
25822700,1,,,,,Sanierung Spielplatz und Umfeld Kranzberg,,,"a) Öffentlicher Auftraggeber (Vergabestelle)

Name und Anschrift:
Stadtverwaltung Werdau
Markt 10-18
08412 Werdau
Telefon:
+49 3761594-325
Fax:
E-Mail:
2.22reich@werdau.de
Internet:
www.werdau.de

b)

Vergabeverfahren:
Öffentliche Ausschreibung, VOB/A
Vergabenummer:
26-030-51.11.01.00-A003-Rei

c) Angaben zum elektronischen Vergabeverfahren und zur Ver- und Entschlüsselung der Unterlagen

Zugelassene Angebotsabgabe
elektronisch
in Textform

d) Art des Auftrags

Ausführung von Bauleistungen

e) Ort der Ausführung

08412 Werdau

f) Art und Umfang der Leistung, ggf. aufgeteilt nach Losen

Art der Leistung:
Los 003/26 Landschaftsbauarbeiten
Umfang der Leistung:
Abbruch:
Aushub 330 m³, Betonborde/Palisaden entfernen 205 m, Betonpflaster lösen 140 m², Spiel- und Sportgeräte demontieren 3 Stk, Zaun demontieren 65 m, Sand- und Kieskasten abbrechen 110 m²
Neubau / Wiederherstellung:
Geländemodellierung ca. 95 m³, Betonborde setzen 130 m, Pflasterwege/-flächen 170 m², Sandkasten 20 m³, Kieskasten 30 m³, Robinien-Einfassung 53 m, Holzdeck 5 m², Treppe 8 Stufen, Handlauf ca. 5 m, Zaun 65 m, Spiel- und Sportelemente 4 Stk, Bänke 2 Stk, Abfallbehälter 1 Stk, Fahrradbügel 2 Stk, Podest Hangrutsche 1 Stk, Findlinge 2 Stk, Rasenfläche 700 m², Strauchflächen 320 m², Hochstämme Bäume 4 Stk, Rosen 140 Stk, Wurzelstock fräsen 6 Stk

g) Angaben über den Zweck der baulichen Anlage oder des Auftrags, wenn auch Planungsleistungen gefordert werden

Zweck der baulichen Anlage:
Zweck des Auftrags:

h) Aufteilung in Lose (Art und Umfang der Lose siehe Buchstabe f)

Vergabe nach Losen:
Nein

i) Ausführungsfristen

Beginn der Ausführung:
02.11.2026
Fertigstellung oder Dauer der Leistungen:
16.04.2027
weitere Fristen:
Fertigstellung bis 18.12.2026 Titel 01-11
Fertigstellung bis 16.04.2027 Titel 12-13

j) Nebenangebote

nur in Verbindung mit einem Hauptangebot zugelassen

k) mehrere Hauptangebote

nicht zugelassen

l) Bereitstellung/Anforderung der Vergabeunterlagen

Vergabeunterlagen werden elektronisch zur Verfügung gestellt
unter:
https://www.evergabe.de/unterlagen/54321-Tender-1a09ff7a678-6c0d75b98eb6c51e
Maßnahmen zum Schutz vertraulicher Informationen:
Nein
Nachforderung:
Fehlende Unterlagen, deren Vorlage mit dem Angebot gefordert war, werden nachgefordert

o) Ablauf der Angebotsfrist

am:
02.10.2026
um:
10:00 Uhr
Ablauf der Bindefrist am:
02.11.2026

p)

Adresse für elektronische Angebote (URL): https://www.evergabe.de
Anschrift für schriftliche Angebote: -ENTFÄLLT- (es sind ausschließlich elektronische Angebote zugelassen)

q) Sprache, in der die Angebote abgefasst sein müssen

Deutsch

r) Zuschlagskriterien

nachfolgende Zuschlagskriterien, ggf. einschl. Gewichtung:
Niedrigster Preis

s) Eröffnungstermin

Der Eröffnungstermin entfällt, es sind ausschließlich elektronische Angebote zugelassen.
Ort:
Stadt Werdau
Markt 10
08412 Werdau
Personen, die bei der Eröffnung anwesend sein dürfen:

t) geforderte Sicherheiten



u) Wesentliche Finanzierungs- und Zahlungsbedingungen und/oder Hinweise auf die maßgeblichen Vorschriften, in denen sie enthalten sind



v) Rechtsform der/Anforderung an Bietergemeinschaften

gesamtschuldnerisch haftend

w) Beurteilung der Eignung

Präqualifizierte Unternehmen führen den Nachweis der Eignung durch den Eintrag in die Liste des Vereins für die Präqualifikation von Bauunternehmen e.V. (Präqualifikationsverzeichnis). Bei Einsatz von Nachunternehmen ist auf gesondertes Verlangen nachzuweisen, dass diese präqualifiziert sind oder die Voraussetzung für die Präqualifikation erfüllen.
Nicht präqualifizierte Unternehmen haben als vorläufigen Nachweis der Eignung mit dem Angebot das ausgefüllte Formblatt ''Eigenerklärung zur Eignung'' vorzulegen. Bei Einsatz von Nachunternehmen sind auf gesondertes Verlangen die Eigenerklärungen auch für diese abzugeben. Sind die Nachunternehmen präqualifiziert, reicht die Angabe der Nummer, unter der diese in der Liste des Vereins für die Präqualifikation von Bauunternehmen e.V. (Präqualifikationsverzeichnis) geführt werden.
Gelangt das Angebot in die engere Wahl, sind die Eigenerklärungen (auch die der Nachunternehmen) auf gesondertes Verlangen durch Vorlage der in der ''Eigenerklärung zur Eignung'' genannten Bescheinigungen zuständiger Stellen zu bestätigen. Bescheinigungen, die nicht in deutscher Sprache abgefasst sind, ist eine Übersetzung in die deutsche Sprache beizufügen.
Das Formblatt 'Eigenerklärung zur Eignung' ist erhältlich:
Darüber hinaus hat der Bieter zum Nachweis seiner Fachkunde folgende Angaben gemäß § 6a Abs. 3 VOB/A zu machen:

x) Nachprüfung behaupteter Verstöße

Nachprüfungsstelle (§ 21 VOB/A):
Landesdirektion Sachsen, Referat 39
Stauffenbergallee 2
01099 Dresden

y) Sonstige Angaben




Spielplätze,Landschaftsbau/ Außenanlagen,Spielplätze/ Freizeitanlagen (Ausstattung)"
25823044,1,,,,,B437 Nachrüstung FRS Jade-Schwei,,,B437 Nachrüstung FRS Jade-Schwei
25826922,1,,,,,Neubau Feuerwehrgerätehaus in der Ortsgemeinde Konken; hier: Gewerk - Industrieparkett,,,"Die Verbandsgemeinde Kusel-Altenglan beabsichtigt den Neubau eines Feuerwehrgerätehauses in der Ortsgemeinde Konken.
Bei dieser Ausschreibung handelt es sich um die Leistungen "" Industrieparkett"".


Hauptmassen:
Hochkantlamellenparkett: 110,00 m²


Wichtiger Hinweis: 
Bieterfragen während der Angebotsphase sind spätestens bis drei volle Werktage vor der Submission über die Vergabeplattform oder per Mail einzureichen, um eine fundierte Beantwortung zu gewährleisten.


Näheres entnehmen Sie bitte den beigefügten Vergabeunterlagen!

Neubau Feuerwehrgerätehaus in der Ortsgemeinde Konken; hier: Gewerk - Industrieparkett"
25825706,1,,,,,Erweiterte Rohbauarbeiten für den Umbau einer Lüftungsanlage - Freizeitbad monte mare Rheinbach,,,Erweiterte Rohbauarbeiten für den Umbau einer Lüftungsanlage - Freizeitbad monte mare Rheinbach
25826914,1,,,,,Generalmodernisierung Hl. Geist Spital Landshut: Aufzug Vorwegmaßnahme,,,"Vorwegmaßnahme Aufzug

Generalmodernisierung Hl. Geist Spital Landshut: Aufzug Vorwegmaßnahme"
25826004,1,,,,,Vergebener Auftrag: Sanierung Trinkwasser Nebel und 1. BA Eisenbahnstraße (Sanierung Trinkwasser Nebel),,,Vergebener Auftrag: Sanierung Trinkwasser Nebel und 1. BA Eisenbahnstraße (Sanierung Trinkwasser Nebel)
25826008,1,,,,,Vergebener Auftrag: Sanierung Trinkwasser Nebel und 1. BA Eisenbahnstraße (Sanierung Trinkwasser BA1 Eisenbahn),,,Vergebener Auftrag: Sanierung Trinkwasser Nebel und 1. BA Eisenbahnstraße (Sanierung Trinkwasser BA1 Eisenbahn)
25823466,1,,,,,Baumscheiben Arnulfstraße,,,Baumscheiben Arnulfstraße
25825702,1,,,,,Neubau einer 1-Feld Sporthalle am Burgholzweg: Trockenbau,,,Neubau einer 1-Feld Sporthalle am Burgholzweg: Trockenbau
25823370,1,,,,,Teilsanierung Eichbuschteiche,,,Teilsanierung Eichbuschteiche
25826886,1,,,,,"Aufpflasterungen an der Eichenstraße, Teil 1, Straßenbau",,,"Pflasterarbeiten im Bestand, Rückbau Asphaltoberflächen

Aufpflasterungen an der Eichenstraße, Teil 1, Straßenbau"
25826906,1,,,,,Neubau eines Wohnmobilstellplatzes mit 24 Wohnmobil-Stellplätzen in 54589 Stadtkyll,,,"Die Ortsgemeinde Stadtkyll beabsichtigt im Zuge der Neugestaltung der Kyll und Kurparkgestaltung im Bereich der bisherigen Festplatzwiesen einen Wohnmobil-Stellplatz für 24 Wohnmobile zu errichten.

Neubau eines Wohnmobilstellplatzes mit 24 Wohnmobil-Stellplätzen in 54589 Stadtkyll"
25823040,1,,,,,"26A10235 - Physikalisch-Technische Bundesanstalt (PTB) Braunschweig, Bauunterhaltung - Schering-Bau Hochspannungshalle - Demontage und Errichtung einer Krananlage",,,"26A10235 - Physikalisch-Technische Bundesanstalt (PTB) Braunschweig, Bauunterhaltung - Schering-Bau Hochspannungshalle - Demontage und Errichtung einer Krananlage"
25823748,1,,,,,A10 Ersatzneubau BW57 Fahrzeugrückhaltesysteme beide RF,,,"A10 Ersatzneubau BW57 Fahrzeugrückhaltesysteme beide RF

Fahrzeugrückhaltesysteme"
25823170,1,,,,,Trockenbauarbeiten,,,Trockenbauarbeiten
25825296,1,,,,,VG - Neubau FwGH Salmtal - Druckluftanlage,,,"Druckluftanlage

VG - Neubau FwGH Salmtal - Druckluftanlage"
25822552,1,,,,,"Transparenzbekanntmachung Kompetenzzentrum Stein, Los 17 - CNC Fräse (3. Ausschreibung)",,,"1. Allgemeine Informationen: Titel: Transparenzbekanntmachung Kompetenzzentrum Stein, Los 17 - CNC Fräse (3. Ausschreibung); Vergabenummer: 26 288 2; Die Bekanntmachung erfolgt wegen bestehender Binnenmarktrelevanz: ja
2. Auftraggeber: Name des Auftraggebers: Landratsamt Bautzen; Straße, Hausnummer: Bahnhofstraße 9; PLZ: 02625; Ort: Bautzen; Land: Deutschland; Telefon: +49 3591-5251-23312; Fax: +49 3591-5250-23312; E-Mail: vergabe2@lra-bautzen.de; Internet-Adresse: https://www.landkreis-bautzen.de
3. Vergabeverfahren: Voraussichtliche Vergabeart/Rechtsrahmen: Beschränkte Ausschreibung ohne Teilnahmewettbewerb - VOB/A
4. Auftragsgegenstand: Angaben zum Auftragsgegenstand: Der Landkreis Bautzen plant die Modernisierung und Weiterentwicklung der Sächsischen Steinmetzschule Demitz-Thumitz zum Kompetenzzentrum Stein.

Hierfür erfolgt ein Neubau eines CNC-Gebäudes als spezieller Werkstatt- und Maschinenbereich zur Bearbeitung von Natur- und Kunststein.
Der Bereich umfasst die Unterbringung und Integration der CNC-Technik einschließlich der notwendigen baulichen, medientechnischen und logistischen Voraussetzungen (z. B. Einbringung/Handling schwerer Werkstücke, Versorgungsanschlüsse, Arbeitssicherheit).
Für die Ausbildung der Steinmetze benötigt die Schule das Lehrmittel bzw. die Maschine, um die Lehrplaninhalte entsprechend vermitteln zu können.
5. Ausführungsort: Offizielle Bezeichnung: Kompetenzzentrum Stein; Straße, Hausnummer: August-Bebel-Straße 17; PLZ: 01877; Ort: Demitz-Thumitz; Land: Deutschland
6. Art und Umfang der Leistung: CPV-Code: 45214800; Art und voraussichtlicher Umfang der Leistung: In diesem Los sind mit folgenden Grobmengen zu rechnen:
Lieferung, Montage, betriebsbereite Aufstellung und Inbetriebnahme einer 5-Achs-CNC-Brückensäge für die Sächsische Steinmetzschule einschließlich Arbeitstisch, Sicherheitseinrichtungen, Steuerung, CAM-Software, Einweisung, Dokumentation, Transport und Wartungsleistungen.
	
Wesentliche Leistungen
Der Leistungsumfang umfasst eine 5-Achs-CNC-Brückensäge mit Drehkopfsystem und einer Steuerung der aktuellen Generation oder technisch gleichwertig sowie einen stationären Arbeitstisch mit Abmessungen von ca. 3.000 x 2.000 mm und einer symmetrischen Tischbelastung von mindestens 4 t. Bestandteil der Leistung sind außerdem der Sägeblattschutz, die Maschinenabsicherung und überwachte vordere Schutztüren. Zum Leistungsumfang gehören weiterhin Montage, Aufstellung, Inbetriebnahme, Funktionsprüfung und Einweisung vor Ort, eine CAM-Software für die Natursteinbearbeitung als Dauerlizenz einschließlich Installation, der Transport frei Verwendungsstelle sowie eine deutschsprachige Maschinendokumentation. Ebenfalls einzukalkulieren sind die Software-Wartung sowie Service und Wartung der Maschine für einen Zeitraum von vier Jahren.
	
Verbindliche techn. Anforderungen
Die nachfolgend zusammengefassten Anforderungen sind verbindlich.
Die Schnitttiefe muss mindestens 200 mm betragen. Die Maschine muss einen Sägeblattbereich von 400 bis 650 mm vollständig abdecken. Der Sägemotor muss für den Betriebsmodus S6 ausgelegt sein. Gefordert werden eine Schutzart von mindestens IP66, eine Isolationsklasse von mindestens H, eine Vibrationsklasse von mindestens G2.5 sowie ein Rundlauf von maximal 0,01 mm.
Der Fahrweg der X-Achse muss mindestens 2.800 mm, der Fahrweg der Y-Achse mindestens 3.400 mm und der Fahrweg der Z-Achse mindestens 580 mm betragen. Die Drehachse muss einen Verfahrbereich von mindestens 360° und die Schwenkachse mindestens einen Bereich von -1° bis +91° abdecken. Die maximale Verfahrgeschwindigkeit muss für die X- und Y-Achse jeweils mindestens 40 m/min und für die Z-Achse mindestens 8 m/min betragen. Für die Dreh- und Schwenkachse werden jeweils mindestens 80°/s gefordert.
An allen fünf Bewegungsachsen sind Absolutwertgeber vorzusehen; nach dem Einschalten darf keine Referenzfahrt erforderlich sein. Die vorderen Schutztüren müssen mit VSG-Schutzfeldern ausgestattet sein. Weiterhin ist ein kabelloses und sicherheitstechnisch zugelassenes Funk-Handsteuerpult einschließlich Ladestation und Ersatzakku vorzusehen.
Die Aufstellung muss unter den vorgegebenen Gebäude- und Bodenrandbedingungen möglich sein. Gesonderte tragende Betonwände und Änderungen an tragenden Gebäudeteilen sind nicht zulässig.
7. Ausführungszeitraum: Voraussichtlicher Zeitraum der Ausführung: Einbau vor Ort ab: 01.03.2027
Leistungsende: 30.04.2027
8. Zusätzliche Angaben: Teilnehmerkreis: Keine Angabe; Sonstiges: Mit einer Interessenbekundung einer Teilnahme an der Ausschreibung ist die Eignung nachzuweisen.

Präqualifizierte Unternehmen führen den Nachweis der Eignung durch den Eintrag in die Liste des Vereins für die Präqualifikation von Bauunternehmen e.V. (Präqualifikationsverzeichnis). Bei Einsatz von Nachunternehmen ist auf gesondertes Verlangen nachzuweisen, dass diese präqualifiziert sind oder die Voraussetzung für die Präqualifikation erfüllen.

Nicht präqualifizierte Unternehmen können diesen Nachweis wie folgt führen:
1. Umsatz des Unternehmens in den letzten drei abgeschlossenen Geschäftsjahren, soweit er Bauleistungen und andere Leistungen betrifft, die mit der zu vergebenden Leistung vergleichbar sind unter Einschluss des Anteils bei gemeinsam mit anderen Unternehmen ausgeführten Leistungen
2. Vorlage geeigneter Referenzen über die Ausführung von Bauleistungen in den letzten 5 Kalenderjahren, die mit der zu vergebenden Leistung vergleichbar sind.; 
3. Angabe, dass nachweislich keine schwere Verfehlung begangen wurde, die die Zuverlässigkeit in Frage stellt; 
4. Angaben zur Zahlung von Steuern, Abgaben und Beiträgen zur Sozialversicherung; 
5. Angabe zu Insolvenzverfahren und Liquidation; 
6. Angaben zu Registereintragungen; 
7. Angabe zur Mitgliedschaft bei der Berufsgenossenschaft; 
8. Angabe zu Arbeitskräften 
Ergänzende Eignungsnachweise: 
1. Angabe der technischen Fachkräfte oder der technischen Stellen, die im Zusammenhang mit der Leistungserbringung eingesetzt werden sollen; 
2. Beschreibung der technischen Ausrüstung des Unternehmens; 
3. Beschreibung der Maßnahmen zur Qualitätssicherung des Unternehmens; 
4. Angabe, welche Teile des Auftrags ich/wir an Unterauftrag-/Nachunternehmer vergeben beabsichtige(n).; Datum, bis zu dessen Ablauf die Bekanntmachung sichtbar bleiben soll: 09.10.2026
9. Dokumente: -

Werkzeugmaschinen"
25823032,1,,,,,"26B20145 - Nato - Marinefliegerstützpunkt Nordholz, Anbau Geb. 95B Cross Serviceing, Tischlerarbeiten",,,"26B20145 - Nato - Marinefliegerstützpunkt Nordholz, Anbau Geb. 95B Cross Serviceing, Tischlerarbeiten"
25823016,1,,,,,Baufeldfreimachung  - L381,,,Baufeldfreimachung  - L381
25823402,1,,,,,Errichtung der Beschilderung im Geltungsbereich der AGV Lauchhammer Ost / W.-Külz-Str. / Ki 1.6,,,Errichtung der Beschilderung im Geltungsbereich der AGV Lauchhammer Ost / W.-Külz-Str. / Ki 1.6
25822732,1,,,,,Los 11 - Malerarbeiten,,,"a) Öffentlicher Auftraggeber (Vergabestelle)

Name und Anschrift:
Gemeinde Südeichsfeld
Hauptstraße 22
99988 Südeichsfeld / OT Heyerode
Telefon:
036024/80220
Fax:
036024/8022220
E-Mail:
info@lg-suedeichsfeld.de
Internet:

b)

Vergabeverfahren:
Öffentliche Ausschreibung, VOB/A
Vergabenummer:
054_LuSt11

c) Angaben zum elektronischen Vergabeverfahren und zur Ver- und Entschlüsselung der Unterlagen

Zugelassene Angebotsabgabe
schriftlich

d) Art des Auftrags

Ausführung von Bauleistungen

e) Ort der Ausführung

99988 Südeichsfeld

f) Art und Umfang der Leistung, ggf. aufgeteilt nach Losen

Art der Leistung:
Malerarbeiten für den Anbau an ein Sportlerheim in Lengenfeld u. Stein
Umfang der Leistung:
ca. 300 m² Malervlies mit Anstrich
ca. 160 m² Mineralanstrich auf Putz oder Beton
7 Türstahlzargen beschichten

g) Angaben über den Zweck der baulichen Anlage oder des Auftrags, wenn auch Planungsleistungen gefordert werden

Zweck der baulichen Anlage:
Zweck des Auftrags:

h) Aufteilung in Lose (Art und Umfang der Lose siehe Buchstabe f)

Vergabe nach Losen:
Nein

i) Ausführungsfristen

Beginn der Ausführung:
26.04.2027
Fertigstellung oder Dauer der Leistungen:
28.05.2027
weitere Fristen:

j) Nebenangebote

nur in Verbindung mit einem Hauptangebot zugelassen

k) mehrere Hauptangebote

nicht zugelassen

l) Bereitstellung/Anforderung der Vergabeunterlagen

Vergabeunterlagen werden elektronisch zur Verfügung gestellt
unter:
https://www.evergabe.de/unterlagen/54321-Tender-1a0a07d42d6-377f7dc0a55c40e5
Maßnahmen zum Schutz vertraulicher Informationen:
Nein
Nachforderung:
Fehlende Unterlagen, deren Vorlage mit dem Angebot gefordert war, werden nachgefordert

o) Ablauf der Angebotsfrist

am:
29.09.2026
um:
10:30 Uhr
Ablauf der Bindefrist am:
29.10.2026

p)


Anschrift für schriftliche Angebote:
Vergabestelle s. a)

q) Sprache, in der die Angebote abgefasst sein müssen

Deutsch

r) Zuschlagskriterien

nachfolgende Zuschlagskriterien, ggf. einschl. Gewichtung:
Niedrigster Preis

s) Eröffnungstermin

am:
29.09.2026
um:
10:30
Ort:
Gemeinde Südeichsfeld, Hauptstr. 22,
99988 Südeichsfeld/OT Heyerode
Personen, die bei der Eröffnung anwesend sein dürfen:
Bieter und deren Bevollmächtigte

t) geforderte Sicherheiten

Sicherheit für die Vertragserfüllung ist in Höhe von 5 % der Auftragssumme
(inkl. Umsatzsteuer, ohne Nachträge) zu leisten, sofern die Auftragssumme mindestens 250.000,00 Euro ohne Umsatzsteuer beträgt.
Die für Mängelansprüche zu leistende Sicherheit beträgt 3 % der geprüften Schlussrechnungssumme. Weitere Regelungen siehe Vergabeunterlagen.

u) Wesentliche Finanzierungs- und Zahlungsbedingungen und/oder Hinweise auf die maßgeblichen Vorschriften, in denen sie enthalten sind

Zahlungsbedingungen gemäß VOB/B

v) Rechtsform der/Anforderung an Bietergemeinschaften

gesamtschuldnerisch haftend

w) Beurteilung der Eignung

Präqualifizierte Unternehmen führen den Nachweis der Eignung durch den Eintrag in die Liste des Vereins für die Präqualifikation von Bauunternehmen e.V. (Präqualifikationsverzeichnis). Bei Einsatz von Nachunternehmen ist auf gesondertes Verlangen nachzuweisen, dass diese präqualifiziert sind oder die Voraussetzung für die Präqualifikation erfüllen.
Nicht präqualifizierte Unternehmen haben als vorläufigen Nachweis der Eignung mit dem Angebot das ausgefüllte Formblatt ''Eigenerklärung zur Eignung'' vorzulegen. Bei Einsatz von Nachunternehmen sind auf gesondertes Verlangen die Eigenerklärungen auch für diese abzugeben. Sind die Nachunternehmen präqualifiziert, reicht die Angabe der Nummer, unter der diese in der Liste des Vereins für die Präqualifikation von Bauunternehmen e.V. (Präqualifikationsverzeichnis) geführt werden.
Gelangt das Angebot in die engere Wahl, sind die Eigenerklärungen (auch die der Nachunternehmen) auf gesondertes Verlangen durch Vorlage der in der ''Eigenerklärung zur Eignung'' genannten Bescheinigungen zuständiger Stellen zu bestätigen. Bescheinigungen, die nicht in deutscher Sprache abgefasst sind, ist eine Übersetzung in die deutsche Sprache beizufügen.
Das Formblatt 'Eigenerklärung zur Eignung' ist erhältlich:
Das Formblatt (Eigenerklärung zur Eignung) ist erhältlich unter:
https://thformular.thueringen.de/
thueform/cfs/eject/pdf/927.pdf?MANDANTID=18&FORMUID=VHB-101-DE-FL
und liegt den Vergabeunterlagen bei.
Darüber hinaus hat der Bieter zum Nachweis seiner Fachkunde folgende Angaben gemäß § 6a Abs. 3 VOB/A zu machen:

x) Nachprüfung behaupteter Verstöße

Nachprüfungsstelle (§ 21 VOB/A):
Vergabekammer des Freistaates Thüringen
Jorge-Semprún-Platz 4
99423 Weimar. • Auf die Möglichkeit der Beanstandung der beabsichtigten Vergabeentscheidung beim Auftraggeber nach § 14 Abs. 2 ThürVgG und die Kostenfolge nach § 14 Abs. 5 ThürVgG wird hingewiesen.

y) Sonstige Angaben




Putz,Maler"
25823654,1,,,,,Ausführung von Bauleistungen,,,Ausführung von Bauleistungen
25825652,1,,,,,"EAE Oxford Quartier, Bernings Kotten 16a, 48161 Münster, Neubau eines Gebäudes für die städtische Erstaufnahmeeinrichtung für Geflüchtete - Aluminiumelemente",,,"EAE Oxford Quartier, Bernings Kotten 16a, 48161 Münster, Neubau eines Gebäudes für die städtische Erstaufnahmeeinrichtung für Geflüchtete - Aluminiumelemente"
25822724,1,,,,,Los 9 - Innentüren,,,"a) Öffentlicher Auftraggeber (Vergabestelle)

Name und Anschrift:
Gemeinde Südeichsfeld
Hauptstraße 22
99988 Südeichsfeld / OT Heyerode
Telefon:
036024/80220
Fax:
036024/8022220
E-Mail:
info@lg-suedeichsfeld.de
Internet:

b)

Vergabeverfahren:
Öffentliche Ausschreibung, VOB/A
Vergabenummer:
054_LuSt09

c) Angaben zum elektronischen Vergabeverfahren und zur Ver- und Entschlüsselung der Unterlagen

Zugelassene Angebotsabgabe
schriftlich

d) Art des Auftrags

Ausführung von Bauleistungen

e) Ort der Ausführung

99988 Südeichsfeld,
OT Diedorf und Wendehausen

f) Art und Umfang der Leistung, ggf. aufgeteilt nach Losen

Art der Leistung:
Innentüren liefern und montieren für den Anbau an ein Sportlerheim in Lengenfeld u. Stein
Umfang der Leistung:
7 Stahlumfassungszargen
7 Innentüren
ca. 2m Sanitärtrennwand mit Tür

g) Angaben über den Zweck der baulichen Anlage oder des Auftrags, wenn auch Planungsleistungen gefordert werden

Zweck der baulichen Anlage:
Zweck des Auftrags:

h) Aufteilung in Lose (Art und Umfang der Lose siehe Buchstabe f)

Vergabe nach Losen:
Nein

i) Ausführungsfristen

Beginn der Ausführung:
19.04.2027
Fertigstellung oder Dauer der Leistungen:
28.05.2027
weitere Fristen:

j) Nebenangebote

nur in Verbindung mit einem Hauptangebot zugelassen

k) mehrere Hauptangebote

nicht zugelassen

l) Bereitstellung/Anforderung der Vergabeunterlagen

Vergabeunterlagen werden elektronisch zur Verfügung gestellt
unter:
https://www.evergabe.de/unterlagen/54321-Tender-1a0a070008c-1ee41cb438d198c1
Maßnahmen zum Schutz vertraulicher Informationen:
Nein
Nachforderung:
Fehlende Unterlagen, deren Vorlage mit dem Angebot gefordert war, werden nachgefordert

o) Ablauf der Angebotsfrist

am:
29.09.2026
um:
09:30 Uhr
Ablauf der Bindefrist am:
29.10.2026

p)


Anschrift für schriftliche Angebote:
Vergabestelle s. a)

q) Sprache, in der die Angebote abgefasst sein müssen

Deutsch

r) Zuschlagskriterien

nachfolgende Zuschlagskriterien, ggf. einschl. Gewichtung:
Niedrigster Preis

s) Eröffnungstermin

am:
29.09.2026
um:
09:30
Ort:
Gemeinde Südeichsfeld, Hauptstr. 22,
99988 Südeichsfeld/OT Heyerode
Personen, die bei der Eröffnung anwesend sein dürfen:
Bieter und deren Bevollmächtigte

t) geforderte Sicherheiten

Sicherheit für die Vertragserfüllung ist in Höhe von 5 % der Auftragssumme
(inkl. Umsatzsteuer, ohne Nachträge) zu leisten, sofern die Auftragssumme mindestens 250.000,00 Euro ohne Umsatzsteuer beträgt.
Die für Mängelansprüche zu leistende Sicherheit beträgt 3 % der geprüften Schlussrechnungssumme. Weitere Regelungen siehe Vergabeunterlagen.

u) Wesentliche Finanzierungs- und Zahlungsbedingungen und/oder Hinweise auf die maßgeblichen Vorschriften, in denen sie enthalten sind

Zahlungsbedingungen gemäß VOB/B

v) Rechtsform der/Anforderung an Bietergemeinschaften

gesamtschuldnerisch haftend

w) Beurteilung der Eignung

Präqualifizierte Unternehmen führen den Nachweis der Eignung durch den Eintrag in die Liste des Vereins für die Präqualifikation von Bauunternehmen e.V. (Präqualifikationsverzeichnis). Bei Einsatz von Nachunternehmen ist auf gesondertes Verlangen nachzuweisen, dass diese präqualifiziert sind oder die Voraussetzung für die Präqualifikation erfüllen.
Nicht präqualifizierte Unternehmen haben als vorläufigen Nachweis der Eignung mit dem Angebot das ausgefüllte Formblatt ''Eigenerklärung zur Eignung'' vorzulegen. Bei Einsatz von Nachunternehmen sind auf gesondertes Verlangen die Eigenerklärungen auch für diese abzugeben. Sind die Nachunternehmen präqualifiziert, reicht die Angabe der Nummer, unter der diese in der Liste des Vereins für die Präqualifikation von Bauunternehmen e.V. (Präqualifikationsverzeichnis) geführt werden.
Gelangt das Angebot in die engere Wahl, sind die Eigenerklärungen (auch die der Nachunternehmen) auf gesondertes Verlangen durch Vorlage der in der ''Eigenerklärung zur Eignung'' genannten Bescheinigungen zuständiger Stellen zu bestätigen. Bescheinigungen, die nicht in deutscher Sprache abgefasst sind, ist eine Übersetzung in die deutsche Sprache beizufügen.
Das Formblatt 'Eigenerklärung zur Eignung' ist erhältlich:
Das Formblatt (Eigenerklärung zur Eignung) ist erhältlich unter:
https://thformular.thueringen.de/
thueform/cfs/eject/pdf/927.pdf?MANDANTID=18&FORMUID=VHB-101-DE-FL
und liegt den Vergabeunterlagen bei.
Darüber hinaus hat der Bieter zum Nachweis seiner Fachkunde folgende Angaben gemäß § 6a Abs. 3 VOB/A zu machen:

x) Nachprüfung behaupteter Verstöße

Nachprüfungsstelle (§ 21 VOB/A):
Vergabekammer des Freistaates Thüringen
Jorge-Semprún-Platz 4
99423 Weimar. • Auf die Möglichkeit der Beanstandung der beabsichtigten Vergabeentscheidung beim Auftraggeber nach § 14 Abs. 2 ThürVgG und die Kostenfolge nach § 14 Abs. 5 ThürVgG wird hingewiesen.

y) Sonstige Angaben




Tischler/ Innenausbau/ Einbaumöbel,Fenster/ Türen (Holz),Fenster/ Türen (Kunststoff),Türen (Rauchschutz/ Brandschutz)"
25822728,1,,,,,Los 10 - Fliesenarbeiten,,,"a) Öffentlicher Auftraggeber (Vergabestelle)

Name und Anschrift:
Gemeinde Südeichsfeld
Hauptstraße 22
99988 Südeichsfeld / OT Heyerode
Telefon:
036024/80220
Fax:
036024/8022220
E-Mail:
info@lg-suedeichsfeld.de
Internet:

b)

Vergabeverfahren:
Öffentliche Ausschreibung, VOB/A
Vergabenummer:
054_LuSt10

c) Angaben zum elektronischen Vergabeverfahren und zur Ver- und Entschlüsselung der Unterlagen

Zugelassene Angebotsabgabe
schriftlich

d) Art des Auftrags

Ausführung von Bauleistungen

e) Ort der Ausführung

99988 Südeichsfeld

f) Art und Umfang der Leistung, ggf. aufgeteilt nach Losen

Art der Leistung:
Fliesenarbeiten für den Anbau an ein Sportlerheim in Lengenfeld u. Stein
Umfang der Leistung:
ca. 120 m² Bodenfliesen auf Dichtungsmatte
ca. 30 m² Wandfliesen
ca. 60m Sockelfliesen
3 Glasspiegel

g) Angaben über den Zweck der baulichen Anlage oder des Auftrags, wenn auch Planungsleistungen gefordert werden

Zweck der baulichen Anlage:
Zweck des Auftrags:

h) Aufteilung in Lose (Art und Umfang der Lose siehe Buchstabe f)

Vergabe nach Losen:
Nein

i) Ausführungsfristen

Beginn der Ausführung:
19.04.2027
Fertigstellung oder Dauer der Leistungen:
07.05.2027
weitere Fristen:

j) Nebenangebote

nur in Verbindung mit einem Hauptangebot zugelassen

k) mehrere Hauptangebote

nicht zugelassen

l) Bereitstellung/Anforderung der Vergabeunterlagen

Vergabeunterlagen werden elektronisch zur Verfügung gestellt
unter:
https://www.evergabe.de/unterlagen/54321-Tender-1a0a076a101-65ece569dde84044
Maßnahmen zum Schutz vertraulicher Informationen:
Nein
Nachforderung:
Fehlende Unterlagen, deren Vorlage mit dem Angebot gefordert war, werden nachgefordert

o) Ablauf der Angebotsfrist

am:
29.09.2026
um:
10:00 Uhr
Ablauf der Bindefrist am:
29.10.2026

p)


Anschrift für schriftliche Angebote:
Vergabestelle s. a)

q) Sprache, in der die Angebote abgefasst sein müssen

Deutsch

r) Zuschlagskriterien

nachfolgende Zuschlagskriterien, ggf. einschl. Gewichtung:
Niedrigster Preis

s) Eröffnungstermin

am:
29.09.2026
um:
10:00
Ort:
Gemeinde Südeichsfeld, Hauptstr. 22,
99988 Südeichsfeld/OT Heyerode
Personen, die bei der Eröffnung anwesend sein dürfen:
Bieter und deren Bevollmächtigte

t) geforderte Sicherheiten

Sicherheit für die Vertragserfüllung ist in Höhe von 5 % der Auftragssumme
(inkl. Umsatzsteuer, ohne Nachträge) zu leisten, sofern die Auftragssumme mindestens 250.000,00 Euro ohne Umsatzsteuer beträgt.
Die für Mängelansprüche zu leistende Sicherheit beträgt 3 % der geprüften Schlussrechnungssumme. Weitere Regelungen siehe Vergabeunterlagen.

u) Wesentliche Finanzierungs- und Zahlungsbedingungen und/oder Hinweise auf die maßgeblichen Vorschriften, in denen sie enthalten sind

Zahlungsbedingungen gemäß VOB/B

v) Rechtsform der/Anforderung an Bietergemeinschaften

gesamtschuldnerisch haftend

w) Beurteilung der Eignung

Präqualifizierte Unternehmen führen den Nachweis der Eignung durch den Eintrag in die Liste des Vereins für die Präqualifikation von Bauunternehmen e.V. (Präqualifikationsverzeichnis). Bei Einsatz von Nachunternehmen ist auf gesondertes Verlangen nachzuweisen, dass diese präqualifiziert sind oder die Voraussetzung für die Präqualifikation erfüllen.
Nicht präqualifizierte Unternehmen haben als vorläufigen Nachweis der Eignung mit dem Angebot das ausgefüllte Formblatt ''Eigenerklärung zur Eignung'' vorzulegen. Bei Einsatz von Nachunternehmen sind auf gesondertes Verlangen die Eigenerklärungen auch für diese abzugeben. Sind die Nachunternehmen präqualifiziert, reicht die Angabe der Nummer, unter der diese in der Liste des Vereins für die Präqualifikation von Bauunternehmen e.V. (Präqualifikationsverzeichnis) geführt werden.
Gelangt das Angebot in die engere Wahl, sind die Eigenerklärungen (auch die der Nachunternehmen) auf gesondertes Verlangen durch Vorlage der in der ''Eigenerklärung zur Eignung'' genannten Bescheinigungen zuständiger Stellen zu bestätigen. Bescheinigungen, die nicht in deutscher Sprache abgefasst sind, ist eine Übersetzung in die deutsche Sprache beizufügen.
Das Formblatt 'Eigenerklärung zur Eignung' ist erhältlich:
Das Formblatt (Eigenerklärung zur Eignung) ist erhältlich unter:
https://thformular.thueringen.de/
thueform/cfs/eject/pdf/927.pdf?MANDANTID=18&FORMUID=VHB-101-DE-FL
und liegt den Vergabeunterlagen bei.
Darüber hinaus hat der Bieter zum Nachweis seiner Fachkunde folgende Angaben gemäß § 6a Abs. 3 VOB/A zu machen:

x) Nachprüfung behaupteter Verstöße

Nachprüfungsstelle (§ 21 VOB/A):
Vergabekammer des Freistaates Thüringen
Jorge-Semprún-Platz 4
99423 Weimar. • Auf die Möglichkeit der Beanstandung der beabsichtigten Vergabeentscheidung beim Auftraggeber nach § 14 Abs. 2 ThürVgG und die Kostenfolge nach § 14 Abs. 5 ThürVgG wird hingewiesen.

y) Sonstige Angaben




Fliesen/ Platten"
25822720,1,,,,,Los 8 - Trockenbau,,,"a) Öffentlicher Auftraggeber (Vergabestelle)

Name und Anschrift:
Gemeinde Südeichsfeld
Hauptstraße 22
99988 Südeichsfeld / OT Heyerode
Telefon:
036024/80220
Fax:
036024/8022220
E-Mail:
info@lg-suedeichsfeld.de
Internet:

b)

Vergabeverfahren:
Öffentliche Ausschreibung, VOB/A
Vergabenummer:
054_LuSt08

c) Angaben zum elektronischen Vergabeverfahren und zur Ver- und Entschlüsselung der Unterlagen

Zugelassene Angebotsabgabe
schriftlich

d) Art des Auftrags

Ausführung von Bauleistungen

e) Ort der Ausführung

99988 Südeichsfeld,
OT Diedorf und Wendehausen

f) Art und Umfang der Leistung, ggf. aufgeteilt nach Losen

Art der Leistung:
Trockenbauarbeiten für den Anbau an ein Sportlerheim in Lengenfeld u. Stein
Umfang der Leistung:
ca. 4 m² Gipskartonständerwand
ca. 5 m² Installationstrennwand
ca. 13 m² Vorsatzschalen
ca. 16 m Dachbinderverkleidung
ca. 10 m Installationsverkofferungen

g) Angaben über den Zweck der baulichen Anlage oder des Auftrags, wenn auch Planungsleistungen gefordert werden

Zweck der baulichen Anlage:
Zweck des Auftrags:

h) Aufteilung in Lose (Art und Umfang der Lose siehe Buchstabe f)

Vergabe nach Losen:
Nein

i) Ausführungsfristen

Beginn der Ausführung:
14.12.2026
Fertigstellung oder Dauer der Leistungen:
25.03.2027
weitere Fristen:

j) Nebenangebote

nur in Verbindung mit einem Hauptangebot zugelassen

k) mehrere Hauptangebote

nicht zugelassen

l) Bereitstellung/Anforderung der Vergabeunterlagen

Vergabeunterlagen werden elektronisch zur Verfügung gestellt
unter:
https://www.evergabe.de/unterlagen/54321-Tender-1a0a068cafe-2014c879870bd956
Maßnahmen zum Schutz vertraulicher Informationen:
Nein
Nachforderung:
Fehlende Unterlagen, deren Vorlage mit dem Angebot gefordert war, werden nachgefordert

o) Ablauf der Angebotsfrist

am:
29.09.2026
um:
09:00 Uhr
Ablauf der Bindefrist am:
29.10.2026

p)


Anschrift für schriftliche Angebote:
Vergabestelle s. a)

q) Sprache, in der die Angebote abgefasst sein müssen

Deutsch

r) Zuschlagskriterien

nachfolgende Zuschlagskriterien, ggf. einschl. Gewichtung:
Niedrigster Preis

s) Eröffnungstermin

am:
29.09.2026
um:
09:00
Ort:
Gemeinde Südeichsfeld, Hauptstr. 22,
99988 Südeichsfeld/OT Heyerode
Personen, die bei der Eröffnung anwesend sein dürfen:
Bieter und deren Bevollmächtigte

t) geforderte Sicherheiten

Sicherheit für die Vertragserfüllung ist in Höhe von 5 % der Auftragssumme
(inkl. Umsatzsteuer, ohne Nachträge) zu leisten, sofern die Auftragssumme mindestens 250.000,00 Euro ohne Umsatzsteuer beträgt.
Die für Mängelansprüche zu leistende Sicherheit beträgt 3 % der geprüften Schlussrechnungssumme. Weitere Regelungen siehe Vergabeunterlagen.

u) Wesentliche Finanzierungs- und Zahlungsbedingungen und/oder Hinweise auf die maßgeblichen Vorschriften, in denen sie enthalten sind

Zahlungsbedingungen gemäß VOB/B

v) Rechtsform der/Anforderung an Bietergemeinschaften

gesamtschuldnerisch haftend

w) Beurteilung der Eignung

Präqualifizierte Unternehmen führen den Nachweis der Eignung durch den Eintrag in die Liste des Vereins für die Präqualifikation von Bauunternehmen e.V. (Präqualifikationsverzeichnis). Bei Einsatz von Nachunternehmen ist auf gesondertes Verlangen nachzuweisen, dass diese präqualifiziert sind oder die Voraussetzung für die Präqualifikation erfüllen.
Nicht präqualifizierte Unternehmen haben als vorläufigen Nachweis der Eignung mit dem Angebot das ausgefüllte Formblatt ''Eigenerklärung zur Eignung'' vorzulegen. Bei Einsatz von Nachunternehmen sind auf gesondertes Verlangen die Eigenerklärungen auch für diese abzugeben. Sind die Nachunternehmen präqualifiziert, reicht die Angabe der Nummer, unter der diese in der Liste des Vereins für die Präqualifikation von Bauunternehmen e.V. (Präqualifikationsverzeichnis) geführt werden.
Gelangt das Angebot in die engere Wahl, sind die Eigenerklärungen (auch die der Nachunternehmen) auf gesondertes Verlangen durch Vorlage der in der ''Eigenerklärung zur Eignung'' genannten Bescheinigungen zuständiger Stellen zu bestätigen. Bescheinigungen, die nicht in deutscher Sprache abgefasst sind, ist eine Übersetzung in die deutsche Sprache beizufügen.
Das Formblatt 'Eigenerklärung zur Eignung' ist erhältlich:
Das Formblatt (Eigenerklärung zur Eignung) ist erhältlich unter:
https://thformular.thueringen.de/
thueform/cfs/eject/pdf/927.pdf?MANDANTID=18&FORMUID=VHB-101-DE-FL
und liegt den Vergabeunterlagen bei.
Darüber hinaus hat der Bieter zum Nachweis seiner Fachkunde folgende Angaben gemäß § 6a Abs. 3 VOB/A zu machen:

x) Nachprüfung behaupteter Verstöße

Nachprüfungsstelle (§ 21 VOB/A):
Vergabekammer des Freistaates Thüringen
Jorge-Semprún-Platz 4
99423 Weimar. • Auf die Möglichkeit der Beanstandung der beabsichtigten Vergabeentscheidung beim Auftraggeber nach § 14 Abs. 2 ThürVgG und die Kostenfolge nach § 14 Abs. 5 ThürVgG wird hingewiesen.

y) Sonstige Angaben




Trockenbau"
25822712,1,,,,,Los 6 - Außenputzarbeiten,,,"a) Öffentlicher Auftraggeber (Vergabestelle)

Name und Anschrift:
Gemeinde Südeichsfeld
Hauptstraße 22
99988 Südeichsfeld / OT Heyerode
Telefon:
036024/80220
Fax:
036024/8022220
E-Mail:
info@lg-suedeichsfeld.de
Internet:

b)

Vergabeverfahren:
Öffentliche Ausschreibung, VOB/A
Vergabenummer:
054_LuSt06

c) Angaben zum elektronischen Vergabeverfahren und zur Ver- und Entschlüsselung der Unterlagen

Zugelassene Angebotsabgabe
schriftlich

d) Art des Auftrags

Ausführung von Bauleistungen

e) Ort der Ausführung

99988 Südeichsfeld,
OT Diedorf und Wendehausen

f) Art und Umfang der Leistung, ggf. aufgeteilt nach Losen

Art der Leistung:
Außenputzarbeiten für den Anbau an ein Sportlerheim in Lengenfeld unterm Stein
Umfang der Leistung:
ca. 10 m² diverse Dämmplatten in Kleinbereichen aufkleben
ca. 240 m² Außenputzsystem (Grundierung, LUP, Silikat-Oberputz, Anstrich)
ca. 20 m Sockel mit flexibler Dickbeschichtung u. Sockelputzsystem

g) Angaben über den Zweck der baulichen Anlage oder des Auftrags, wenn auch Planungsleistungen gefordert werden

Zweck der baulichen Anlage:
Zweck des Auftrags:

h) Aufteilung in Lose (Art und Umfang der Lose siehe Buchstabe f)

Vergabe nach Losen:
Nein

i) Ausführungsfristen

Beginn der Ausführung:
16.11.2026
Fertigstellung oder Dauer der Leistungen:
02.04.2027
weitere Fristen:

j) Nebenangebote

nur in Verbindung mit einem Hauptangebot zugelassen

k) mehrere Hauptangebote

nicht zugelassen

l) Bereitstellung/Anforderung der Vergabeunterlagen

Vergabeunterlagen werden elektronisch zur Verfügung gestellt
unter:
https://www.evergabe.de/unterlagen/54321-Tender-1a0a055344b-482ec3140326a5e6
Maßnahmen zum Schutz vertraulicher Informationen:
Nein
Nachforderung:
Fehlende Unterlagen, deren Vorlage mit dem Angebot gefordert war, werden nachgefordert

o) Ablauf der Angebotsfrist

am:
29.09.2026
um:
08:00 Uhr
Ablauf der Bindefrist am:
29.10.2026

p)


Anschrift für schriftliche Angebote:
Vergabestelle s. a)

q) Sprache, in der die Angebote abgefasst sein müssen

Deutsch

r) Zuschlagskriterien

nachfolgende Zuschlagskriterien, ggf. einschl. Gewichtung:
Niedrigster Preis

s) Eröffnungstermin

am:
29.09.2026
um:
08:00
Ort:
Gemeinde Südeichsfeld, Hauptstr. 22,
99988 Südeichsfeld/OT Heyerode
Personen, die bei der Eröffnung anwesend sein dürfen:
Bieter und deren Bevollmächtigte

t) geforderte Sicherheiten

Sicherheit für die Vertragserfüllung ist in Höhe von 5 % der Auftragssumme
(inkl. Umsatzsteuer, ohne Nachträge) zu leisten, sofern die Auftragssumme mindestens 250.000,00 Euro ohne Umsatzsteuer beträgt.
Die für Mängelansprüche zu leistende Sicherheit beträgt 3 % der geprüften Schlussrechnungssumme. Weitere Regelungen siehe Vergabeunterlagen.

u) Wesentliche Finanzierungs- und Zahlungsbedingungen und/oder Hinweise auf die maßgeblichen Vorschriften, in denen sie enthalten sind

Zahlungsbedingungen gemäß VOB/B

v) Rechtsform der/Anforderung an Bietergemeinschaften

gesamtschuldnerisch haftend

w) Beurteilung der Eignung

Präqualifizierte Unternehmen führen den Nachweis der Eignung durch den Eintrag in die Liste des Vereins für die Präqualifikation von Bauunternehmen e.V. (Präqualifikationsverzeichnis). Bei Einsatz von Nachunternehmen ist auf gesondertes Verlangen nachzuweisen, dass diese präqualifiziert sind oder die Voraussetzung für die Präqualifikation erfüllen.
Nicht präqualifizierte Unternehmen haben als vorläufigen Nachweis der Eignung mit dem Angebot das ausgefüllte Formblatt ''Eigenerklärung zur Eignung'' vorzulegen. Bei Einsatz von Nachunternehmen sind auf gesondertes Verlangen die Eigenerklärungen auch für diese abzugeben. Sind die Nachunternehmen präqualifiziert, reicht die Angabe der Nummer, unter der diese in der Liste des Vereins für die Präqualifikation von Bauunternehmen e.V. (Präqualifikationsverzeichnis) geführt werden.
Gelangt das Angebot in die engere Wahl, sind die Eigenerklärungen (auch die der Nachunternehmen) auf gesondertes Verlangen durch Vorlage der in der ''Eigenerklärung zur Eignung'' genannten Bescheinigungen zuständiger Stellen zu bestätigen. Bescheinigungen, die nicht in deutscher Sprache abgefasst sind, ist eine Übersetzung in die deutsche Sprache beizufügen.
Das Formblatt 'Eigenerklärung zur Eignung' ist erhältlich:
Das Formblatt (Eigenerklärung zur Eignung) ist erhältlich unter:
https://thformular.thueringen.de/
thueform/cfs/eject/pdf/927.pdf?MANDANTID=18&FORMUID=VHB-101-DE-FL
und liegt den Vergabeunterlagen bei.
Darüber hinaus hat der Bieter zum Nachweis seiner Fachkunde folgende Angaben gemäß § 6a Abs. 3 VOB/A zu machen:

x) Nachprüfung behaupteter Verstöße

Nachprüfungsstelle (§ 21 VOB/A):
Vergabekammer des Freistaates Thüringen
Jorge-Semprún-Platz 4
99423 Weimar. • Auf die Möglichkeit der Beanstandung der beabsichtigten Vergabeentscheidung beim Auftraggeber nach § 14 Abs. 2 ThürVgG und die Kostenfolge nach § 14 Abs. 5 ThürVgG wird hingewiesen.

y) Sonstige Angaben




Putz,Fassadensanierung/ Vollwärmeschutz,Maler"
25822716,1,,,,,Los 7 - Innenputz,,,"a) Öffentlicher Auftraggeber (Vergabestelle)

Name und Anschrift:
Gemeinde Südeichsfeld
Hauptstraße 22
99988 Südeichsfeld / OT Heyerode
Telefon:
036024/80220
Fax:
036024/8022220
E-Mail:
info@lg-suedeichsfeld.de
Internet:

b)

Vergabeverfahren:
Öffentliche Ausschreibung, VOB/A
Vergabenummer:
054_LuSt07

c) Angaben zum elektronischen Vergabeverfahren und zur Ver- und Entschlüsselung der Unterlagen

Zugelassene Angebotsabgabe
schriftlich

d) Art des Auftrags

Ausführung von Bauleistungen

e) Ort der Ausführung

99988 Südeichsfeld,
OT Diedorf und Wendehausen

f) Art und Umfang der Leistung, ggf. aufgeteilt nach Losen

Art der Leistung:
Innenputzarbeiten für den Anbau an ein Sportlerheim in Lengenfeld u. Stein
Umfang der Leistung:
ca. 80 m² Kalkzementfeinputz
ca. 300 m² Kalkgipsputz
diverse Mengen Putzschienen, Schleppstreifen, Armierungen

g) Angaben über den Zweck der baulichen Anlage oder des Auftrags, wenn auch Planungsleistungen gefordert werden

Zweck der baulichen Anlage:
Zweck des Auftrags:

h) Aufteilung in Lose (Art und Umfang der Lose siehe Buchstabe f)

Vergabe nach Losen:
Nein

i) Ausführungsfristen

Beginn der Ausführung:
16.11.2026
Fertigstellung oder Dauer der Leistungen:
02.04.2027
weitere Fristen:

j) Nebenangebote

nur in Verbindung mit einem Hauptangebot zugelassen

k) mehrere Hauptangebote

nicht zugelassen

l) Bereitstellung/Anforderung der Vergabeunterlagen

Vergabeunterlagen werden elektronisch zur Verfügung gestellt
unter:
https://www.evergabe.de/unterlagen/54321-Tender-1a0a061f452-1a38a0fa7ccce28d
Maßnahmen zum Schutz vertraulicher Informationen:
Nein
Nachforderung:
Fehlende Unterlagen, deren Vorlage mit dem Angebot gefordert war, werden nachgefordert

o) Ablauf der Angebotsfrist

am:
29.09.2026
um:
08:30 Uhr
Ablauf der Bindefrist am:
29.10.2026

p)


Anschrift für schriftliche Angebote:
Vergabestelle s. a)

q) Sprache, in der die Angebote abgefasst sein müssen

Deutsch

r) Zuschlagskriterien

nachfolgende Zuschlagskriterien, ggf. einschl. Gewichtung:
Niedrigster Preis

s) Eröffnungstermin

am:
29.09.2026
um:
08:30
Ort:
Gemeinde Südeichsfeld, Hauptstr. 22,
99988 Südeichsfeld/OT Heyerode
Personen, die bei der Eröffnung anwesend sein dürfen:
Bieter und deren Bevollmächtigte

t) geforderte Sicherheiten

Sicherheit für die Vertragserfüllung ist in Höhe von 5 % der Auftragssumme
(inkl. Umsatzsteuer, ohne Nachträge) zu leisten, sofern die Auftragssumme mindestens 250.000,00 Euro ohne Umsatzsteuer beträgt.
Die für Mängelansprüche zu leistende Sicherheit beträgt 3 % der geprüften Schlussrechnungssumme. Weitere Regelungen siehe Vergabeunterlagen.

u) Wesentliche Finanzierungs- und Zahlungsbedingungen und/oder Hinweise auf die maßgeblichen Vorschriften, in denen sie enthalten sind

Zahlungsbedingungen gemäß VOB/B

v) Rechtsform der/Anforderung an Bietergemeinschaften

gesamtschuldnerisch haftend

w) Beurteilung der Eignung

Präqualifizierte Unternehmen führen den Nachweis der Eignung durch den Eintrag in die Liste des Vereins für die Präqualifikation von Bauunternehmen e.V. (Präqualifikationsverzeichnis). Bei Einsatz von Nachunternehmen ist auf gesondertes Verlangen nachzuweisen, dass diese präqualifiziert sind oder die Voraussetzung für die Präqualifikation erfüllen.
Nicht präqualifizierte Unternehmen haben als vorläufigen Nachweis der Eignung mit dem Angebot das ausgefüllte Formblatt ''Eigenerklärung zur Eignung'' vorzulegen. Bei Einsatz von Nachunternehmen sind auf gesondertes Verlangen die Eigenerklärungen auch für diese abzugeben. Sind die Nachunternehmen präqualifiziert, reicht die Angabe der Nummer, unter der diese in der Liste des Vereins für die Präqualifikation von Bauunternehmen e.V. (Präqualifikationsverzeichnis) geführt werden.
Gelangt das Angebot in die engere Wahl, sind die Eigenerklärungen (auch die der Nachunternehmen) auf gesondertes Verlangen durch Vorlage der in der ''Eigenerklärung zur Eignung'' genannten Bescheinigungen zuständiger Stellen zu bestätigen. Bescheinigungen, die nicht in deutscher Sprache abgefasst sind, ist eine Übersetzung in die deutsche Sprache beizufügen.
Das Formblatt 'Eigenerklärung zur Eignung' ist erhältlich:
Das Formblatt (Eigenerklärung zur Eignung) ist erhältlich unter:
https://thformular.thueringen.de/
thueform/cfs/eject/pdf/927.pdf?MANDANTID=18&FORMUID=VHB-101-DE-FL
und liegt den Vergabeunterlagen bei.
Darüber hinaus hat der Bieter zum Nachweis seiner Fachkunde folgende Angaben gemäß § 6a Abs. 3 VOB/A zu machen:

x) Nachprüfung behaupteter Verstöße

Nachprüfungsstelle (§ 21 VOB/A):
Vergabekammer des Freistaates Thüringen
Jorge-Semprún-Platz 4
99423 Weimar. • Auf die Möglichkeit der Beanstandung der beabsichtigten Vergabeentscheidung beim Auftraggeber nach § 14 Abs. 2 ThürVgG und die Kostenfolge nach § 14 Abs. 5 ThürVgG wird hingewiesen.

y) Sonstige Angaben




Putz,Fassadensanierung/ Vollwärmeschutz"
25822696,1,,,,,Neubau KatS-Gebäude Limbach-Oberfrohna - Los 01 - Technische Anlagen in Freianlagen,,,"a) Öffentlicher Auftraggeber (Vergabestelle)

Name und Anschrift:
Rettungszweckverband Südwestsachsen
Poeppigstraße 6
08529 Plauen
Telefon:
+49 37415470
Fax:
+49 3741547111
E-Mail:
vergabe@rettzv-sws.de
Internet:
https://www.rettzv-sws.de/

b)

Vergabeverfahren:
Öffentliche Ausschreibung, VOB/A
Vergabenummer:
IM002_ML_Ö_2026_06-L001

c) Angaben zum elektronischen Vergabeverfahren und zur Ver- und Entschlüsselung der Unterlagen

Zugelassene Angebotsabgabe
elektronisch
in Textform
mit fortgeschrittener/m Signatur/Siegel
mit qualifizierter/m Signatur/Siegel

d) Art des Auftrags

Ausführung von Bauleistungen

e) Ort der Ausführung

09212 Pleißa

f) Art und Umfang der Leistung, ggf. aufgeteilt nach Losen

Art der Leistung:
Los 01 - Technische Anlagen in Freianlagen
Umfang der Leistung:
Die Leistung des vorliegenden Leistungsverzeichnisses umfasst unter Anderem nachfolgende Arbeiten:
Einbau einer Sickerrigole aus Kunststoff
Breite: 5,40 m
Höhe: 0,50 m
Länge: 13,20 m
Volumen, netto: 34,00 m3
einschließlich Baustelleneinrichtung, Baustellensicherung und Erdarbeiten

g) Angaben über den Zweck der baulichen Anlage oder des Auftrags, wenn auch Planungsleistungen gefordert werden

Zweck der baulichen Anlage:
Gebäude für den Katastrophen-Schutz
Zweck des Auftrags:
Technische Anlagen in Freianlagen

h) Aufteilung in Lose (Art und Umfang der Lose siehe Buchstabe f)

Vergabe nach Losen:
Nein

i) Ausführungsfristen

Beginn der Ausführung:
19.10.2026
Fertigstellung oder Dauer der Leistungen:
30.11.2026
weitere Fristen:

j) Nebenangebote

nur in Verbindung mit einem Hauptangebot zugelassen

k) mehrere Hauptangebote

nicht zugelassen

l) Bereitstellung/Anforderung der Vergabeunterlagen

Vergabeunterlagen werden elektronisch zur Verfügung gestellt
unter:
https://www.evergabe.de/unterlagen/54321-Tender-1a0a013944d-223c70eafcdd2a8
Maßnahmen zum Schutz vertraulicher Informationen:
Nein
Nachforderung:
Fehlende Unterlagen, deren Vorlage mit dem Angebot gefordert war, werden teilweise nachgefordert
und zwar folgende Unterlagen: Es werden keine Unterlagen die zur Preisbildung notwendig sind nachgefordert, d.h. es dürfen ausschließlich Zertifikate, Datenblätter o. ä. und nur auf Anforderung nachgereicht werden.

o) Ablauf der Angebotsfrist

am:
12.10.2026
um:
10:00 Uhr
Ablauf der Bindefrist am:
30.10.2026

p)

Adresse für elektronische Angebote (URL): https://www.evergabe.de
Anschrift für schriftliche Angebote: -ENTFÄLLT- (es sind ausschließlich elektronische Angebote zugelassen)

q) Sprache, in der die Angebote abgefasst sein müssen

Deutsch

r) Zuschlagskriterien

nachfolgende Zuschlagskriterien, ggf. einschl. Gewichtung:
Niedrigster Preis

s) Eröffnungstermin

Der Eröffnungstermin entfällt, es sind ausschließlich elektronische Angebote zugelassen.
Ort:
Geschäftsstelle RettZV SWS, Poeppigstraße 6, 08529 Plauen
Personen, die bei der Eröffnung anwesend sein dürfen:
nicht zutreffend

t) geforderte Sicherheiten

nicht zutreffend

u) Wesentliche Finanzierungs- und Zahlungsbedingungen und/oder Hinweise auf die maßgeblichen Vorschriften, in denen sie enthalten sind

Gemäß §16 VOB/B in der aktuellen Fassung

v) Rechtsform der/Anforderung an Bietergemeinschaften

gesamtschuldnerisch haftend mit bevollmächtigtem Vertreter

w) Beurteilung der Eignung

Präqualifizierte Unternehmen führen den Nachweis der Eignung durch den Eintrag in die Liste des Vereins für die Präqualifikation von Bauunternehmen e.V. (Präqualifikationsverzeichnis). Bei Einsatz von Nachunternehmen ist auf gesondertes Verlangen nachzuweisen, dass diese präqualifiziert sind oder die Voraussetzung für die Präqualifikation erfüllen.
Nicht präqualifizierte Unternehmen haben als vorläufigen Nachweis der Eignung mit dem Angebot das ausgefüllte Formblatt ''Eigenerklärung zur Eignung'' vorzulegen. Bei Einsatz von Nachunternehmen sind auf gesondertes Verlangen die Eigenerklärungen auch für diese abzugeben. Sind die Nachunternehmen präqualifiziert, reicht die Angabe der Nummer, unter der diese in der Liste des Vereins für die Präqualifikation von Bauunternehmen e.V. (Präqualifikationsverzeichnis) geführt werden.
Gelangt das Angebot in die engere Wahl, sind die Eigenerklärungen (auch die der Nachunternehmen) auf gesondertes Verlangen durch Vorlage der in der ''Eigenerklärung zur Eignung'' genannten Bescheinigungen zuständiger Stellen zu bestätigen. Bescheinigungen, die nicht in deutscher Sprache abgefasst sind, ist eine Übersetzung in die deutsche Sprache beizufügen.
Das Formblatt 'Eigenerklärung zur Eignung' ist erhältlich:
Es sind die individuellen Eigenerklärungs-Vordrucke des RettZV SWS aus den Vergabeunterlagen zu nutzen.
Darüber hinaus hat der Bieter zum Nachweis seiner Fachkunde folgende Angaben gemäß § 6a Abs. 3 VOB/A zu machen:

x) Nachprüfung behaupteter Verstöße

Nachprüfungsstelle (§ 21 VOB/A):
Referat 39 - Landesdirektion Sachsen
Altchemnitzer Straße 41
09105 Chemnitz

y) Sonstige Angaben




Baustelleneinrichtungen/ Baustellensicherung/ Bauzäune,Fenster/ Türen (Kunststoff),Regenüberlaufbecken,Landschaftsbau/ Außenanlagen"
25822680,1,,,,,"B 107 Ausbau in und nördlich Grimma mit Anbau eines Radweges - Baugrunduntersuchung, gewerbliche Leistungen",,,"Nationale Ausschreibung nach VOB/A
Öffentliche Ausschreibung

a) Name, Anschrift, Telefon-, Telefaxnummer sowie Emailadresse des Auftraggebers (Vergabestelle):

Name und Anschrift:
Landesamt für Straßenbau und Verkehr, Zentrale
Stauffenbergallee 24
01099 Dresden
Deutschland
Telefonnummer:
+49 351 8139-0
Faxnummer:
+49 35181391099
E-Mail:
vergabe@lasuv.sachsen.de

b) Gewähltes Vergabeverfahren:

Öffentliche Ausschreibung
Vergabe-Nr.:
21-L031-26

c) ggf. Auftragsvergabe auf elektronischem Wege und Verfahren der Ver- und Entschlüsselung:

Zugelassene Angebotsabgabe
elektronisch
in Textform
mit fortgeschrittener/m Signatur/Siegel
mit qualifizierter/m Signatur/Siegel

d) Art des Auftrages:

Art:
Planung und Ausführung von Bauleistungen

e) Ort der Ausführung:

04668 Grimma (nördlich Grimma A 14, B 107)

f) Art und Umfang der Leistung:

Art der Leistung:
B 107 Ausbau in und nördlich Grimma mit Anbau eines Radweges - Baugrunduntersuchung, gewerbliche Leistungen, Baugrundaufschlüsse, Laboruntersuchungen
Umfang der Leistung:
10,00 St Vorschachtung (Handschachtung)
61,00 St Leitungserkundung
6,00 Wo Bohrkernlager betreiben
6,00 St Umsetzen Bohrgerät
1,00 St Umsetzen Rammsonde
55,00 St Umsetzen Kleinbohrgerät
22,00 St Verkehrssicherung C II/4
4,00 St Verkehrssicherung C II/2
4,00 St Verkehrssicherung B IV/1
4,00 St Verkehrssicherung B IV/2
60,00 m Baugrundaufschlussbohrung ausführen Endtiefe 10 bis 20m
10,00 m Rammsondierung durchführen
236,00 m Kleinbohrung ausführen Endtiefe bis 6m
35,00 St Durchörtern von befestigten Flächen
10,00 m Aufsatzrohr liefern und einbauen
45,00 m Filterrohr liefern und einbauen
45,00 m Filtersand / Filterkies nach DIN 4924
5,00 St Abschlussbauwerk Überflurmessstelle
3,00 St Probe mit Entnahmegerät entnehmen
250,00 St Probe entnehmen
3,00 St Wasserprobe entnehmen
35,00 St Bankettprobe entnehmen
1,00 St Wiederherstellen befestigter Oberflächen
5,00 St Entnahme einer Wasserprobe
5,00 m Bohrloch verfüllen, Durchmesser bis 220 mm
260,00 m Bohrloch verfüllen, Durchmesser bis 80 mm
5,00 m Bohrloch verfüllen, Durchmesser bis 220 mm
36,00 m Bohrloch verfüllen, Durchmesser bis 80 mm
50,00 St Wassergehaltsbestimmung
50,00 St Kornverteilungsanalysen, Naßsiebung
10,00 St Kornverteilungs-, Schlämmanalyse
25,00 St Kornverteilung, Sieb- Schlämmanalyse
10,00 St Konsistenzgrenzenbestimmung
5,00 St Glühverlustbestimmung
1,00 St Einaxiale Druckfestigkeit Fels
20,00 St Analyse Asphalt (RuVA)
10,00 St Analyse BBodSchV
30,00 St Analyse EBV

g) Angaben über den Zweck der baulichen Anlage oder des Auftrages, wenn auch Planungsleistungen gefordert werden:

Zweck der baulichen Anlage:
Zweck des Auftrags:
Planungsleistungen (Einholung verkehrsrechtliche
Anordnungen, Einholung Schachtscheine)

h) Falls der Auftrag in mehrere Lose aufgeteilt ist, Art und Umfang der einzelnen Lose und Möglichkeit, Angebote für ein, mehrere oder alle Lose einzureichen:

Vergabe nach Losen:
Nein

i) Zeitpunkt, bis zu dem die Bauleistungen beendet werden sollen oder Dauer des Bauleistungsauftrags; sofern möglich Zeitpunkt, zu dem die Bauleistungen begonnen werden sollen:

Beginn:
02.11.2026
Ende:
02.03.2027

j) gegebenenfalls Angaben nach § 8 Abs. 2 Nr. 3 VOB/A zur Nichtzulassung von Nebenangeboten:

Nebenangebote sind:
nicht zugelassen

k) gegebenenfalls Angaben nach § 8 Absatz 2 Nummer 4 zur Nichtzulassung der Abgabe mehrerer Hauptangebote:

Mehrere Hauptangebote sind:
nicht zugelassen

l) Name und Anschrift, Telefon- und Faxnummer, Email-Adresse der Stelle, bei der die Vergabeunterlagen und zusätzliche Unterlagen angefordert und eingesehen werden können; bei Veröffentlichung der Auftragsbekanntmachung auf einem Internetportal die Angabe einer Internetadresse, unter der die Vergabeunterlagen unentgeltlich, uneingeschränkt, vollständig und direkt abgerufen werden können; § 11 Absatz 7 VOB/A bleibt unberührt:

Vergabeunterlagen werden elektronisch zur Verfügung gestellt.
unter:
https://www.evergabe.de/unterlagen/54321-Tender-1a08f0570f8-2b86660af52d8588

m) Gegebenenfalls Höhe und Bedingungen für die Zahlung des Betrags, der für die Unterlagen zu entrichten ist:

Die Unterlagen werden kostenfrei abgegeben.

o) Frist für den Eingang der Angebote und die Bindefrist:

Ende der Angebotsfrist:
01.10.2026 10:00 Uhr
Ablauf der Bindefrist am:
30.10.2026

p) Anschrift, an die die Angebote zu richten sind, gegebenenfalls auch Anschrift, an die Angebote elektronisch zu übermitteln sind:

Adresse für elektronische Angebote (URL): https://www.evergabe.de
Anschrift für schriftliche Angebote: -ENTFÄLLT- (es sind ausschließlich elektronische Angebote zugelassen)

q) Sprache, in der die Angebote abgefasst sein müssen:

Deutsch

r) Die Zuschlagskriterien, sofern diese nicht in den Vergabeunterlagen genannt werden, und gegebenenfalls deren Gewichtung:

Zuschlagskriterium Preis mit 100% Gewichtung

s) Datum, Uhrzeit und Ort des Eröffnungstermins sowie Angabe, welche Personen bei der Eröffnung der Angebote anwesend sein dürfen:

am:
01.10.2026
um:
10:00 Uhr
Ort:
Landesamt für Straßenbau und Verkehr (siehe Anschrift unter a)
Personen, die bei der Eröffnung anwesend sein dürfen:
Beim Öffnungstermin sind keine Bieter oder deren Bevollmächtigte zugelassen. Nach Abschluss des Öffnungstermins wird den Bietern unverzüglich elektronisch in Textform der Vordruck Mitteilung Ausschreibungsergebnis zugestellt.

t) Gegebenenfalls geforderte Sicherheiten:



u) Wesentliche Finanzierungs- und Zahlungsbedingungen und/oder Hinweise auf die maßgeblichen Vorschriften, in denen sie enthalten sind:

Die elektronische Rechnungsstellung wird akzeptiert und erfolgt über das Bundesportal OZG-RE im XRechnung-Format unter der Leitweg-ID 14-0706002LASUV01-45

v) Gegebenenfalls Rechtsform, die die Bietergemeinschaft nach der Auftragsvergabe haben muss:

gesamtschuldnerisch haftende Arbeitsgemeinschaft mit bevollmächtigtem Vertreter

w) Verlangte Nachweise für die Beurteilung der Eignung des Bewerbers oder Bieters:

 :
Der Bieter hat zum Nachweis seiner Fachkunde, Leistungsfähigkeit und Zuverlässigkeit auf Verlangen Angaben gemäß § 6a VOB/A zu machen.
Unterlagen, die mit dem Angebot abzugeben sind:
HVA B-StB Angebotsschreiben
HVA B-StB Eigenerklärung zur Eignung
Leistungsverzeichnis/Leistungsprogramm mit den Preisen
HVA B-StB Unterauftrag-/Nachunternehmerleistungen
HVA B-StB Erklärung Bieter-/Arbeitsgemeinschaft
Verlangte Angaben und Erklärungen laut Eigenerklärung zur Eignung:
Angabe, dass nachweislich keine schwere Verfehlung begangen wurde, die die Zuverlässigkeit als Bewerber in Frage stellt
Angaben zur Zahlung von Steuern, Abgaben und Beiträgen zur Sozialversicherung
Angabe zu Insolvenzverfahren und Liquidation
Angaben zu Registereintragungen
Angabe zur Mitgliedschaft bei der Berufsgenossenschaft
Vorlage geeigneter Referenzen (mind. eine Referenz) über die Ausführung von Bauleistungen in den letzten 5 Kalenderjahren**, die mit der zu vergebenden Leistung vergleichbar sind. Als vergleichbare Leistungen werden anerkannt:
Baugrunderkundungen, Baugrundaufschlüsse für Straßenbauvorhaben
Angabe zu Arbeitskräften
Ergänzende Eignungsnachweise:
Angabe der technischen Fachkräfte oder der technischen Stellen, die im Zusammenhang mit der Leistungserbringung eingesetzt werden sollen
Beschreibung der technischen Ausrüstung des Unternehmens
Beschreibung der Maßnahmen zur Qualitätssicherung des Unternehmens
Unterlagen, die auf gesondertes Verlangen der Vergabestelle vorzulegen sind:
Ergänzung des Verzeichnisses der Nachunternehmerleistungen um die Namen der
Nachunternehmen
Nachweis der Betriebshaftpflichtversicherung (Besondere Erklärung des Bieters)
Referenznachweise mit den im Formblatt Eigenerklärung zur Eignung genannten Angaben.
Erklärung zur Zahl der in den letzten 3 Jahren jahresdurchschnittlich beschäftigten Arbeitskräfte, gegliedert nach Lohngruppen, mit extra ausgewiesenem Leitungspersonal
Gewerbeanmeldung, Handelsregisterauszug und Eintragung in der Handwerksrolle (Handwerkskarte) bzw. bei der Industrie- und Handelskammer
Rechtskräftig bestätigter Insolvenzplan (falls eine Erklärung über das Vorliegen eines solchen Insolvenzplanes angegeben wurde)
Unbedenklichkeitsbescheinigung der tariflichen Sozialkasse, falls das Unternehmen beitragspflichtig ist
Unbedenklichkeitsbescheinigung des Finanzamtes bzw. Bescheinigung in Steuersachen, falls das Finanzamt eine solche Bescheinigung ausstellt
Freistellungsbescheinigung nach § 48b Einkommensteuergesetz
Unbedenklichkeitsbescheinigung der Berufsgenossenschaft des zuständigen Versicherungsträgers mit Angabe der Lohnsummen
Nachweise hinsichtlich einer eventuell durchgeführten Selbstreinigung
Nachweis der Qualifikation des zu benennenden Verantwortlichen für Sicherungsarbeiten an Arbeitsstellen gemäß dem ""Merkblatt über Rahmenbedingungen für erforderliche Fachkenntnisse zur Verkehrssicherung von
Arbeitsstellen an Straßen (MVAS)""
Nachweis der Qualifikation und Eignung für die Kampfmittelsuche und -räumung im Freistaat Sachsen, indem die entsprechenden Voraussetzungen nach dem SprengG zu erfüllen sind (Erlaubnis nach § 7 und Inhaber vom Befähigungsnachweis nach § 20)

x) Name und Anschrift der Stelle, an die sich der Bewerber oder Bieter zur Nachprüfung behaupteter Verstöße gegen Vergabebestimmungen wenden kann:

Nachprüfungsstelle (§ 21 VOB/A):
Sächsisches Staatsministerium für Infrastruktur und Landesentwicklung Abteilung 6 Mobilität, Referat 63 Straßen- und Ingenieurbau
Archivstraße 1
01097 Dresden


Verkehrssicherung,Labortechnik/ Messtechnik,Baugrunduntersuchungen/ Bodenuntersuchungen,Parametererfassung (Boden/ Luft/ Wasser)"
25823724,1,,,,,JLS - Gussasphalt,,,"Gussasphalt

JLS - Gussasphalt"
25827160,1,,,,,"D - Lpz,Uni L,3.TBM,Naturwiss,Linnédreieck, Lüftungstechnik BT4",,,"Lüftungstechnik BT4

D - Lpz,Uni L,3.TBM,Naturwiss,Linnédreieck, Lüftungstechnik BT4"
25825454,1,,,,,Malerarbeiten in Geb. B+C,,,"Maler- und Lackierarbeiten - Beschichtungen (DIN 18 363);

Maler- und Lackierarbeiten"
25822832,1,,,,,Geb.3512 Elektroarbeiten BMA,,,"a) Öffentlicher Auftraggeber (Vergabestelle)

Name und Anschrift:
Helmholtz Zentrum München Deutsches Forschungszentrum für Gesundheit und Umwelt (GmbH)
Ingolstädter Landstrasse 1
85764 Neuherberg
Telefon:
+49 8931872138
Fax:
E-Mail:
frank.georgi@helmholtz-munich.de
Internet:

b)

Vergabeverfahren:
Öffentliche Ausschreibung, VOB/A
Vergabenummer:
VOB-111-26

c) Angaben zum elektronischen Vergabeverfahren und zur Ver- und Entschlüsselung der Unterlagen

Zugelassene Angebotsabgabe
elektronisch
in Textform
mit fortgeschrittener/m Signatur/Siegel
mit qualifizierter/m Signatur/Siegel

d) Art des Auftrags

Ausführung von Bauleistungen

e) Ort der Ausführung

Helmholtz Zentrum München Deutsches Forschungszentrum für Gesundheit und Umwelt (GmbH)
Ingolstädter Landstraße 1
85764 Neuherberg

f) Art und Umfang der Leistung, ggf. aufgeteilt nach Losen

Art der Leistung:
Elektroarbeiten
Umfang der Leistung:
Verkabelung Brandmeldetechnik
156 Stk. beigestellte Meldesockel montieren
15 Stk. beigestellte Handfeuermelder montieren
25 Stk. beigestellte Alarmtongeber montieren
3.800 m BMA-Kabel verlegen
1.300 m Elektroinstallationsrohre verlegen
Brandschutzmaßnahmen
174 Stk. BMA-Geräte demontieren
2.100 m Leitungen demontieren

g) Angaben über den Zweck der baulichen Anlage oder des Auftrags, wenn auch Planungsleistungen gefordert werden

Zweck der baulichen Anlage:
Zweck des Auftrags:

h) Aufteilung in Lose (Art und Umfang der Lose siehe Buchstabe f)

Vergabe nach Losen:
Nein

i) Ausführungsfristen

Beginn der Ausführung:
23.10.2026
Fertigstellung oder Dauer der Leistungen:
12.02.2027
weitere Fristen:
Mit der Ausführung ist zu beginnen innerhalb von 12 Werktagen nach Zugang der Aufforderung durch den Auftraggeber.
Die Leistung ist zu vollenden (abnahmereif fertig zu stellen) in der 06.KW 2027.

j) Nebenangebote

nicht zugelassen

k) mehrere Hauptangebote

nicht zugelassen

l) Bereitstellung/Anforderung der Vergabeunterlagen

Vergabeunterlagen werden elektronisch zur Verfügung gestellt
unter:
https://www.evergabe.de/unterlagen/54321-Tender-1a09fd5f91a-4917fa800f854c41
Maßnahmen zum Schutz vertraulicher Informationen:
Nein
Nachforderung:
Fehlende Unterlagen, deren Vorlage mit dem Angebot gefordert war, werden nachgefordert

o) Ablauf der Angebotsfrist

am:
29.09.2026
um:
10:00 Uhr
Ablauf der Bindefrist am:
29.10.2026

p)

Adresse für elektronische Angebote (URL): https://www.evergabe.de
Anschrift für schriftliche Angebote: -ENTFÄLLT- (es sind ausschließlich elektronische Angebote zugelassen)

q) Sprache, in der die Angebote abgefasst sein müssen

Deutsch

r) Zuschlagskriterien

nachfolgende Zuschlagskriterien, ggf. einschl. Gewichtung:
Niedrigster Preis

s) Eröffnungstermin

am:
29.09.2026
um:
10:00
Ort:
elektronische Angebotseröffnung
Personen, die bei der Eröffnung anwesend sein dürfen:
elektronische Angebotseröffnung

t) geforderte Sicherheiten

keine

u) Wesentliche Finanzierungs- und Zahlungsbedingungen und/oder Hinweise auf die maßgeblichen Vorschriften, in denen sie enthalten sind

VOB/B 2016

v) Rechtsform der/Anforderung an Bietergemeinschaften

gesamtschuldnerisch haftend

w) Beurteilung der Eignung

Präqualifizierte Unternehmen führen den Nachweis der Eignung durch den Eintrag in die Liste des Vereins für die Präqualifikation von Bauunternehmen e.V. (Präqualifikationsverzeichnis). Bei Einsatz von Nachunternehmen ist auf gesondertes Verlangen nachzuweisen, dass diese präqualifiziert sind oder die Voraussetzung für die Präqualifikation erfüllen.
Nicht präqualifizierte Unternehmen haben als vorläufigen Nachweis der Eignung mit dem Angebot das ausgefüllte Formblatt ''Eigenerklärung zur Eignung'' vorzulegen. Bei Einsatz von Nachunternehmen sind auf gesondertes Verlangen die Eigenerklärungen auch für diese abzugeben. Sind die Nachunternehmen präqualifiziert, reicht die Angabe der Nummer, unter der diese in der Liste des Vereins für die Präqualifikation von Bauunternehmen e.V. (Präqualifikationsverzeichnis) geführt werden.
Gelangt das Angebot in die engere Wahl, sind die Eigenerklärungen (auch die der Nachunternehmen) auf gesondertes Verlangen durch Vorlage der in der ''Eigenerklärung zur Eignung'' genannten Bescheinigungen zuständiger Stellen zu bestätigen. Bescheinigungen, die nicht in deutscher Sprache abgefasst sind, ist eine Übersetzung in die deutsche Sprache beizufügen.
Das Formblatt 'Eigenerklärung zur Eignung' ist erhältlich:
Darüber hinaus hat der Bieter zum Nachweis seiner Fachkunde folgende Angaben gemäß § 6a Abs. 3 VOB/A zu machen:

x) Nachprüfung behaupteter Verstöße

Nachprüfungsstelle (§ 21 VOB/A):
Sachgebiet 30.1- VOB Stelle
Regierung von Oberbayern
Maximilianstr. 39
80538 München

y) Sonstige Angaben

Mit Vertragsschluss werden die Regeln der VOB/B 2016 vereinbart.


Elektro                                  ,Brandmeldeanlagen"
25822676,1,,,,,"S 32 OU Lommatzsch, BA 1.2, Los 7 Versickerfläche",,,"Nationale Ausschreibung nach VOB/A
Öffentliche Ausschreibung

a) Name, Anschrift, Telefon-, Telefaxnummer sowie Emailadresse des Auftraggebers (Vergabestelle):

Name und Anschrift:
Landesamt für Straßenbau und Verkehr, Niederlassung Meißen
Heinrich-Heine-Straße 23 c
01662 Meißen
Deutschland
Telefonnummer:
Faxnummer:
E-Mail:
vergabelasuvmei@lasuv.sachsen.de

b) Gewähltes Vergabeverfahren:

Öffentliche Ausschreibung
Vergabe-Nr.:
22-L119-26

c) ggf. Auftragsvergabe auf elektronischem Wege und Verfahren der Ver- und Entschlüsselung:

Zugelassene Angebotsabgabe
elektronisch
in Textform
mit fortgeschrittener/m Signatur/Siegel
mit qualifizierter/m Signatur/Siegel

d) Art des Auftrages:

Art:
Ausführung von Bauleistungen

e) Ort der Ausführung:

Lommatzsch, S 85 - S 32

f) Art und Umfang der Leistung:

Art der Leistung:
S 32 OU Lommatzsch, BA 1.2, Los 7 Versickerfläche
Umfang der Leistung:
Rohrleitung herstellen, DN 300 bis 500 10m
Geotextil herstellen, 2 Lagen 8000 m2
Frostschutzschicht herstellen 1200 m3
Oberboden abtragen und lagern 600 m3
Oberboden gelagert andecken 600 m3
Boden lösen und einbauen 2000 m3
Planum herstellen 4000 m2
Graben befestigen 300 m
Straßenmulde befestigen 80 m2
Pflasterdecke herstellen 80 m2
Rasen sähen 4000 m2
entsprechend Vergabeunterlagen

g) Angaben über den Zweck der baulichen Anlage oder des Auftrages, wenn auch Planungsleistungen gefordert werden:

Zweck der baulichen Anlage:
Zweck des Auftrags:

h) Falls der Auftrag in mehrere Lose aufgeteilt ist, Art und Umfang der einzelnen Lose und Möglichkeit, Angebote für ein, mehrere oder alle Lose einzureichen:

Vergabe nach Losen:
Nein

i) Zeitpunkt, bis zu dem die Bauleistungen beendet werden sollen oder Dauer des Bauleistungsauftrags; sofern möglich Zeitpunkt, zu dem die Bauleistungen begonnen werden sollen:

Beginn:
Ende:
sonstiges weitere Fristen:
Bauanfang spätestens 12 Werktage nach Zuschlagserteilung
Bauende spätestens 50 Werktage nach Baubeginn,
siehe Vergabeunterlagen

j) gegebenenfalls Angaben nach § 8 Abs. 2 Nr. 3 VOB/A zur Nichtzulassung von Nebenangeboten:

Nebenangebote sind:
nicht zugelassen

k) gegebenenfalls Angaben nach § 8 Absatz 2 Nummer 4 zur Nichtzulassung der Abgabe mehrerer Hauptangebote:

Mehrere Hauptangebote sind:
nicht zugelassen

l) Name und Anschrift, Telefon- und Faxnummer, Email-Adresse der Stelle, bei der die Vergabeunterlagen und zusätzliche Unterlagen angefordert und eingesehen werden können; bei Veröffentlichung der Auftragsbekanntmachung auf einem Internetportal die Angabe einer Internetadresse, unter der die Vergabeunterlagen unentgeltlich, uneingeschränkt, vollständig und direkt abgerufen werden können; § 11 Absatz 7 VOB/A bleibt unberührt:

Vergabeunterlagen werden elektronisch zur Verfügung gestellt.
unter:
https://www.evergabe.de/unterlagen/54321-Tender-1a0a0338e19-7b19fd56e03766c1

m) Gegebenenfalls Höhe und Bedingungen für die Zahlung des Betrags, der für die Unterlagen zu entrichten ist:

Die Unterlagen werden kostenfrei abgegeben.

o) Frist für den Eingang der Angebote und die Bindefrist:

Ende der Angebotsfrist:
06.10.2026 10:00 Uhr
Ablauf der Bindefrist am:
13.11.2026

p) Anschrift, an die die Angebote zu richten sind, gegebenenfalls auch Anschrift, an die Angebote elektronisch zu übermitteln sind:

Adresse für elektronische Angebote (URL): https://www.evergabe.de
Anschrift für schriftliche Angebote: -ENTFÄLLT- (es sind ausschließlich elektronische Angebote zugelassen)

q) Sprache, in der die Angebote abgefasst sein müssen:

Deutsch

r) Die Zuschlagskriterien, sofern diese nicht in den Vergabeunterlagen genannt werden, und gegebenenfalls deren Gewichtung:

Siehe Vergabeunterlagen

s) Datum, Uhrzeit und Ort des Eröffnungstermins sowie Angabe, welche Personen bei der Eröffnung der Angebote anwesend sein dürfen:

am:
06.10.2026
um:
10:00 Uhr
Ort:
Deutschland
Personen, die bei der Eröffnung anwesend sein dürfen:
entfällt

t) Gegebenenfalls geforderte Sicherheiten:

siehe Vergabeunterlagen

u) Wesentliche Finanzierungs- und Zahlungsbedingungen und/oder Hinweise auf die maßgeblichen Vorschriften, in denen sie enthalten sind:

siehe Vergabeunterlagen

v) Gegebenenfalls Rechtsform, die die Bietergemeinschaft nach der Auftragsvergabe haben muss:

gesamtschuldnerisch haftende Arbeitsgemeinschaft mit bevollmächtigtem Vertreter

w) Verlangte Nachweise für die Beurteilung der Eignung des Bewerbers oder Bieters:

 :
Der Bieter hat zum Nachweis seiner Fachkunde, Leistungsfähigkeit und Zuverlässigkeit auf Verlangen Angaben gemäß § 6a VOB/A zu machen.
Verlangte Nachweise für die Beurteilung der Eignung des Bewerbers oder Bieters:
mit dem Angebot vorzulegen:
Angaben zu Nachunternehmerleistungen,
Eigenerklärung Eignung bei fehlender Präqualifikation,
auf gesondertes Verlangen der Vergabestelle:
Nachweis der Betriebshaftpflichtversicherung (Besondere Erklärung des Bieters), -Angaben und Nachweise nach § 6a Abs. 2 VOB/A für Bieter und Nachunternehmen bzw. andere Unternehmen der letzten drei Geschäftsjahre,
Vorlage geeigneter Referenzen über die Ausführung von Bauleistungen in den letzten fünf Jahren erbrachten wesentlichen Leistungen, die mit der zu vergebenden Leistung vergleichbar sind.
Angaben zum technischen Fachpersonal, Beschreibung der technischen Ausrüstung des Unternehmens,
Ergänzung des Verzeichnisses der Nachunternehmerleistungen bzw. Verzeichnisses der Leistungen anderer Unternehmen um die Namen der Nachunternehmen,
Ergänzung des Verzeichnisses der Leistungen anderer Unternehmen um die Namen der anderen Unternehmen,
Nachweis der Qualifikation des zu benennenden Verantwortlichen für Sicherungsarbeiten an Arbeitsstellen gemäß dem ""Merkblatt über Rahmenbedingungen für erforderliche Fachkenntnisse zur Verkehrssicherung von
Arbeitsstellen an Straßen (MVAS)"",
entsprechend Vergabeunterlagen

x) Name und Anschrift der Stelle, an die sich der Bewerber oder Bieter zur Nachprüfung behaupteter Verstöße gegen Vergabebestimmungen wenden kann:

Nachprüfungsstelle (§ 21 VOB/A):
Sächsisches Staatsministerium für Infrastruktur und Landesentwicklung Abteilung 6 Mobilität, Referat 63 Straßen- und Ingenieurbau
Archivstraße 1
01097 Dresden


Straßenbau,Entwässerungskanäle,Wasserbau,Landschaftsbau/ Außenanlagen,Erdbau"
25822640,1,,,,,"Grüner Bogen - Dresden, Los 2 Öffentliche Beleuchtung/Ausrüstung",,,"a) Öffentlicher Auftraggeber (Vergabestelle)

Name und Anschrift:
Landeshauptstadt Dresden, GB Umwelt und Klima, Recht und Ordnung, Amt f. Stadtgrün u. Abfallwirtschaft
Postfach 120020
01001 Dresden
Telefon:
Fax:
E-Mail:
zvb-vob@dresden.de
Internet:
https://www.dresden.de

b)

Vergabeverfahren:
Öffentliche Ausschreibung, VOB/A
Vergabenummer:
2026-673-00018

c) Angaben zum elektronischen Vergabeverfahren und zur Ver- und Entschlüsselung der Unterlagen

Zugelassene Angebotsabgabe
elektronisch
in Textform

d) Art des Auftrags

Ausführung von Bauleistungen

e) Ort der Ausführung

01069 Dresden-Altstadt

f) Art und Umfang der Leistung, ggf. aufgeteilt nach Losen

Grüner Bogen - Dresden; Reitbahnstraße - Prager Straße - St. Petersburger Straße,
Art der Leistung:
Öffentliche Beleuchtung (Ausrüstung)
Umfang der Leistung:
Öffentliche Beleuchtung - Ausrüstungsarbeiten
Grüner Bogen - Dresden
Titel: Technische Ausrüstung Öffentliche Beleuchtung
Demontagen:
24 Stk Demontage und fachgerechte Entsorgung von Ansatz-/Aufsatz- leuchte
3 Stk Demontage und fachgerechte Entsorgung von Säulenleuchte
1 Stk Entsanden von Mastinnenräumen
1.300 m Streckenkabel aufnehmen und fachgerecht entsorgen
2 Stk Entsanden von Schaltschrankinnenräumen
Kabel und Zubehör:
1.400 m Anlieferung und Verlegung Erdkabel bis einschließlich NYY-J 4x50
mm² einschließlich Abdeckmaterial
100 m Anlieferung und Verlegung Erdkabel NYY-J 4x120 mm² einschließ-
lich Abdeckmaterial
550 Stk Kabelkennzeichnungsschlaufe, 9 mm
2 Stk Verbindungsmuffe in Schrumpftechnik bis 4x70 mm²
15 Stk Verbindungsmuffe in Schrumpftechnik bis 4x50 mm²
5 Stk Abzweigmuffe bis 4x50 mm
1 Stk Übergangsverbindungsmuffe bis 4x70 mm²
50 Stk Verbindungsdosenklemme
Leuchten und Zubehör
18 Stk Lieferung und Montage von Aufsatzleuchte Novara ML Einfach
3 Stk Lieferung und Montage von Aufsatzleuchte Novara S Einfach
4 Stk Lieferung und Montage von Säulenleuchte VIGO G4000
5 Stk Lieferung und Übergabe von Lichtmast Hess Campo 12.01411.4500
an an den Tiefbau zur Aufstellung
25 Stk Lieferung und Montage von Mastsicherungskästen
21 Stk Einsanden von Lichtmastinnenräumen KLM 45/76 und Herstellung
von Korrosionsschutz
11 Stk KLM 45/76 mit neuer Korrosionsschutzmanschette versehen
4 Stk Einsanden von Säulenleuchteninnenräumen
Niederspannungsverteiler
2 Stk Überspannungsschutz mehrpolig liefern und fachgerecht einbauen
1 Stk Tiefenerder für Schaltschrank liefern und fachgerecht montieren
2 Stk Anschluss von Tiefenerdern
2 Stk Schaltschrankinnenräume einsanden
Provisorium
1 Stk Provisorium aus mobilen Beleuchtungsmasten
12 Mt Provisorium vorhalten
14 Stk Maste des Provisoriums umsetzen
Anlageneinmessung und Revisionsunterlagen
1 pauschl Einmessung der neu errichteten Anlage und Lieferung
der Revisionsunterlagen
+++ Folgende Unterlagen sind auf gesondertes Verlangen der Vergabestelle vorzulegen: - Urkalkulation
Inhalt der Urkalkulation: Diese ist mindestens gemäß dem Inhalt nach Formblatt 223 - Aufgliederung der Einheitspreise von ALLEN Positionen zu erstellen, d. h.: LV-Position; Kurzbezeichnung; Menge; Mengeneinheit; Zeitansatz; Teilkosten einschl. Zusätze in Euro je Mengeneinheit (Löhne, Stoffe, Geräte, Sonstiges); angebotener Einheitspreis (Summe aus Löhne, Stoffe, Geräte, Sonstiges). +++

g) Angaben über den Zweck der baulichen Anlage oder des Auftrags, wenn auch Planungsleistungen gefordert werden

Zweck der baulichen Anlage:
Zweck des Auftrags:

h) Aufteilung in Lose (Art und Umfang der Lose siehe Buchstabe f)

Vergabe nach Losen:
Nein

i) Ausführungsfristen

Beginn der Ausführung:
18.01.2027
Fertigstellung oder Dauer der Leistungen:
30.06.2028
weitere Fristen:

j) Nebenangebote

nicht zugelassen

k) mehrere Hauptangebote

zugelassen

l) Bereitstellung/Anforderung der Vergabeunterlagen

Vergabeunterlagen werden elektronisch zur Verfügung gestellt
unter:
https://www.evergabe.de/unterlagen/54321-Tender-19fdc058283-18049ad3f8720d7
Maßnahmen zum Schutz vertraulicher Informationen:
Nein
Nachforderung:
Fehlende Unterlagen, deren Vorlage mit dem Angebot gefordert war, werden nachgefordert

o) Ablauf der Angebotsfrist

am:
05.10.2026
um:
15:00 Uhr
Ablauf der Bindefrist am:
23.12.2026

p)

Adresse für elektronische Angebote (URL): https://www.evergabe.de
Anschrift für schriftliche Angebote: -ENTFÄLLT- (es sind ausschließlich elektronische Angebote zugelassen)

q) Sprache, in der die Angebote abgefasst sein müssen

Deutsch

r) Zuschlagskriterien

nachfolgende Zuschlagskriterien, ggf. einschl. Gewichtung:
Niedrigster Preis

s) Eröffnungstermin

am:
05.10.2026
um:
15:00 Uhr
Ort:
entfällt, da ausschließlich elektronische Angebotsabgabe zugelassen
Personen, die bei der Eröffnung anwesend sein dürfen:
Beauftragte des Auftraggebers

t) geforderte Sicherheiten

siehe Vergabeunterlagen

u) Wesentliche Finanzierungs- und Zahlungsbedingungen und/oder Hinweise auf die maßgeblichen Vorschriften, in denen sie enthalten sind

siehe Vergabeunterlagen

v) Rechtsform der/Anforderung an Bietergemeinschaften

gesamtschuldnerisch haftende Bietergemeinschaft mit bevollmächtigtem Vertreter

w) Beurteilung der Eignung

Präqualifizierte Unternehmen führen den Nachweis der Eignung durch den Eintrag in die Liste des Vereins für die Präqualifikation von Bauunternehmen e.V. (Präqualifikationsverzeichnis). Bei Einsatz von Nachunternehmen ist auf gesondertes Verlangen nachzuweisen, dass diese präqualifiziert sind oder die Voraussetzung für die Präqualifikation erfüllen.
Nicht präqualifizierte Unternehmen haben als vorläufigen Nachweis der Eignung mit dem Angebot das ausgefüllte Formblatt ''Eigenerklärung zur Eignung'' vorzulegen. Bei Einsatz von Nachunternehmen sind auf gesondertes Verlangen die Eigenerklärungen auch für diese abzugeben. Sind die Nachunternehmen präqualifiziert, reicht die Angabe der Nummer, unter der diese in der Liste des Vereins für die Präqualifikation von Bauunternehmen e.V. (Präqualifikationsverzeichnis) geführt werden.
Gelangt das Angebot in die engere Wahl, sind die Eigenerklärungen (auch die der Nachunternehmen) auf gesondertes Verlangen durch Vorlage der in der ''Eigenerklärung zur Eignung'' genannten Bescheinigungen zuständiger Stellen zu bestätigen. Bescheinigungen, die nicht in deutscher Sprache abgefasst sind, ist eine Übersetzung in die deutsche Sprache beizufügen.
Das Formblatt 'Eigenerklärung zur Eignung' ist erhältlich:
""Siehe Vergabeunterlagen;+++ZU BEACHTEN: 1. Der Bieter hat zum Nachweis seiner Fachkunde, Leistungsfähigkeit u. Zuverlässigkeit MIT ANGEBOTSABGABE die Eigenerklärung zur Eignung mit folgenden Angaben einzureichen: - Angaben zum Umsatz des Unternehmens jeweils bezogen auf die letzten drei abgeschlossenen Geschäftsjahre, soweit er Bauleistungen und andere Leistungen betrifft, die mit der zu vergebenden Leistung vergleichbar sind, unter Einschluss des Anteils bei gemeinsam mit anderen Unternehmen ausgeführten Aufträgen
Angaben über die Ausführung von Leistungen in den letzten 5 Kalenderjahren, die mit der zu vergebenden Leistung vergleichbar sind (mind. 3 Eigenreferenzen; 1. Referenzgeber: Bauherr/ Auftraggeber (Name, Anschrift, Telefonnummer/Mail- Adresse), 2. Bezeichnung des Bauvorhabens 3. Ort der Ausführung (Ort, Straße),
4. Auftragssumme, 5. Ausführungszeit (Monat/ Jahr von Baubeginn und Fertigstellung), 6. Kurzbeschreibung der Baumaßnahme einschließlich eventueller Besonderheiten der Ausführung, ggf. auch im Bezug auf besondere technische und gerätespezifische Anforderungen)
Angaben zur Zahl der in den letzten 3 abgeschlossenen Kalenderjahren jahres- durchschnittlich beschäftigten Arbeitskräfte, gegliedert nach Lohngruppen mit gesondert ausgewiesenem technischem Leitungspersonal
Erklärung zur Eintragung bei Handwerkskammer bzw. Industrie- und Handels- kammer (Name u. Ort der Institution, Mitgliedsnr., Gegenstand des Unternehmens)
Angaben zur Eintragung in das Handelsregister (Nr. u. Registergericht); - Erklärung zur Zahlung von Abgaben und Beiträgen sowie Sozialversicherung; - Angaben zur Zahlung von Beiträgen zur Unfallversicherung (Name des Versicherungsträgers
und Nr.); - Angaben zur Zahlung von Beiträgen zur tariflichen Sozialkasse (Name der Sozialkasse)
Erklärung zu Freistellungsbescheinigung nach § 48 EStG
Erklärung zu Insolvenzverfahren
Erklärung zu Liquidation
Erklärung zu schwerer Verfehlung nach § 6a Absatz 2 Nummer 7 VOB/A
2. Der Nachweis der Eignung kann auch durch Eintrag in die Liste des Vereins für die Präqualifikation von Bauunternehmen e.V. (Präqualifikationsnachweis VOB mittels PQ-Verein) geführt werden.
3. - Angabe, welche Teile des Auftrags der Unternehmer unter Umständen als Unteraufträge zu vergeben beabsichtigt +++""
Darüber hinaus hat der Bieter zum Nachweis seiner Fachkunde folgende Angaben gemäß § 6a Abs. 3 VOB/A zu machen:

x) Nachprüfung behaupteter Verstöße

Nachprüfungsstelle (§ 21 VOB/A):
(nach vorheriger Rüge beim Auftraggeber via Bietercockpit auf https://www.evergabe.de) Landesdirektion Sachsen, Referat 39 (E-Mail: post@lds.sachsen.de)
09105 Chemnitz (Besucheranschrift: Stauffenber; Diese elektronische Bekanntmachung auf https://www.evergabe.de ist die einzige amtliche Veröffentlichung. Eventuelle nachträgliche Informationen erfolgen ausschließlich über die Plattform evergabe.de.


Elektro                                  ,Straßenbeleuchtung/ Beleuchtungsanlagen im Freien"
25823226,1,,,,,Jahresvertrag Auftragsschweißen,,,Jahresvertrag Auftragsschweißen
25822548,1,,,,,"Ersatzneubau VSL ""Am Quellenberg"" 1. BA",,,"a) Auftraggeber:  Offizielle Bezeichnung: WAZV Mittlere Wesenitz; Straße, Hausnummer: Markt 26; Postleitzahl: 01833; Ort: Stolpen; Land: DE; Telefon: +49 35973-612-0; Fax: +49 35973-612-18; E-Mail: goebel@wazv-mittlere-wesenitz.de
b) Vergabeart: Öffentliche Ausschreibung
c) Angebote können nur schriftlich abgegeben werden.
d) Art des Auftrages: Bauleistungen
e) Ort(e) der Ausführung: Offizielle Bezeichnung: Dürrröhrsdorf ; Straße, Hausnummer: Am Quellenberg; Postleitzahl: 01833; Ort: Dürrröhrsdorf-Dittersbach; Land: DE
f) Art und Umfang der Leistung: Trinkwasserleitungsverlegung im statischen Pflugverfahren mit Einbaukasten: 830 m Trinkwasserleitung PE-HD RC- SM 180x16,4; in 3 Abschnitten
Trinkwasserleitung Verlegung im offenen Graben;- 110 m Trinkwasserleitung PE-HD RC 180x16,4; -  10 m Trinkwasserleitung PE-HD RC 40x3,7; - 1 Stück Hydrant DN 80; - 5 Stück Schieber DN 150; - 1 Stück Anbohrventil; - 6 Stück An- und Umbindungen; - 30 m2 Oberflächenaufbruch / -Wiederherstellung Asphalt
g) Es werden keine Planungsleistungen gefordert
h) Aufteilung in mehrere Lose: nein
i) Ausführungsfristen: Beginn: 09.11.2026, Ende: 11.12.2026
j) Gegebenenfalls Angaben nach § 8 Absatz 2 Nummer 3 zur Nichtzulassung von Nebenangeboten: Entfällt, da Nebenangebote zugelassen sind.
k) Gegebenenfalls Angaben nach § 8 Absatz 2 Nummer 4 zur Nichtzulassung der Abgabe mehrerer Hauptangebote: Entfällt, da die Abgabe mehrerer Hauptangebote zugelassen ist.
 l) Stelle, bei der die Vergabeunterlagen angefordert werden können: Die Vergabeunterlagen werden auf der Vergabeplattform evergabe.de bereitgestellt. Ein unentgeltlicher Abruf ohne Registrierung ist möglich unter https://www.evergabe.de/unterlagen/3453688/zustellweg-auswaehlen.
m) Kosten für Vervielfältigungen der Vergabeunterlagen: entfällt
n) entfällt
o) Frist für den Eingang der Angebote: 01.10.2026, 10:00 Uhr; Bindefrist: 31.10.2026
p) Angebote sind schriftlich (Papierform) zu richten an: siehe Buchstabe a).
q) Angebote sind abzufassen in: Deutsch
r) Zuschlagskriterien, sofern diese nicht in den Vergabeunterlagen genannt werden und gegebenenfalls deren Gewichtung: Die Zuschlagskriterien sind in den Vergabeunterlagen genannt.
s) Eröffnungstermin: Datum: 01.10.2026, 10:00 Uhr; Ort: Altes Amtsgericht, Markt 26, Rats- und Bürgersaal 1. OG, 01833 Stolpen; Personen, die anwesend sein dürfen: Bieter und ihre Bevollmächtigten
t) Sicherheiten: VOB; SächsVergG; siehe Verdingungsunterlagen; Weitere BVB
u) Finanzierungs- und Zahlungsbedingungen: Abschlagszahlungen und Schlusszahlung nach VOB/B; siehe Verdingungsunterlagen
v) Rechtsform einer Bietergemeinschaft: selbstschuldnerisch haftend mit bevollmächtigtem Vertreter
w) Verlangte Nachweise für die Beurteilung der Eignung: VOB/A § 6a (2) 1. Bis 9., (3); Der Bieter hat mit seinem Angebot zum Nachweis seiner Fachkunde, Leistungsfähigkeit und Zuverlässigkeit eine direkt abrufbare Eintragung in die allgemein zugängliche Liste des Vereins für Präqualifikation von Bauunternehmen e.V. (Präqualifikationsverzeichnis) oder glw. nachzuweisen. Der Nachweis der Eignung kann auch durch Eigenerklärungen gem. Formblatt 124 (Eigenerklärung zur Eignung) erbracht werden. - Nachweis der DVGW-Zulassung mindestens Gruppe GW301
x) Vergabenachprüfstelle: Offizielle Bezeichnung: Landkreis Sächsische Schweiz/Osterzgebirge, Landratsamt Vergabestelle/Vergabenachprüfstelle; E-Mail: vergabestelle@landratsamt-pirna.de

Straßenbau,Trinkwasserleitungen"
25822528,1,,,,,"A14, Los 7 LaBau Fangzaunanlage Amphibien",,,"AS Osterburg (o) - AS Seehausen (m), A14, Los 7 LaBau Fangzaunanlage Amphibien

A14, Los 7 LaBau Fangzaunanlage Amphibien"
25823140,1,,,,,Instandsetzung Wurt Leuchtfeuer Rhinplate Nord,,,Instandsetzung Wurt Leuchtfeuer Rhinplate Nord
25827148,1,,,,,30760 Bodenbelagsarbeiten,,,Bodenbelag
25822474,1,,,,,Neubau Gretel Haus - Rohbauarbeiten,,,Neubau Gretel Haus - Rohbauarbeiten
25822536,1,,,,,"Umnutzung und Sanierung Basketball – Trainingshalle ""Löwenpark"" Erfurt - VE501 Außenanlagen",,,"a) Auftraggeber:  Offizielle Bezeichnung: Basketball Löwen e.V.; Straße, Hausnummer: Leipziger Straße 71; Postleitzahl: 99085; Ort: Erfurt; Land: DE; Telefon: +49 176-31421216; Internet-Adresse: https://basketball-loewen.com/; E-Mail: loewenpark@basketball-loewen.com
b) Vergabeart: Öffentliche Ausschreibung
c) Angebote können nur elektronisch abgegeben werden.
d) Art des Auftrages: Bauleistung
e) Ort(e) der Ausführung: Offizielle Bezeichnung: Löwenpark; Straße, Hausnummer: Friedrich-Ebert-Straße 58; Postleitzahl: 99096; Ort: Erfurt; Land: DE
f) Art und Umfang der Leistung: * Abbruch und Sicherung: ca. 160 m² Pflaster- und Plattenbeläge, ca. 117 m Bordsteine, Roden von Gehölzen, Entsorgung
* Erdarbeiten: ca. 120 m² Oberbodenabtrag, ca. 140 m³ Bodenaushub, Leitungs- und Suchgräben
* Platz- und Wegeflächen: ca. 412 m² Planum, ca. 387 m² Frost- und Schottertragschicht, ca. 107 m² Pflaster- und Plattenbelag, ca. 262 m² wassergebundene Decke, ca. 386 m Betonborde, ca. 180 m Traufstreifen
* Baukonstruktionen: ca. 12 m Winkelstützwand mit Streifenfundament
* Technische Anlagen: Regenwasserkanal DN 100, Schachtabdeckungen, Entwässerungsrinnen
* Einfriedungen und Einbauten: Zauntor, Demontage Zaunfelder, 14 Fahrradanlehnbügel, Sauberlaufsystem, Versetzen von Schrankenanlage und Fahrradeinhausung, Wurzelbrücke
* Vegetationsflächen: ca. 875 m² Oberbodenauftrag, ca. 810 m² Rasenansaat, 5 Hochstämme, ca. 70 Sträucher
* Pflege: Fertigstellungs- und Entwicklungspflege
g) Es werden Planungsleistungen gefordert: WMP
h) Aufteilung in mehrere Lose: nein
i) Ausführungsfristen: Beginn: 14.10.2026, Ende: 30.04.2027
j) Gegebenenfalls Angaben nach § 8 Absatz 2 Nummer 3 zur Nichtzulassung von Nebenangeboten: Nebenangebote sind nicht zugelassen. .
k) Gegebenenfalls Angaben nach § 8 Absatz 2 Nummer 4 zur Nichtzulassung der Abgabe mehrerer Hauptangebote: Die Abgabe mehrerer Hauptangebote ist nicht zugelassen. .
 l) Stelle, bei der die Vergabeunterlagen angefordert werden können: Die Vergabeunterlagen werden auf der Vergabeplattform evergabe.de bereitgestellt. Ein unentgeltlicher Abruf ohne Registrierung ist möglich unter https://www.evergabe.de/unterlagen/3453741/zustellweg-auswaehlen.
m) Kosten für Vervielfältigungen der Vergabeunterlagen: entfällt
n) entfällt
o) Frist für den Eingang der Angebote: 02.10.2026, 10:00 Uhr; Bindefrist: 31.03.2027
p) Elektronische Angebote sind auf der Vergabeplattform evergabe.de abzugeben.
q) Angebote sind abzufassen in: Deutsch
r) Zuschlagskriterien, sofern diese nicht in den Vergabeunterlagen genannt werden und gegebenenfalls deren Gewichtung: wirtschaftlichster Preis
s) Eröffnungstermin: Datum: 02.10.2026, 10:00 Uhr; Ort: online; Personen, die anwesend sein dürfen: zwei Vertreter der Bauherrschaft
t) Sicherheiten: nicht angegeben
u) Finanzierungs- und Zahlungsbedingungen: Abschlagszahlungen nach Baufortschritt
v) Rechtsform einer Bietergemeinschaft: gesamtschuldnerisch haftend mit bevollmächtigtem Vertreter
w) Verlangte Nachweise für die Beurteilung der Eignung: nicht angegeben
x) Vergabenachprüfstelle: Offizielle Bezeichnung: baukonsult-knabe ARCHITEKTEN-INGENIEURE-GESAMTPLANER GmbH; Straße, Hausnummer: Pergamentergasse 9; Postleitzahl: 99084; Ort: Erfurt; Land: DE; Internet-Adresse: https://www.baukonsult-knabe.de; E-Mail: ausschreibung@knabe.gmbh

Stützwände,Entwässerungskanäle,Landschaftsbau/ Außenanlagen"
25825670,1,,,,,"Herstellung einer Druckleitung, Umbau einer Kläranlage zur Pumpanlage - PAA Labbeck mit LD",,,"Herstellung einer Druckleitung, Umbau einer Kläranlage zur Pumpanlage - PAA Labbeck mit LD"
25826854,1,,,,,"MPI für Polymerforschung, Mainz - Entrauchung UG Technikzentrale; Fördertechnik",,,"Im MPI für Polymerforschung in Mainz soll der vorhandenen Lastenaufzug ausgetauscht und der Aufzugsschacht um eine zusätzliche Dach-Haltestelle erweitert werden. Ausführung als maschienraumloser Aufzug mit Seilantrieb, 5 Haltestellen, Durchladung im EG, Tragfähigkeit mind. 2500kg, behindertengerechte Ausführung nach DIN 1824. Inkl. Demontage und Rückbau des vorhandenen Lastenaufzuges.

?Besonderer Hinweis betr. Bieterfragen aufgrund besonderer äußerer Ereignisse (z.B. Sars-COV-2 oder Ukraine Krieg):

Bitte berücksichtigen Sie bei Ihrer Angebotserstellung etwaige mögliche bzw. erkennbare Beeinträchtigungen, z.B. in Bezug auf die Verfügbarkeit von Materialien und Produkten, Arbeitskräften, eine evtl. verzögerte Beibringung von geforderten Nachweisen, Auswirkungen auf etwaige Nachunternehmer etc.
Fragen, die in diesem Zusammenhang auftreten, bitten wir rechtzeitig vor Angebotsfrist über das Nachrichtensystem der eVergabe zu stellen.?

Mit der Ausführung ist zu beginnen						
innerhalb von 12 Werktagen nach Zugang der Aufforderung durch den AG (§5Abs. 2 Satz 2 VOB/B). 						
						
die Aufforderung wird Ihnen vorauss. bis zum 		11.11.2026			      zugehen.
Die Leistung ist zu vollenden (abnahmereif fertig zu stellen):						
innerhalb von   		243		Werktagen nach vorstehend angegebener Frist		
5 Arbeitstagen/ Woche

MPI für Polymerforschung, Mainz - Entrauchung UG Technikzentrale; Fördertechnik"
25825516,1,,,,,Zeitvertrag Gerüstbau,,,"Zeitvertrag Gerüstbau

Zeitvertrag Ger&#xFC;stbau"
25825536,1,,,,,Rahmenvereinbarung Zeitvertragsarbeiten Landschaftsbau | Campus Saarbrücken & Dudweiler,,,"Rahmenvereinbarung Zeitvertragsarbeiten Landschaftsbau | Campus Saarbrücken & Dudweiler

Rahmenvereinbarung Zeitvertragsarbeiten Landschaftsbau | Campus Saarbr&#xFC;cken & Dudweiler"
25825544,1,,,,,Gebäudeautomation,,,"Gebäudeautomation

Geb&#xE4;udeautomation"
25825552,1,,,,,Sanierung und Erweiterung BGH Reichelsheim,,,"Sanierung und Erweiterung BGH Reichelsheim

Sanierung und Erweiterung BGH Reichelsheim"
25825484,1,,,,,LED-Umrüstung 2026,,,"LED-Umrüstung 2026

LED-Umr&#xFC;stung 2026"
25823136,1,,,,,"Kampfmittelräumung  Deckwerk Roßlau El-km 256,800 - 257,820 rechtes Ufer",,,"Kampfmittelräumung  Deckwerk Roßlau El-km 256,800 - 257,820 rechtes Ufer"
25823492,1,,,,,"10021458-Zeitvertrag STLB-BauZ Nr. 655, 657, 660 und 661 am GIZ Standort Berlin",,,"10021458-Zeitvertrag STLB-BauZ Nr. 655, 657, 660 und 661 am GIZ Standort Berlin"
25825640,1,,,,,"Kirschgarten 2. BA, Neubau von zwei Mehrfamilienhäusern mit 12 FF WE, Haus 8A und einer Pflege WG mit 12 Zimmern + 2 FF WE, Haus 8B, Am Heimathaus 12-18, 48157 Münster-Handorf - Betonwerksteinarbeiten",,,"Kirschgarten 2. BA, Neubau von zwei Mehrfamilienhäusern mit 12 FF WE, Haus 8A und einer Pflege WG mit 12 Zimmern + 2 FF WE, Haus 8B, Am Heimathaus 12-18, 48157 Münster-Handorf - Betonwerksteinarbeiten"
25825798,1,,,,,"Umbau Bushaltestellen 6. BA, Paket 5",,,"Umbau Bushaltestellen 6. BA, Paket 5"
25825832,1,,,,,L 194 Bestandsausbau bei Bärenbach zw. L 193 u. B 50,,,L 194 Bestandsausbau bei Bärenbach zw. L 193 u. B 50
25825748,1,,,,,Bergbauerkundungsmaßnahme,,,Bergbauerkundungsmaßnahme
25826000,1,,,,,Heizung Sanitaer,,,Heizung Sanitaer
25826028,1,,,,,Elektroinstallation,,,Elektroinstallation
25826032,1,,,,,"Strangsanierung Heizung, Lueftung, Sanitaer",,,"Strangsanierung Heizung, Lueftung, Sanitaer"
25826036,1,,,,,"Fassadenarbeiten mit WDVS, Fassadeninstandsetzung",,,"Fassadenarbeiten mit WDVS, Fassadeninstandsetzung"
25826044,1,,,,,Bauhaupt-Innenausbauarbeiten,,,Bauhaupt-Innenausbauarbeiten
25826086,1,,,,,Schadstoffsanierung im Emissionsarmen Verfahren gem. TRGS  519 BT 4344,,,"Schadstoffsanierung im Emissionsarmen Verfahren gem. TRGS 
519 BT 4344"
25826012,1,,,,,Erneuerung Fensteranlagen,,,Erneuerung Fensteranlagen
25826016,1,,,,,"Metallbauarbeiten, Schlosserarbeiten, Treppentuerme und Podest",,,"Metallbauarbeiten, Schlosserarbeiten, Treppentuerme und Podest"
25826058,1,,,,,Havarie-Massnahmen an Alleebaeumen Bund 2026 SM Wismar,,,Havarie-Massnahmen an Alleebaeumen Bund 2026 SM Wismar
25825836,1,,,,,Instandsetzung versch. Geländer,,,Instandsetzung versch. Geländer
200ff04c-a468-4b9e-bd0f-b1b7643c3f77,1,,OB2-V-2026-74,works,,"KGA "" Am Stadtgraben"" in 06886 Luth. Wittenberg - Rückbau Gartenparzelle Nr. 2 - Rückbauarbeiten",,,"Kleingartenanlage „Am Stadtgraben“
Rückbau Gartenparzelle 2
Art und Umfang
Rückbau Bestandsgebäude, ca. 100m³ umbauter Raum, gefährliche Abfälle
Nachweis der Sach- und Fachkunde TRGS 521 und 524 1 Stk.
Entsiegelung Außenflächen, Beton, Betonplatten, Betonborde ca. 500m²
Erdarbeiten, Lieferung und Profilierung Oberboden ca. 30to
Ausführung:
Siehe Vergabevermerk"
b0f6fa43-92ac-4e7c-a8c9-55e3487121b0,2,,024-61-26-VOB,works,,Kompensationsmaßnahme Tiefenenttrümmerung und Entsorgung in Staßfurt OT Löderburg,,,"Für den Ausbau der Radwegeverbindung zu den Ortsteilen Löderburg, Athensleben und der Gemeinde Bördeaue soll die Kompensationsmaßnahme „Tiefenenttrümmerung und Entsorgung“ in Staßfurt OT Löderburg durchgeführt werden. Der westliche Teil des Garagenkomplexes in der Thiestraße im OT Löderburg (im Eigentum der Salzstadt Staßfurt) wurde bereits oberflächlich abgerissen. Nun sollen Maßnahmen zur Tiefenenttrümmerung (kleinflächige Betonplatten, Streifenfundamente bzw. Schotter-Zuwegungen auf dem Gelände) durchgeführt und entsorgt werden. Weiterhin sollen die Materialien (teilweise Altholz und Asbest), die durch die bereits getätigten Abrissarbeiten noch an Ort und Stelle sind, entsorgt werden. Die Entsorgung hat nach Abfallschlüsselnummern (AVV) sortenrein zu erfolgen.
Die Leistung hat bis 30.11.2026 zu erfolgen."
cb0b417c-4949-40cb-babb-8d35ac5ecb26,1,,29/65/2026,works,,Stadtmauer Nordhausen 14. Bauabschnitt Bereich Theater; Mauerwerksanierung historische Stadtmauer,,,"1. Beschreibung
Die Stadt Nordhausen plant die Sanierung der Stadtmauer im Bereich Theater auf einer Gesamtlänge von 65 m. Die Mauer ist im Schnitt zwischen ca. 3,30 bis 5,0 m (Westseite) und zwischen 2,5 m bis 3,50 m (Ostseite) hoch. Die historische Stadtmauer wurde aus Dolomit Gestein mit Gipsmörtel erbaut. Die beidseitigen Ost- und Westwandflächen werden durch Steinersatz und Vermörteln der Fugen saniert. Die desolate Mauerkrone wird zurückgebaut und zweihäuptig wieder neu errichtet, wobei Dolomit Steine aus dem Bestand und neu zu liefernde Steine verwendet werden. Zudem werden Teilabschnitte der Mauerflächen mit Nadelankern und Hohlrauminjektion gesichert.
2. Art und Umfang der wesentlichen, hier ausgeschriebenen Leistung
- Fassadengerüst stellen ca. 530 m²
- Erdaushub am Mauerfuß ca. 22 m³
- Mauerkrone abbrechen ca. 90 m³
- Natursteinmauerung Mauerkrone ca. 90 m³
- Mauerkronenabdeckung herstellen ca. 110 m²
- Natursteinwand abbrechen ca. 50 m³
- Natursteinwandmauerung ca. 50 m³
- Mauerwerkverfugung ca. 500 m²
- Mauerwerksnadel DU 16 mm ca. 100 m
- Hohlrauminjektion ca. 1600 kg"
86a622d6-b5c8-42ae-8e4e-834ac610f252,2,,33/26,works,,Bundesamt für Justiz in Bonn - Stahlblechtüren und Wartung (33/26),,,"Leistung: Stahlblechtüren und Wartung:
01. 1 St. Baustelleneinrichtung
02. 48 St. Stahlblechtüren
Die Vergabestelle weist darauf hin, dass zur Gewährleistung eines zügigen Verfahrens nur rechtzeitig bei der Vergabestelle eingegangene Bieteranfragen beantwortet werden können.
Fristende: 14.10.2026
ACHTUNG
Die Vergabeunterlagen können unentgeltlich, uneingeschränkt, vollständig und direkt
unter www.evergabe-online.de abgerufen werden. Es besteht keine Pflicht zur
Registrierung auf der Vergabeplattform. Über Änderungen der Vergabeunterlagen,
Nachsendungen, Bieterfragen, Antwortschreiben u.ä. werden Sie jedoch nur bei
vorheriger Registrierungautomatisch unterrichtet. Andernfalls sind Sie verpflichtet, sich
eigenständig die erforderlichen Informationen zu verschaffen.
„Informationen zur Datenerhebung gemäß Artikel 13 Datenschutz-Grundverordnung
(DSGVO) sind den Vergabeunterlagen aus dem beiliegenden Informationsblatt zu
entnehmen“."
a9a248f5-fa5a-471c-8cb2-30ea888267a3,2,,60-2026-07-02,works,,Sanierung Friedrich-Ludwig-Jahn-Museum Freyburg (Unstrut) - Spezialtiefbau - Giebelsicherung (Los 1),,,"'- Herstellung von 8 Mikropfählen Ø 150 mm (Längen ca. 6,5 - 12,0 m)
- ca. 66 m Mikropfähle einschließlich Bohr- und Verpressarbeiten
- 12 m verrohrte Bohrstrecken
- Herstellung von 2 Stahlbeton-Pfahlkopfplatten
- ca. 1,2 m³ Stahlbeton (Pfahlkopfplatten)
- Bewehrungsstahl
- Temporäre Trag- und Abfangkonstruktionen zur Giebel- und Pfeilersicherung
- Injektions- und Verpressarbeiten zur Lastumlagerung
- Denkmalgerechte Wiederherstellung des historischen Mauerwerks
- SiGeKo:
-- Qualifikation RAB 30
-- Übernahme und Einrichtung der Koordination
-- Sicherheits- und Gesundheitsplan erstellen und fortschreiben
-- Baustellenbegehungen
-- Abschlussdokumentation"
533019ec-0a4e-4ace-b65a-80ad779a29ec,01,,SIHB-2026-0063,works,,"1026_Gerüstbauarbeiten, Energetische Sanierung der Turnhalle Lutherschule in Bremerhaven",,,Gerüstbau / Witterungsschutz u. Baustelleneinrichtung
b8c743e3-0629-4d28-9e6f-5a669b05f017,01,,SIHB-2026-0062,works,,"1026_Schadstoffbeseitigung, Abbruch und Entsorgung, Energetische Sanierung der Turnhalle Lutherschule in Bremerhaven",,,"Schadstoffbeseitigung, Abbruch und Entsorgung"
57f6110d-aabb-4481-b481-a36e978c631c,1,,633103/53/2026,works,,"Hort ""An der Weißen Elster"" - Teilsanierung und Modernisierung, Ertüchtigung Brandschutz und Rettungswege, Freiligrathstraße 47 in 06712 Zeitz, Los 13 Malerarbeiten",,,"Hort ""An der Weißen Elster"" - Teilsanierung und Modernisierung, Ertüchtigung Brandschutz und Rettungswege, Freiligrathstraße 47 in 06712 Zeitz,
Los 13 Malerarbeiten
- Ausbesserungsarbeiten an Putz und Vliestapete
- 1.200 m2 Wand streichen
- 420 m2 Decke streichen
- 200 m Rohre streichen"
c62abfd1-f12f-483b-ad30-083a126132f6,1,,SLB-2026-0384,works,,"Metallbauarbeiten Türen - Brandschutzmaßnahmen, Justizvollzugsanstalt Halle Geb. 2.0 + 3.1 + 3.4 (SLB-2026-0384)",,,"Gebäude 2.0-Hafthaus (16 Stück Stahltüren)
4 Stück RD-1-RC (OTS bzw. FSA), 1 Stück T90-1-RC, 1 Stück RC,
10 Stück T30-RD-1-RC (OTS bzw. FSA),
Gebäude 3.1-Küche (8 Stück Stahltüren)
5 Stück T30-1-RD-RC, 1 Stück T30-2-RD-RC, 1 Stück T30-1-RC, 1 Stück RC
Gebäude 3.4-Kammer+Wäscherei (14 Stück Stahltüren)
8 Stück T30-1-RD-RC (OTS bzw. FSA), 1 Stück T30-2-RD-RC (FSA)
1 Stück T30-RC1 (FSA), 3 Stück T30-1-DS-RC, 1 Stück T30-1-DS-RC"
25827258,1,,,,,326036_1 Neubau Leichtbauhalle,,,"Das Straßenbauamt Stralsund beabsichtigt, nach erfolgloser öffentlicher Ausschreibung,
die oben genannte Ausschreibung im Zuge einer beschränkten Ausschreibung auf www.vergabe.rib.de zu bergeben.

Neubau, Leichtbauhalle, Straßenbauamt, Stralsund"
25827454,1,,,,,2703300103 - Herstellung einer dauerstandsicheren Rampe zur Bewirtschaftung am RL 12,,,"Bezeichnung des Auftrags:Herstellung einer dauerstandsicheren Rampe zur Bewirtschaftung am RL 12

Vergabenummer:2703300103

Ausführungsfrist: 11.01.2027 bis 30.11.2027

Ort der Leistung:Bundesland Brandenburg, Landkreis Oberspreewald-Lausitz, 03205 Groß Jehser, OT Mallenchen

Umfang:

Die vorhandene Rampe am RL 12 (Drehnaer See) ist aus geotechnischen Gesichtspunkten nicht dauerstandsicher. Die Möglichkeiten zum Einsetzen von Booten oder Gewässerbehand-lungsschiffen sind derzeit stark eingeschränkt. Zur weiteren Bewirtschaftung des Restlochs 12 ist eine dauerstandsichere Rampe herzustellen. Die Rampe ist unter Beachtung folgender Randbedingungen zu errichten:
• Neigung der Rampe 1:10
• Befahrbare Breite von 6 m
• zulässiges Gesamtgewicht der Fahrzeuge: 40 t ( zulässige Achslast von 12 t)
• mit Sattelaufliegern (Trailer mit Boot o. ä.) befahrbar
• Einsatz eines ca. 34 m langen Lastzuges bestehend aus Trailer und Zugmaschine
• Anpassung der vorhandenen Zufahrt zur Pumpstation an die Trasse der neuen Rampe zum See
Folgende Leistungen sind umzusetzen:
• Baustelleneinrichtung und Baufeldfreimachung auf ca. 2.600 m²
• Bauzeitliche Grundwasserabsenkung mittels Lanzen (ca. 40 St.) und Vakuumpumpen
• wasserseitiger Voraushub (ca. 1.100 m³)
• landseitiger Voraushub (ca. 1.200 m³)
• Aufbau des Dammkörper mittels Mineralgemisch (ca. 3.800 m³), Geogitter (ca. 3.900 m²), Deckschicht (ca. 2.200 m²) und Wasserbausteinen (ca. 2.200 t)
• wasserseitige Herstellung des Manövrierbereiches (Seeboden lösen und verklappen: ca. 8.500 m³; Herstellen Filterschicht ca. 1.700 m³, Steinsicherung ca. 3.000 m³)
• Entsorgungsleistungen
• Bereitstellung und Vorhalten der erforderlichen Technik (u.a. Langarmbagger für land- und wasserseitige Arbeiten, Klappschute mit Schubboot, Amphibisches Transportgerät)
Die Maßnahme steht unter Bergaufsicht: Ja
Die Flächen, auf denen die Leistungen erbracht werden, befinden sich im grundbruch- und setzungsfließgefährdeten Bereichen: Ja
Für die Ausführung des Auftrags wird die VOB/B vereinbart. Der Auftraggeber behält sich eine Änderung der Leistungen gemäß den Regelungen der VOB/B vor.
Der Auftragnehmer hat innerhalb von 14 Kalendertagen nach Versand des Zuschlagsschreibens dem Projektmanagement des Auftraggebers folgende Nachweise zu übergeben:
- Die für die Ausführung maßgeblich vorgesehene Gerätetechnik (Fbl. LMBV-GV)
Die Anforderungen an die Gerätetechnik und Materialien sind der Leistungsbeschreibung und dem Leistungsverzeichnis zu entnehmen.
Das Formblatt Entsorgungskonzept ist vor Beginn der Entsorgung vorzulegen.

Bauleistung, Wasserbauarbeiten, Herstellung Rampe, Baufeldfreimachung, Voraushub, Aufbau Dammkörper"
25827482,1,,,,,IAF Freiburg i. Br. RV - Reinraumdecken und -wände - 91-60000-2050-350 RV Reinraumdecken und -wände PR1279139-2050-B a),,,"Siehe PDF Datei

91-60000-2050-350 RV Reinraumdecken und -wände PR1279139-2050-B"
c5ef3499-a4b9-47ec-bc70-26f11a16f0c3,01,LOT-0000,0,works,,Gerüstbau,560711.26,EUR,"Gerüstbauarbeiten ca. 4.000m²
Wetterschutzdach ca. 840m²
Innengerüste"
7b083735-d2fe-4149-b920-ca6a524868e3,1,LOT-0000,ÖAB 403/26-66,,,Ersatzneubau Urbich - Komplexer Tiefbau,,,"140 m³ - Abbruch des bestehenden Durchlassbauwerks
Pauschal - Wasserhaltung und temporäre Bachumleitung
370 m³ - Baugrubenaushub inkl. Erdarbeiten und Hinterfüllung am Bauwerk
1 St.- Rahmenprofil aus Stahlbetonfertigteilen W/H/L =2,4/ 2,25/ 11,5 m
2 St.- Trogelemente als Fertigteile für Flügel W/H/L = 2,4/ 1,6-2,8/ 2 m
11 m³ - Ortbetonarbeiten für Bauwerkskappen inkl. Bewehrung
13 m - Geländereinbau Füllstab- und Rohrgeländer
36 m² - Bauwerksabdichtung und Asphaltschutzschicht (MA 11 S)
340 m² - temporäre Baustellenumfahrung
360 m² - Asphalttrag- und Deckschicht
55 m² - Steinsatz, und Steinschüttung im Gewässer"
62017582-b322-43ba-b234-99c6d10e7cde,1,LOT-0000,ÖAB 370/26-23,,,Technisches Rathaus - Blendschutz,,,"Blendschutz
65 Stk. Kettenzug-Rollo, geteilter Behang, manuell bedienbar, bxh= 290 x 225 cm
115 Stk. Kettenzug-Rollo, geteilter Behang, manuell bedienbar, bxh= 290 x 195 cm
50 Stk. Ausgleich Stahlbeton-Unterzüge, bis 10 mm, Distanz-/ Unterfütterungselemente"
8168d760-e364-4120-9df0-b30c308f22c7,1,LOT-0000,ÖAB 411/26-23,,,Ersatzanbau Freizeittreff Stotternheim - Abbrucharbeiten,,,"Abbrucharbeiten
100 m² Baustraße
105 m² Ort-Betonfläche, einschl. Unterbau abbrechen
360 m² Asbestzementdachplatten demontieren & entsorgen
255 m² Kontaminiertes Dämmmaterial (KMF) aufnehmen & entsorgen
600 m Unterkonstruktion Unterdecke, Holz, abbrechen & entsorgen
94 m³ Abbruch Außenwände Mauerwerk
29 m³ Abbruch tragende Innenwände Mauerwerk
100 m² Abbruch nicht tragende Wände Mauerwerk
27 m³ Abbruch Schornstein Mauerwerk
600 kg Stahlbauteile demontieren und entsorgen
230 m² Abbruch Estrich/HWL/Sperrschicht
77 m³ Abbruch Bodenplatte Stahlbeton
58 m³ Abbruch Fundamente, Beton & Stahlbeton
40 m³ Füllbeton, C8/10, X0 - Fundamentgräben
54 m² Abbruch Stahlstein-/Ziegelelementdecke"
ca6a9d29-4645-4b9f-9cbf-ec837f1587f9,01,LOT-0000,LOT-0000,works,,HEAE MBW - H2 - Aufzugsanlage,,,"1 Stück Personenaufzug als Seilaufzug, Nennlast 630 kg bzw. 8 Personen, Förderhöhe ca. 8,25 m, Nenngeschwindigkeit 1 m/s, Durchlader, 5 Haltestellen"
041a3b4a-d1d4-4009-9dcc-6ff36b793ef3,01,LOT-0001,LOT-0001 Los009,works,,Trockenbauarbeiten,,,"Der Leistungsumfang umfasst insbesondere
- Trockenbauwände, Vorsatzschalen und Schachtwände
- Bekleidungen an Massiv-, Holz- und BSP-Bauteilen
- Trockenbaudecken und Deckenbekleidungen
- Akustikdecken, Deckensegel, Akustik-Wandabsorber und Kantenabsorber
- Trockenbau-Raumsysteme / Raum in Raum Systeme
- Trockenhohlboden Bühne
- Brandschutzbekleidungen an Stahlbauteilen
- WC- und Sanitärtrennwandanlagen
- Anschluss-, Fugen-, Durchdringungs-, Revisions- und Nebenleistungen gem. LV"
6bf5b4f6-4a92-47f9-bc92-0d3e550a2fe2,01,LOT-0000,LOT-0000,works,,"1022_Lüftungstechnik, Sanierung der Walter-Kolb-Halle in Bremerhaven",,,Lüftungstechnik
307bbb8e-7821-42e3-bebc-c5ce607d6d58,01,LOT-0001,LOT-0001 VE3210 Gerüstbau,works,,Gerüstbauarbeiten,,,"Gerüstbauarbeiten, Rohbaugerüst, Fassadengerüst, Dachdeckergerüst siehe Ausschreibungsunterlagen"
5bf0da81-04b4-4540-a2a1-fa832e81b42d,01,LOT-0000,LOT-0000,works,,"1022_Heizungstechnik, Sanierung der Walter-Kolb-Halle in Bremerhaven",,,Heizungstechnik
fcd29cc5-5683-4216-98b9-bce47074c29b,01,LOT-0000,LOT-0000,works,,J+K Holzinnentüren 70-00001-2880-58,,,"* Termine zur Durchführung der Hauptleistung auf der Baustelle:
Leistungsbeginn 02.04.2027; Leistungsende 12.07.2027

* Beschreibung der Beschaffung:
Erweiterungsbau Fraunhofer ITWM Haus J+K, Fraunhofer Platz 1, 67663 Kaiserslautern
Holz-Innentüren:

- ca. 127 St 1-flg. Holzinnentüren mit Holzblockzarge T0 mit feststehendem Seitenteil
- ca. 21 St 1-flg. Holzinnentüren mit Umfassungszarge T0 
- ca. 14 St. 2-flg. Holzinnentüren mit Holzblockzarge T0
- ca. 12 St. OTS für 1-flg. Türen
- ca. 132 St. Bodentürpuffer
- ca. 30 St. Wandtürpuffer"
80a70f68-a454-456f-b5ea-c7d81027ef8b,01,LOT-0000,VE2020,works,,"Heizungs-, Kälteanlage",,,"1 Übergabestation ca. 600 kW
2 Luft/Wasser WP ca. 250 kW
2 Wasser/Wasser WP ca. 46 KW
1 Rückkühler ca. 140 KW
8 Pufferspeicher
9 Heizkreisverteiler
2 Druckhaltungen / Entgasung
ca. 12.000 m Heizungsrohrleitungen
ca. 10.500 m² FBH 
ca. 800 m² Fußbodenheizung / -kühlung 
ca. 40 Umluft Heiz- / Kühlgeräte
3 Abgasanlagen"
deebdf92-64cc-4802-981c-de0c3eef80e2,01,LOT-0000,VG-127-26,works,,Glasfaserausbau Streubesitz,,,"Das Vergabeverfahren umfasst ein Portfolio von ca. 873 Liegenschaften mit insgesamt ca. 13.812 Wohneinheiten und 180 Gewerbeeinheiten verteilt über das Stadtgebiet von Berlin. Angebote sind möglich für Teile des Portfolios oder das gesamte Portfolio. Das Portfolio steht im Eigentum der HOWOGE bzw. im Eigentum von mit ihr gem. §§ 15ff. AktG verbundenen Unternehmen, für die die HOWOGE die Konzessionen im Auftrag vergibt.

Der Konzessionsnehmer wird die Vertragsobjekte auf eigene Kosten an seine vorgelagerten FTTB-Zuführungsnetze (Fiber-To-The-Building, Netzebene 3) anbinden, auf eigene Kosten eine FTTH-Glasfaser-Infrastruktur (Fiber-To-The-Home, sog. Netzebene 4 oder NE4) in den Beständen errichten und diese Glasfaser-NE4 ebenfalls an seine vorgelagerten FTTB-Zuführungsnetze der Netzebene 3 anbinden, der Konzessionsnehmer übernimmt während der Vertragslaufzeit Betrieb, Service, Wartung und Administration der neu errichteten Glasfaser-NE4. Ziel ist es, das Portfolio spätestens bis Ende 2032 vollständig mit Glasfasernetzen zu erschließen. Die Konzessionsdauer soll bis zu 15 Jahre betragen. Nähere Informationen enthalten die Vergabeunterlagen, die den ausgewählten Wirtschaftsteilnehmern zur Angebotsabgabe zur Verfügung gestellt werden."
93613bd8-3bcd-4118-bbce-f56adce48bb4,01,LOT-0000,LOT-0000,works,,Fachklassenausstattung,,,"Emmy-Noether-Schule, Neubau eines Gymnasiums 
Hauptposition: Ausstattung Fachklassen 
3 x Fachraum Physik 
1 x MINT-Fachraum
3 x Fachraum Biologie
3 x Fachraum Chemie 
jeweils mit den entsprechenden Sammlungsräumen 
Ausgestattet u. a. mit Deckenversorgungssystem für die Schülerplätze, mobilen oder festen Laborabzügen, Medienflügeln, Schränken, mobilen Experimentiertischen für Lehrkräfte, Laborspülen, Laborarbeitsplätzen.
Erstellen von Rohrleitungsnetzen für Brenngas 

Sonstiges: 
Die Planverteilung erfolgt über einen Planserver (Planfred), der dem Auftragnehmer kostenfrei zur Verfügung gestellt wird. 

Eine physische Teilnahme an den wöchentlich stattfindenden Koordinationsgesprächen (Baubesprechung) ist verpflichtend und entsprechend im Angebot einzukalkulieren."
7a2bc9a7-8015-4b5e-b0de-841f3a78496b,01,LOT-0001,922701-2211,works,,"Karl-Rehbein-Schule Dep. II, Abbruch Haus des Handwerks und
Erweiterungsbau Karl-Rehbein-Schule - Heizung",,,"Leistungsumfang Heizungsinstallationsarbeiten:

- Luft-Wasser-Wärmepumpen in Split Bauweise mit jeweils 55 kW 2 Stück;
- Pufferspeicher 2000 l 1 Stück;
- Sprührohrentgasung 1 Stück;
- Pumpengruppen mit Mischer 2 Stück;
- Verrohrung Heizung (DIN12-DN50) einschließlich Verbindungsstücke ca. 500 m;
- Verrohrung Heizung / Kühlung (DN12-DN65) einschließlich Verbindungsstücke
ca. 50 m;
- Mehrschichtverbundrohr Heizung (DN12-DN15) einschließlich Verbindungsstücke
ca. 1.650 m;
- Heizkörper 89 Stück;
- Single Split Einheit 2,5 kW 1 Stück;
- Single Split Einheit 5,0 kW 1 Stück;
- Dämmung der Leitungen;
- Baubeheizung 143 kW mit ölbefeuertem Brenner und Luftschläuche für 
16 Wochen Mietzeit."
0154f570-03d0-4766-90ab-501c3e9c9727,01,LOT-0001,2026-1005079,works,,2026-1005079_Flughafen München_Generalübernehmer Gepäcksortierhalle Terminal 1 auf Pos. 113,,,"Die Gesamtmaßnahme wird in mehrere Vergabeeinheiten aufgeteilt. Neben der hier gegenständlichen Leistungsbeschreibung für den Generalübernehmer für die Gepäcksortierhalle inkl. Gitterrostebene werden ein separater Auftragnehmer für die Anbindung der Halle an das Terminal 1 (Brücke) sowie ein weiterer Generalübernehmer für die Gepäckförderanlage (GFA) beauftragt.  Der GÜ der Halle hat sämtliche planerischen, technischen, terminlichen und organisatorischen Schnittstellen zu diesen Vergabeeinheiten zu koordinieren und die für deren Leistungen erforderlichen baulichen Voraussetzungen sicherzustellen. Die Planung und Ausführung sind so zu organisieren, dass die Betriebsabläufe des Flughafens München während der Bauzeit weitestgehend aufrechterhalten werden können. Der Auftragnehmer hat sämtliche Planungs-, Bau- und Logistikprozesse auf die Anforderungen des laufenden Flughafenbetriebs auszurichten. Die Baumaßnahme wird im sicherheitskritischen Vorfeldbereich (Critical Part) des Flughafens München unter laufendem Flugbetrieb realisiert. Besondere Anforderungen ergeben sich aus den luftseitigen Sicherheitsvorschriften, den eingeschränkten Zugangs- und Transportmöglichkeiten, den angrenzenden Betriebsflächen sowie den im Baufeld vorhandenen Medien- und Flugbetriebsstoffleitungen. Sämtliche Leistungen sind unter Einhaltung der geltenden gesetzlichen, behördlichen und betrieblichen Vorgaben zu erbringen. Gegenstand der Ausschreibung ist die schlüsselfertige Planung, das Baumanagement sowie die Errichtung der neuen Gepäcksortierhalle GSH-113 am Flughafen München. Die Vergabe erfolgt auf Grundlage einer funktionalen Leistungsbeschreibung, um den Bietern größtmögliche Freiheitsgrade bei der Entwicklung wirtschaftlicher und technisch optimierter Lösungen einzuräumen. Die Leistungsphasen 1 und 2 gem. HOAI werden derzeit durch den Auftraggeber bzw. dessen Planer erstellt und den Bietern im weiteren Verfahren als Planungsgrundlage zur Verfügung gestellt. Der Leistungsumfang des GÜ umfasst die darauf aufbauende Planung ab Leistungsphase 3 einschl- aller erforderlichen Genehmigungs-, Ausführungs-, Koordinations- und Dokumentationsleistungen bis zur schlüsselfertigen Übergabe des Bauwerks. Konkret werden die folgenden Leistungsphasen durch den GÜ erbracht: -Leistungsphase 3 - Entwurfsplanung inkl. entsprechender Integration der GFA-Planung -Leistungsphase 4 - Erstellung Genehmigungsplanung inkl. Abstimmung mit der Behörde -Leistungsphase 5 - Ausführungsplanung inkl. Werkplanung -Leistungsphase 8 - sowohl die Ausführung, als auch die Bauleitung inkl. Kosten- & Terminplanung Hierzu gehören insbesondere die Objektplanung, Tragwerksplanung, Bauphysik, Brandschutzplanung sowie die Planung der technischen Gebäudeausrüstung einschl. aller erforderlichen Nachweise und Abstimmungen mit Behörden, Sachverständigen und Flughafenstellen. Darüber hinaus umfasst die Leistung das vollständige Projekt- und Baumanagement einschließlich Termin-, Kosten-, Qualitäts-, Nachunternehmer- und Schnittstellenmanagement. Seitens des Auftraggebers wird für die Begleitung des Projekts eine Projektsteuerung eingesetzt. Der Auftragnehmer hat die Projektsteuerung in sämtliche projektbezogenen Abstimmungs-, Berichts- und Entscheidungsprozesse einzubinden. Für die Wartung und Instandhaltung werden im Rahmen des Verhandlungsverfahrens Angebote seitens des AN erwartet. SiGeKo-Leistungen sind nicht Bestandteil der Ausschreibung und werden somit durch einen Dritten erbracht. Die Gepäcksortierhalle ist auf Basis der funktionalen, betrieblichen und technischen Anforderungen des Auftraggebers zu planen und zu errichten. Die Wahl der konstruktiven Systeme, Materialien, Bauweisen und technischen Lösungen obliegt grundsätzlich dem Auftragnehmer. Dies gilt insbesondere für Gründung, Tragwerk, Gebäudehülle, Ausbau sowie die technischen Anlagen. Die Halle ist als dauerhaftes Bauwerk in einer dauerhaften Bauweise zu errichten. Zulässig sind dementsprechend insbesondere Stahl- und/oder Massivbaukonstruktionen. Konstruktionen mit überwiegend temporärem Charakter, wie beispielsweise Zelt- oder Leichtbauhallen, erfüllen die Anforderungen an die Dauerhaftigkeit und Gebrauchstauglichkeit nicht und sind daher ausgeschlossen. Sämtliche Lösungen müssen die gesetzlichen, behördlichen, luftverkehrsrechtlichen, betrieblichen und sicherheitstechnischen Anforderungen erfüllen und die vorgegebenen Leistungs- und Qualitätsziele nachweislich erreichen. Die Halle ist als Betriebsgebäude mit einem weitgespannten Tragwerk (derzeit ca. 18m, Details siehe Anlagen zu Achsraster) für die Aufnahme einer Gepäckförderanlage auszulegen. Das Tragwerks-, Gründungs- und Aussteifungskonzept ist unter Berücksichtigung der funktionalen Anforderungen, der Lasten aus den nachgelagerten Einbauten sowie der besonderen Randbedingungen des Baufeldes durch den Auftragnehmer auf Basis der mit dem GÜ der Gepäckförderanlage bereits vorabgestimmten Stützenraster eigenverantwortlich zu entwickeln. Die Flexibilität des Haupttragwerks ist daher nur soweit gegeben, dass die GFA im gewünschten Umfang und Leistung untergebracht werden kann. Zum Leistungsumfang des AN gehören die Baustelleneinrichtung, die Baufeldvorbereitung, sämtliche Erd-, Gründungs-, Rohbau-, Stahlbau-, Dach-, Fassaden- und Ausbauarbeiten sowie die vollständige technische Gebäudeausrüstung. Diese umfasst unter anderem die Sanitär-, Heizungs-, Kälte-, Lüftungs-, Elektro-, Fernmelde-, Informations-, Sicherheits-, Sprinkler, Rauch- und Wärmeabzugsanlagen und Gebäudeautomationsanlagen. Unterkonstruktionen sowie baukonstruktive Einbauten für die Gepäckförderanlage sind im Leistungsumfang des GÜ, ebenso wie die Planung und Herstellung der Gitterrostebene. Kenndaten des Bauwerks: - Grundfläche Ebene E03 ca. 3.300 m² - Gesamtfläche inkl. Zwischenebene ca. 6.000 m² - Gebäudehöhe ca. 9 m, stellenweise bis ca. 12 m - Weitgespanntes Tragwerk mit Sandwichfassade und Flachdach - Errichtung im sicherheitskritischen Vorfeldbereich d. Flughafen München"
9a1b2062-053c-47dc-bc6c-b4cd4604c5f2,01,LOT-0001,0001,works,,Erweiterung und Sanierung GS Ichenhausen - Erweiterungsbau feste Möblierung,,,"Ein eingeschossiger, freistehender Erweiterungsbau im Süden für 4 Klassenzimmer,
Gruppenräume und Sanitärkern, verbunden über einen Verbindungssteg zum Bestand."
2f51da30-ace1-438c-87f3-d453fea657eb,01,LOT-0001,LOT-0001 7.112421-Parkett26,works,,Generalsanierung Litzelhardthalle,,,Parkettarbeiten
ddcd7ad8-87a6-4630-8e5c-2b280cfcc3dc,01,LOT-0000,LOT-0000,works,,28-01 Zimmerarbeiten 1.BA,,,"Bei dem Dom zu Limburg handelt es sich um ein historisches Gebäude aus dem 
13. Jh. mit hohen Anforderungen an den Denkmalschutz!
Restaurierung von erbauungszeitl. Turmdachstühlen des 13.Jh.1. BA:
-Abbruch Schieferdeckung
-Abbruch Konstr.-Hölzer
-Abbruch Dachschalung
-Bauschnittholz Eiche, Fichte/Tanne liefern
-Einzelbauteile Pfosten, Schwellen, Aufschieblinge, Beihölzer
-Retaur.Maßnahmen wie Ausklotzen, Ausspänen, Anpassen,Abbeilen
- Besondere Holzblattverbindungen wie Zapfenblattstoß, Scherzapfen
-Schalungserneuerung
-Kleineisenteile, Schraubverbindungen
-Dokumentation Bestand und Zustand"
c214e855-82c8-4204-94b5-4a8bc3c188b8,01,LOT-0001,3213,works,,3213 - Tischlerarbeiten - Mobile Trennwand,,,"Neubau einer Realschule mit Mensa, Zweifachsporthalle, Pausenhalle als Versammlungsstätte und Freisportanlagen auf der gegenüberliegenden Seite der Hohenbrunner Straße. 
Gebäude ist in Teilen als Holzhybridbau geplant. Die Ausführung erfolgt in einem Bauabschnitt. 

Adresse Baufeld: Hohenbrunner Straße 110 
85662 Hohenbrunn 
  

BRI ca. 64.500 m3 
BGF ca. 14.000 m2 
Gebäude 1-3 geschossig zuzgl. 1 Untergeschoß 

Umfang der Leistung: 
Baustelleneinrichtung
Trennwandanlage Unterrichtsbereich 1 Stück"
68799396-9c0b-41bc-84f6-3c646b99051e,01,LOT-0001,922701-2211,works,,"Karl-Rehbein-Schule Dep. II, Abbruch Haus des Handwerks und
Erweiterungsbau Karl-Rehbein-Schule - Lüftung",,,"Leistungsumfang Lüftungsinstallations- und Gebäudeautomationsarbeiten:

Lüftung:

- RLT Zentralgerät mit Wärmerückgewinnung 16.000 m³/h 1 Stück;
- Lüftungsrechteckkanäle bis max. 500 mm, Breite 1.250 mm, 
mit und ohne Dämmung ca. 1.100 m²;
- Wickelfalzrohr bis max. DN 350 mm, mit und ohne Dämmung ca. 453 m;
- Deckenluftdurchlässe, Zu-/ Abluftgitter, Tellerventile 162 Stück;
- Schalldämpfer rund DN100-350 66 Stück;
- Brandschutzklappen mit Federrücklaufmotor 37 Stück;
- Volumenstromregler konstant 55 Stück;
- Volumenstrombegrenzer 19 Stück;
- Wetterschutzgitter in der Fassade 1 Stück;
- Wetterschutzgitter Schrägdach 1 Stück;
- Deflektorhaube 1 Stück;
- Dachhaube 6 Stück;
- Ventilatoren 7 Stück;
- Dämmung der Leitungen und Kanäle

Gebäudeautomation:

- Umfang der E/A- Ebene;
- binäre Ausgänge 75 Stück;
- analoge Ausgänge 14 Stück;
- binäre Eingänge 206 Stück;
- analoge Eingänge 46 Stück;
- 1 Schaltschrank in der Technikzentrale UG;
- Verkabelung;
- Gebäudeleittechnik."
172ae66a-09d6-41d6-aa39-f7a293f9a600,01,LOT-0000,B24047-30344000-001-450-01,works,,Elektroarbeiten Schwachstrom,,,"Die Baustelle liegt im Berliner Bezirk Friedrichshain-Kreuzberg, am Ende der Sackgasse Trebbiner Str. als öffentliche Zufahrt zum Technikmuseum, auf dem Gelände des 'Deutschen Technikmuseums Berlin'.
Ziel ist es, die gesamte Gebäudetechnik des Gebäudeteils Altbau zu erneuern.
Folgende Leistungen sind zu erbringen: Elektroarbeiten / Schwachstrom"
f183c2f1-a1f6-4252-8ac6-5866d30c6ca4,01,LOT-0001,831-26,works,,Stadt Hemmingen - GS Arnum - Trockenbauarbeiten,,,"Die Stadt Hemmingen erhält für die Wäldchenschule Arnum einen Erweiterungsneubau, der neben Ganztagsräumen auch eine Mensa beinhaltet. Gegenstand der ausgeschriebenen Leistung sind Trockenbauarbeiten zur Errichtung einer Mensa als Neubau."
921b9e0b-9696-467e-a913-ccc15ad1abe6,01,LOT-0001,0226-7002907 PB ESAN,works,,VE302 Erweiterter Rohbau,,,"Ausgeschrieben werden folgende Leistungen:
- Gerüstarbeiten
- Stahlbetonarbeiten
- Mauerwerksarbeiten
- Verblendmauerwerk
- Zimmererarbeiten
- Dachdeckerarbeiten
- Teilleistungen anderer Gewerke"
e4037a44-d382-4130-95c5-b24bacec472a,01,LOT-0000,LOT-0000,works,,"Neubau und Erweiterung der FGTS am Schulstandort St.Wendel/Niederkirchen-Ausführung von Erd-,Mauer-und Betonarbeiten nach VOB-",,,siehe Leistungsverzeichnis
531ef96a-411b-4e8d-9e60-ba326a97f149,01,LOT-0000,LOT-0000,works,,"GOK, Sanierung technische Infrastruktur",,,"'-	BE, Baubehelfe, Sicherungs- und Koordinierungsleistungen, Verkehrssicherung während Bauzeit 
-	Landschaftsbauarbeiten 
-	Oberflächen-/ Straßenaufbruch  ca. 59. 890 m²
-	Tiefbauarbeiten für Trinkwasser- und Löschwasserrohrleitungen  und Rohrverlegearbeiten für Trink- und Löschwasser  8.928 m
-	Tiefbauarbeiten für elektrische Anlagen ca. 14.860 m
-	Verlegung von Kabelleerrohren sowie Einbau von Kabelzugschächten ca. 59.000,00 m
-	Ertüchtigung von Kabelzugschächten, inkl. durchführen von Kernbohrungen sowie 
Einbau von Dichtungen 
-	Durchführen von Kernbohren, inkl. Einbau erforderlicher Wanddurchführen für 
Bestandsgebäude 
-	Rückbau von Trinkwasserleitungen ca. 2.300 m 

-	statische Berechnungen und Ausführungszeichnungen für Bauwerke 
""Löschwasserzisternen"" 
-	statische Berechnungen und Ausführungszeichnungen für Verbau"
a3beabad-c6af-4c42-804c-bbcc86f3b382,01,LOT-0001,638/26,works,,"Fliesen- und Betonwerksteinarbeiten -Große Baumaßnahme-Erweiterungsbau Bundesamt für Justiz, Bonn - Vergabe 638/26",,,"Beschreibung: Fliesen und Betonwerksteinarbeiten für die Errichtung von zwei Erweiterungsbauten (Bürogebäude mit vier oberirdischen Geschossen und einer zweigeschossigen Tiefgarage sowie Bürogebäude mit drei oberirdischen Geschossen und einem Untergeschoss)

Die o.g. Leistungen beinhalten unter anderem:
01 Baustelleneinrichtung
02 Wand Fliesen Untergrundvorbereitung
03 Boden Fliesen Untergrundvorbereitung
04 Wandfliesen
05 Bodenfliesen
06 Verbundabdichtung
07 Kristallspiegel Wand
08 Versiegelungsarbeiten
09 Betonwerksteinarbeiten
10 Betonwerksteinbelag Aufzug
11 Betonwerksteinbelag / Reinigung und Behandlung Oberflächen
12 Sauberlaufmatte
13 Stundenlohnarbeiten

Termine:
spätestens 10 Werktage nach Zugang des Auftragsschreibens
Ausführungsbeginn auf der Baustelle: 19.02.27
Ende der Leistungserbringung: 02.05.2028"
b24c4956-df4a-4280-851f-1a21bc105482,01,LOT-0001,001,supplies,,Verlege- und Verdrahtungsarbeiten sowie Liefe-rung und Montage von Netzwerktechnik für eine OCR-Anlage,,,"Öffnen von Kabeltrögen und Kabelschächten,; Lieferung, Verlegen von Kabeln von Netzwerktechnik (SpeedPipe, LWL (Singlemode), Strom);  Lieferung eines 42 Höheneinheiten Serverracks Spleißen, LC-Stecker, Patchkabel, Transceivermodule (Singlemode), Speedpipe und LWL Länge  jeweils ca. 1.100 m von Stellwerk (Serverrack) bis Schienengate Spleisbox Stromkabellänge ca. 490 m von Verteilerkasten (Weichenheizung) bis Position Schienengate 12 fasiges LWL (Singlemode) Durchmessen der LWL-Fasern; DGUV-Vorschrift 3 Prüfung"
50e20b67-265d-4b6d-a1cc-a2c8cab29bd0,01,LOT-0001,CKU - VE 01_204,works,,Neubau CKU 2030 - TP 01 - übergeordnete Baustelleneinrichtung,,,"'- 2 Sanitärcontainer mit Vorhaltung von 208 KW - 2 Bürocontainer mit Vorhaltung von 208 KW - Container-Mietmodell für Ausbaugewerke - Bauwasserversorgung - Winterbaubeheizung für 2 Winterperioden - Baustellenüberwachung - Verkehrswegesicherung, Absperrungen und Schutzmaßnahmen"
1077025c-9104-45b0-8184-c7b1e3d129a7,01,LOT-0000,2026-031,works,,2026-031 GS DAH Ost - E302 - Umbau- und Rohbauarbeiten,,,"'-	ca. 150 m² Abbruch und Entsorgung Betonpflaster
-	ca. 500 m³ Aushub mit Abfuhr Oberbodenauffüllung 
-	ca. 650 m³ Aushub mit Abfuhr Auffüllung Kies/Sandgemisch
-	ca. 185 m Verlegung Grundleitungen und Schmutzwasserkanal
-	ca. 450 m³ Einbau Kieskoffer
-	ca. 450 m² Feinplanie
-	ca. 80 Stück Ausbau und Entsorgung Innentüren mit Stahlumfassungszarge 
-	ca. 30 Stück Ausbau und Entsorgung Holz-Alu Fenster
-	ca. 150 m² Ausbau und Entsorgung Glas-Metall Innentürelemente
-	ca. 1.700 m² Rückbau und Entsorgung von abgehängten Deckenkonstruktionen
-	ca. 3.000 m² Rückbau und Entsorgung von Bodenbelägen, teilweise einschl. Estrichkonstruktion
-	ca. 1.400 m² Teilrückbau und Entsorgung von Innen- und Außenmauerwerk sowie Leichtbauwänden
-	ca. 450 m² Abstemmen und Entsorgen von PCB-haltigem Wandputz 
-	ca. 25 m³ Abbruch und Entsorgung Ortbeton der 4 Stück Stahlbetontreppen
-	ca. 20 m² Ergänzung Gründungsbauteile einschl. Teilrückbau Bodenplatte und Handaushub im Gebäude
-	ca. 50 m² Ergänzung Stahlbetondecke mit Unterzugkonstruktion zur Schließung Deckenöffnungen
-	ca. 20 m Unterfangung mit Stützen und Trägern aus Profilstahl herstellen einschl. Hilfsunterstützungsmaßnahmen
-	ca. 40 Stück Einbau Betonstürze zur Herstellung neuer Tür- und Fensteröffnungen 
-	ca. 300 m² Ergänzung Mauerwerk Innen- und Außenwände
-	ca. 85 m³ Ortbeton Stahlbetonbodenplatte
-	ca. 450 m² Schalung Stahlbetonwände und ca. 50 m³ Ortbeton Stahlbetonwände
-	ca. 300 m² Deckenschalung
-	ca. 75 m³ Ortbeton Massivdecke
-	ca. 40 t Betonstabstahl
-	ca. 75 m² Doppelwandelemente
-	ca. 600 m² Innenputz- und Beiputzarbeiten
-	ca. 200 m Kabelschutzrohre
-	ca. 350 m Ringerder
-	ca. 200 m Leerrohrverlegung in Ortbetonwänden mit ca. 85 Stück Gerätedosen"
03ddf5d7-0650-411f-a1ac-d0fca9374811,01,LOT-0001,20260817 IPM - GA - GU: Gesundheitsamt Düsseldorf TNW,works,,Planungs- und Bauleistungen für das Gesundheitsamt mit Fahrradgarage in Düsseldorf (Hochbau),,,"Der Auftraggeber beabsichtigt, Planungs- und Bauleistungen für den Neubau des Gesundheitsamts mit Fahrradgarage zu vergeben.   Der Leistungsumfang umfasst insbesondere, jedoch nicht abschließend, Bau-, Liefer-, Montage-, Planungs- und Koordinationsleistungen für das gesamte Gebäude. Art, Umfang und Ausgestaltung der Leistungen werden im weiteren Vergabeverfahren näher konkretisiert."
bd7642d8-4463-4602-8602-19e6282d684c,01,LOT-0001,Stadt Emsdetten,works,,Kardinal-von-Galen-Schule: Heizungsarbeiten,,,Die Stadt Emsdetten beabsichtigt am Padkamp 20 in 48282 Emsdetten die Sanierung und Erweiterung der Kardinal-von-Galen-Grundschule sowie die Errichtung einer Zweifeldsporthalle. Das bestehende Gebäude der umzubauenden Schule wird im Rahmen der Baumaßnahme in Teilbereichen vollständig abgebrochen. Die restlichen Flächen werden im Anschluss saniert und erweitert. Die Gesamtfläche teilt sich im Wesentlichen auf in:  - Bauteil Sanierung Schule (3.910 m³ BRI) - Bauteil Erweiterung Schule (12.044 m³ BRI) - Bauteil Erweiterung Sporthalle (14.827 m³ BRI).  Folgender Leistungsumfang: Luftwasser Wärmepumpe   ca. 180 kW Verteiler      9 Abgänge Heizungsleitung aus Kupfer   ca. 2000 m Heizungsleitung aus Stahl   ca. 200 m Deckentrahlplatten     46 St Fußbodenheizung    ca. 9500 m² Heizkörper     15 St Brandschottungen    ca. 100 St
6e40078a-968e-4451-a6f9-0066cfea02be,01,LOT-0001,0001,works,,Erweiterung und Sanierung GS Ichenhausen - Erweiterungsbau Gebäudeautomation,,,"Ein eingeschossiger, freistehender Erweiterungsbau im Süden für 4 Klassenzimmer,
Gruppenräume und Sanitärkern, verbunden über einen Verbindungssteg zum Bestand."
d0413b88-e4ff-4670-80a4-bd8c90178d61,01,LOT-0001,26-208,works,,"Gebäudemanagement, Oberschule Weener, Neubau Dreifeldsporthalle, Außenanlagen",,,Außenanlagen
a1922220-370b-4b20-9468-db1dcc39e4e2,01,LOT-0001,3290,works,,3290 - Verdunkelungsanlagen,,,"Neubau einer Realschule mit Mensa, Zweifachsporthalle, Pausenhalle als Versammlungsstätte und Freisportanlagen auf der gegenüberliegenden Seite der Hohenbrunner Straße. 
Gebäude ist in Teilen als Holzhybridbau geplant. Die Ausführung erfolgt in einem Bauabschnitt. 

Adresse Baufeld: Hohenbrunner Straße 110 
85662 Hohenbrunn 
  

BRI ca. 64.500 m3 
BGF ca. 14.000 m2 
Gebäude 1-3 geschossig zuzgl. 1 Untergeschoß 

Umfang der Leistung: 
Baustelleneinrichtung
Blendschutzanlage Zweifachsporthalle ca. 100m²
Verdunkelungsanlagen Bereich Fachklassen und Mehrzweckraum ca. 250m²
Blickschutzanlagen am Glasseitenfeld von Klassenzimmertüren ca. 50 Stück"
d8a37cbb-1fd9-4cdc-be92-43d9784ee74e,01,LOT-0001,2026/2886,works,,"Rems-Murr-Kliniken gGmbH - Europaweite Vergabe des Baugewerks ""Lüftung"" für die Realisierung des Funktionsneubaus an der Rems-Murr-Klinik Schorndorf",,,"Gegenstand der vorliegenden Bauausschreibung ist das Gewerk ""Lüftung"" (KG 430 Raumlufttechnische Anlagen) für die Realisierung des Funktionsneubaus an der Rems-Murr-Klinik Schorndorf. Die Lüftungsarbeiten umfassen die Herstellung der raumlufttechnischen Anlagen für den Funktionsneubau einschließlich der hierfür erforderlichen Liefer-, Montage-, Inbetriebnahme-, Einregulierungs- und Dokumentationsleistungen. Die Anlagen dienen der Versorgung der medizinischen Funktionsbereiche, Pflegebereiche sowie der sonstigen Nutzungsbereiche des Neubaus. Die Bauleistungen im Gewerk Lüftung weisen insbesondere folgende Leistungen auf: - Aufbau neuer raumlufttechnischer Anlagen für den Funktionsneubau mit:  -5 Lüftungsanlagen mit einer Gesamtluftmenge von ca. 150.000 m³/h und hocheffizienter Wärmerückgewinnung über ein Kreislaufverbundsystem, -8 Umluftanlagen für die Operationssäle, -7 OP-TAV-Deckenfeldern (Turbulenzarme Verdrängungsströmung) für die Operationssäle - ca. 17.000 m² Kanälen und Formteilen (stahlverzinkt), - ca. 3.700 m Lüftungsrohren (stahlverzinkt).   Die raumlufttechnischen Anlagen sind für den Gesamtbauablauf und die spätere Inbetriebnahme des Funktionsneubaus von maßgeblicher Bedeutung, da sie wesentliche Voraussetzungen für die Fertigstellung und den bestimmungsgemäßen Betrieb der medizinischen Funktions-, Behandlungs- und Pflegebereiche schaffen. Die Leistungen stehen in enger technischer und terminlicher Abhängigkeit zu zahlreichen weiteren Ausbau- und TGA-Gewerken, insbesondere den Gewerken Heizung, Sanitär, Elektroinstallation, Gebäudeleittechnik sowie der Energiezentrale. Besondere Herausforderungen ergeben sich aus der Integration anspruchsvoller raumlufttechnischer Anlagen in hochinstallierte medizinische Bereiche, der Vielzahl von Schnittstellen zu anderen technischen Anlagen sowie den teilweise beengten Platzverhältnissen innerhalb des Gebäudes. Hervorzuheben sind dabei insbesondere die Kanalinstallation im Installationsgeschoss mit einer Höhe von 2,2 m sowie die Installationen im Erdgeschoss mit einer lichten Abhangdeckenhöhe von 25 cm. Hinzu kommt die Erforderlichkeit, die Ausführung und Montageabläufe auf den Baufortschritt sowie die Leistungen der übrigen Gewerke abzustimmen. Diese Rahmenbedingungen erfordern eine enge Abstimmung mit den Bietern bereits im Vergabeverfahren hinsichtlich der technischen Umsetzung, der Ausführungsorganisation und der Schnittstellenkoordination. Die Leistungen sind voraussichtlich im Zeitraum von Ende April 2027 bis September 2029 auszuführen. Detaillierte Informationen zu Art und Umfang der zu erbringenden Leistungen (u.a. Leistungsverzeichnis) werden den im Teilnahmewettbewerb ausgewählten Bietern mit Angebotsaufforderung zur Verfügung gestellt."
d9f6395a-527b-49cd-a0ec-bf43a062cdf0,01,LOT-0001,,works,,Revitalisierung Brauhaus Trabelsdorf: BAU-16B Tischlerarbeiten inkl. feste Möblierung II,,,"Als Leistung ausgeschrieben wird im Zuge der Revitalisierung / Sanierung und Umbau des ehemaligen Brauhauses in Trabelsdorf bei Bamberg folgende Leistung als Kurzbeschreibung:Erstellen von Wandverkleidungen, Deckenverkleidung, Einbaumöbel (Theke und Garderobe), Brüstungsverkleidungen, Verlegen von Parkettbelag, Einbau von Innentüren, Sockelkanäle- und leistenFolgende wesentlichen Leistungen sind Umfang der Ausschreibung:- Baustelleneinrichtung- Erstellen Theke inkl. Möbel: 1 St.- Erstellen Garderobe: 1 St.- Wandverkleidungen / Brüstung ca. 100 m2- Einbringen Parkettbelag: ca. 100 m2- Akustikdeckenfelder: ca. 44 St.- Erstellen Innentüren: 48 St.- Erstellen Sockelleisten ca. 420 m- Erstellen Sockelkanäle ca. 50 m"
41d7ac31-f585-4156-af42-5415f9f2b774,01,LOT-0000,26-085689,works,,Schreinerarbeiten 3,,,"KUM GH,  22010 EKZ Hauner + Rechenzentr.

-	Ca. 3100m HPL Rammschutz auf Alu Sockel
-	Ca. 2500m HPL Rammschutz auf Boden-Randhochzug
-	Ca. 35m HPL Rammschutz, gerundet (R=ca.1,3m-21m), auf Boden-Randhochzug
-	35 Stk. HPL Spritzschutz hinter Waschbecken
-	Ca.  180m Handlauf auf Rammschutz
-	Ca. 70m Handlauf auf TB-Wand"
6b20f242-021d-4a08-8e14-0fc9b29a4e17,01,LOT-0000,LOT-0000,works,,VE23 Bodenbelag Linoleum - Grundschule Barendorf,,,"Baubeschreibung für VE23_Bodenbelag Linoleum

Allgemeine Beschreibung

Die Samtgemeinde Ostheide erstellt an der Grundschule Barendorf einen Schulneubau in Holzbauweise. Des Weiteren werden in anderen Gebäudeteilen umfangreiche Umbau- und Sanierungsmaßnahmen vorgenommen.
Der Neubau hat eine Grundfläche von ca. 672 m2 und enthält Klassenräume und WCs.  
Das neue Gebäude, Bauteil D, ist zweigeschossig und wird an das Bestandsgebäude angeschlossen. Die Gesamtabmessungen Neubau betragen 48 m Länge, 14 m Breite. 
Tragende Wände und Decken sind aus Holz, Teilbereiche aufgrund Brandschutzes in Massivbauweise. Gründach mit PV. Kein Keller. 
Die anderen Gebäudeteile sind Bestandsgebäude.

Inhalt des LV:
- Drei zusammenhängende Gebäudeteile
- Linoleum mit den üblichen Leistungen, 
Bauteil B: Lino ca. 110 m2, Fußleiste ca. 150m, 1 Etage
Bauteil C:  Lino ca. 620 m2, Fußleiste ca. 420 m, 2 Etagen
Bauteil D: Lino ca. 1.050 m2, Fußleiste ca. 720 m, 2 Etagen"
afeff892-c330-4fb8-973c-6b65d1d3c1c1,01,LOT-0001,MC-AB-SA-500-090,works,,Malteser Campus St. Maximilian Kolbe - Außenanlagen,,,Außenanlagen - Landschaftsbauarbeiten
a040d776-b7d8-40d6-81c9-b50e1aa6daeb,01,LOT-0001,A-2026-FWT-404,works,,Elektroarbeiten,,,"Es sind eine Sicherheitsbeleuchtungsanlage in Einzelbatterietechnologie, eine Photovoltaikanlage mit einer Größe von circa 60kWp und eine Netzersatzanlage mit einer Leistung von circa 40kVA zu errichten. Die Messstelle des Energieversorgers wird in einer auf dem Grundstück aufgestellten Zähleranschlusssäule installiert. Die Elektroinstallation erfolgt in gemischter Verlegung (u.P. / a.P.). Im Bereich der Fahrzeughalle werden Trassen im Bereich der Binder montiert. Diese werden zum Teik auch als Tragsystem für die Hallenbeleuchtung verwendet. Die Beleuchtung (innen und außen) wird zum größten Teil dimmbar ausgeführt. Die Steuerung der Beleuchtung erfolgt Präsenzabhängig und kann teilweise manuell übersteuert werden. Für den Innenbereich wird Baustrom und Baubeleuchtung geliefert und nach Beendigung der Baumaßnahme wieder zurückgebaut. Für das behindertengerechte WC wird eine Personenrufanlage eingesetzt. Für die Richtfunkservicestelle des Kreises Schleswig-Flensburg werden einzelnen Anlagen montiert und in Zusammenarbeite / Abstimmung mit der RfSSt in Betrieb genommen. Es wird eine Brandmeldeanlage inklusive Aufschaltung auf die Kooperative Leitstelle eingebaut. Für die Fahrzeuge wird eine untergeordnete Anlage für funkvernetzte Rauchmelder installiert. Es wird eine Datennetz in strukturierter Verkabelung hergestellt. Für die Installation der Patchfelder wird ein Netzwerkschrank vorgesehen. Das Gebäude erhält eine Gebäudeautomation für den Bereich Raumbeheizung, Beleuchtung, Alarmfunktionen und Lastmanagement."
f1c9a3f9-c8d4-42b4-9e98-1838d72567e0,01,LOT-0001,96-41-532-26,works,,Gesamtschule Busecker Tal - Metallbauarbeiten Innen,,,"An der Gesamtschule Busecker Tal wird das Gebäude 1, der naturwissenschaftliche Trakt, saniert. 
Hierfür steht nun die Vergabe der Metallbauarbeiten im Innenbereich an. 

Die Leistung beinhaltet mit allen Vorarbeiten:
- ca. 10 St. - Brandschutztüren Alu/Glas-Elemente
- ca. 3 St. -  Türen Alu/Glas-Elemente
- ca. 10 St. - Freilaufschließer 
- ca. 13 St. - Fenster, Innen, Alu/Glas-Elemente"
a98df0ee-02df-4926-a699-f0264bc70ae4,01,LOT-0000,LOT-0000,works,,"JVA Bremen, Lazarett - Schlosserarbeiten",,,"80 Stück  Fenstergitter, Stahl, pulverbeschichtet, Einzelgrößen ca. 1,6-2,3 m² 
2 Stück  Fluchttreppen, Stahl, verzinkt, 2-läufig, 17 bzw. 24 Stg., inkl.  Geländer
8 Stück  Stahlblechtüren mit und ohne Brandschutzanforderungen 1.010x2.010 mm
12 m2  Gitterwand, Stahl, pulverbeschichtet, b/h= 4.010/3.020 mm inkl. Tür
20 m  Treppen-/ Podestgeländer aus Flachstahl, grundiert, h= 1.000 mm
32 m  Wandhandläufe einschl. Konsolen aus Edelstahl"
2c665769-7e2e-4628-991e-28dcf9c3821a,01,LOT-0000,0,works,,"Fliesen und Platten 
Icking",,,"Für das genannte Projekt werden Wand - Bodenfliesen für Naßbereiche, WC; Flure und Treppenhäuser ausgeschrieben."
d67d21b0-4b54-4ba6-96e2-3b6b23819299,01,LOT-0001,B/2026/056,works,,"Grüne-Aue-Schule, Neubau - Lieferung und Einbau von Holz-Aluminium-Fenstern- und Türen",,,"Lieferung und Einbau von: - 96 Stück Holz-Aluminium-Fensterelemente einschließlich außenliegendem Sonnenschutz als Senkrecht-Markise, - 12 Stück Holz-Aluminium-Außentürelemente als Fluchtwegtüren - einer Holz-Aluminium-Pfosten-Riegel-Fassade mit zweiflügeliger Fluchtwegtür - Aluminium-Fensteröffnungseinfassungen bestehend aus Sturz- und Leibungsverkleidung, sowie Fensterbänken - Aluminium-Fassadenbekleidungen zwischen den Fenster-/Türen einschließlich der erforderlichen Vorarbeiten"
1b85bfe4-fb5b-49bb-84de-474fa2eb9ef5,01,LOT-0001,HGG LV 050 Blitzschutz,works,,Neubau Johann-Peter-Hebel Grundschule: Blitzschutz,,,"Blitzschutzarbeiten im Zuge des Neubaus der Johann-Peter-Hebel-Grundschule in Gundelfingen. Im Einzelnen:  Lieferung und betriebsfertige Montage einer Erdungs- und Blitzschutzanlage der Blitzschutzklasse III für den Schulneubau.  Wesentliche Mengen:  730 m Erderband V4A; 700 m Fundamenterderband verzinkt; 535 m Ableitungen in Betonwänden; 750 m Fangleitungen auf Flachdächern sowie 47 Fangstangen (2 × 1,50 m; 45 × 2,00 m) Einschließlich Anschluss- und Verbindungsteilen, Potentialausgleich, Prüfung und Dokumentation.  Eventualleistung: Wartung und wiederkehrende Prüfung für 4 Jahre.  Die konkreten Leistungsinhalte finden sich im Leistungsverzeichnis nebst den dazugehörigen Anlagen."
adbbb2a3-a548-485c-b584-b649f0cff1b3,01,LOT-0000,LOT-0000,works,,Dachdecker- und Zimmererarbeiten,,,"Bestehende Deckung, Deckmaterial Tondachziegel ca. 600 m²
Bestehende Trag- und Konterlattung bis 40/30mm ca. 600 m²
Ausbauen der Blitzschutzanlage 156 m²
Bautenschutz mit Plane bei Abbrucharbeiten 200 m²
Schalung Nenndicke 24mm,Konterlatten, Dachlatten aus Nadelholz ca. 600 m² 
Dachrinnenhackenvertiefung in Keilbohle 160 Stck.
Regensicheres Unterdach Unterkonstruk. 600 m²
Hohlfalzziegel mit 20mm Höhenverschiebbarkeit 600 m²
Einbau neues RWA-Fenster
Neueindeckung ca 120 m²"
358aa36b-0b4d-406d-b3f0-3823146a9ea6,01,LOT-0001,26/9-BML_VE403,works,,"Erweiterung der Berufsschule München Land mit Neubau einer Sporthalle und Wohnungen
VE403 -Lüftungsanlagen",,,"Gewerk 403 Lüftungsanlagen: 
•	Lüftungsgeräte 
•	Abluftventilatoren 
•	Lüftungskanäle und Lüftungsrohre verzinkt einschl. Dämmung 
•	Lüftungskanäle für Küchenlüftung einschl. Dämmung
•	Küchenlüftungsdecke 
•	Ablufthauben Küche 
•	Lüftungstürme
•	Brandschutzklappen, Volumenstromregler, Lüftungsdurchlässe
- - - - - - 
Mit den Hauptmassen:
•	Lüftungsgeräte – 8 Stck 
•	Abluftventilatoren – 2 Stck 
•	Dezentrale Kompaktlüftungsgeräte – 2 Stck 
•	Lüftungskanäle einschl. Formstücke bis Kantenlänge 2.500 mm - ca. 2.900 m² 
•	Lüftungsrohre bis DN 400 - ca. 1.500 m 
•	Lüftungskanäle für Küchenlüftung bis Kantenlänge 2.500 mm - ca. 400 m²
•	Küchenlüftungsdecke - ca. 180 m² 
•	Ablufthauben Küche - 6 Stck 
•	Lüftungstürme - 3 Stck 

"
005970e4-fa83-4d72-b88d-6b8acfe47c4a,01,LOT-0000,LOT-0000,works,,Wärmedämmverbundsystem (WDVS),,,"930 m² Untergrund reinigen
965 m² Altsystem WDVS zurückbauen
240 m Alu-Fensterbänke demontieren und entsorgen
ca. 200 m² Sockeldämmplatten anbringen
ca. 200 m² Siliconharz-Fassadenfarbe auftragen
ca. 1.400 m² Mineralwolle im System anbringen"
125814cb-3fd3-45fb-8ee4-1940fc409986,01,LOT-0001,51-2602-113,works,,"Neubau Hospiz Pfarrkirchen, Wand- und Bodenbelagsarbeiten",,,Ca. 240 m² Bodenbelag Textil Ca. 110 m² Bodenbelag Linoleum Ca. 520 m² Bodenbelag Vinyl Ca. 60 m² Wandschutzbelag PVC Ca. 90 m² Wandschutzbelag Holzdekor
5136b73e-1a8c-4623-ba6e-68446d10b433,01,LOT-0000,LOT-0000,works,,VG - Neubau FwGH Salmtal - Sanitäranlage,,,"1 St.   Hauswasserstation rückspülbar DN40
19 St. Montagegestelle Unterputz
18 St. Sanitärkeramik
2 St.   Reihenwaschrinne
1 St.   Ausgussbecken
5 St.   Auputzduschpaneel
12 St. Sanitärarmaturen Trinkwasser
3 St.   Außenzapfstelle frostsicher
1 St.   Stiefelwaschanlage Einbau
2 St.   Einlaufrinnen Reihenduschanlagen
70m   Entwässerungsleitungssystem Kunststoff
200m Trinkwasserrohrleitungssystem Edelstahl Dimensionen von DN15 bis DN40
160m  Trinkwasserrohrleitungssystem Kunststoffverbundrohr DN12 bis DN20"
615b5280-a5cf-40f2-b7b9-3da4726c7de4,01,LOT-0000,LOT-0000,works,,VG - Neubau FwGH Salmtal - Elektroanlage ,,,"'- 3 Verteilungen
- ca. 250 m Hauptleitungen
- ca. 17500 m Kabel und Leitungen
- ca. 235 Leuchten und Sicherheitseinzelbatterieleuchten"
01a0a39a-b1ce-41e2-a40e-d2a19840eef3,01,LOT-0001,LOT-0001,works,,Los 315 – Tischlerarbeiten VI – Innenbrandschutzfenster/-türen,,,"Beim Gebäudekomplex Lessingstraße 1
in 08058 Zwickau wird der Brandschutz
verbessert, die technische Gebäudeausrüstung
erneuert und die Gebäudehülle saniert. Die
Arbeiten im hier ausgeschriebenen Los 315 – Tischlerarbeiten VI – Innenbrandschutzfenster/-türen umfassen u.a.:
Herstellung und Montage Brandschutzfenster F90, innen, 7 Stück Herstellung und Montage Brandschutztüren F30, innen 8 Stück
Herstellung und Montage einer Objekttür, innen 1 stück
Herstellung Schutz der Brandschutzfenster/-türen 20,50 m²
Ausbau Bestands-Holztüren und Vertragen in den vorhandenen Materialcontainer
vor Ort , auf Baustelle 6 Stück
Einbauteile für EMA und RWS Radarmelder 6 Stück
Fingerklemmschutz 6 Stück
Fluchttüröffner 3 Stück
Funkrauchmelder 9 Stück
Sensorleisten 6 Stück
Sicherheitssensor 6 Stück
Magnetkontakt 8 Stück
Riegelkontakt 8 Stück
Drehflügelantrieb 2 Stück
Integrierter Gleitschienentürschließer, 1-flügelig 2 Stück
Fluchttüröffner 4 Stück
Gegenstück Fluchttüröffner 4 stück
Einsteckschloss Feuer- /Rauchschutztüren 9 Stück"
37ef6440-39ad-4711-b6d8-50cd3e259338,01,LOT-0001,2026/27,works,,Erweiterung Grundschulcampus Wildau - Los 11 - Dachabdichtungs- und Klempnerarbeiten,,,"Los 11 - Dachabdichtungs- und Klempnerarbeiten  - ca. 2.500m² Trocken Dachfläche, StB - ca. 1.400m² Trocken Dachfläche, Trapezblech Bauteil Dach über 3. OG - Grundschule  - ca. 1.650m² StB-Bauteile vorbereiten, Voranstrich, Dampfsperre - ca. 1.300m²  Wärmedämmung, EPS, Gefälledämmung, Klappdämmbahn  - ca. 160m² Wärmedämmung Unterlage, 60mm, MiWo, Mittellage, Oberlage  - ca. 1.650m² Dachabdichtung obere Lage, Ortgang, Traufe  Bauteil Dach über 2. OG - Grundschule  - ca. 780m² StB-Bauteile vorbereiten, Voranstrich, Dampfsperre - ca. 640m²  Wärmedämmung, EPS, Gefälledämmung, Klappdämmbahn  - ca. 140m² Wärmedämmung Sockel, Attika - ca. 780m² Dachabdichtung obere Lage, Ortgang, Traufe  Bauteil Dach über Verbinder - Grundschule  - ca. 80m² StB-Bauteile vorbereiten, Voranstrich, Dampfsperre - ca. 80m²  Wärmedämmung, EPS, Gefälledämmung, Dachabdichtung Bauteil Dach über Sporthalle  - ca. 510m² StB-Bauteile vorbereiten, Voranstrich, Dampfsperre - ca. 5.300m Akustik-Sickenfüller Trapezblech - ca. 1.460m² Dampfsperre Trapezprofil - ca. 510m² Dampfsperre StB-Bauteile - ca. 1.375m² Wärmedämmung, 140mm - ca. 1.715m²  Wärmedämmung 100mm, als Klappdämmbahn - ca. 1.810m² Dachabdichtung untere und obere Lage  Gründach: Grundschule und Verbinder - ca. 2.270m² Trenn-, Schutz- u. Speichervlies, PES/PP, 300 g/m², lose - ca. 1.740m²  Drän- und Wasserspeicherelement, FIltervlies  - ca. 1.740m² Extensivsubstrat, 6cm - ca. 1.740m² Saatgut, Kräuteransaat, Sprossenansaat, Fertigstellungspflege  - ca. 535m Kiesleiste, L-Profil gelocht, Höhe 100 mm  zu den Ausführungszeiten:  - Erstellung und Übergabe Werk- und Montageplanung: 04.01.2027 bis 15.01.2027 - Ausführung Baustelle: 27.01.2027 bis 02.07.2027"
b66086b4-5a0c-43e5-beff-d9e5bd9b4747,01,LOT-0001,0001,works,,"Geldener Str. 58a + 58b + 60 + 60a, 476238 Straelen - Etricharbeiten",,,'-
bdb7cd0f-27a9-49e6-be6e-c80723885512,01,LOT-0000,LOT-0000,works,,TEIL-GU Innenausbauarbeiten inkl. Wartung,,,"Der Auftraggeber (AG) überträgt dem Auftragnehmer als Generalunternehmer für das Gewerk ""Innenausbau"" die Bau- und Planungsleistungen über die Generalinstandsetzung des Bestandsgebäudes, insbesondere Baustelleneinrichtung, Innengerüste und Arbeitsbühnen, Demontagearbeiten und Entrümpelung, Mauerwerk, Trockenbauarbeiten, Lichtdecken, Schlosserarbeiten, Innenputz, Estricharbeiten, Innentüren, Malerarbeiten, Parkettarbeiten, Natursteinarbeiten und Fliesenarbeiten nebst Wartungsleistungen.
Die terminlichen Rahmenbedingungen erfordern, dass die Generalinstandsetzung zeitgleich zum Erweiterungsbau fertiggestellt wird. Die teilweise notwendige Zusammenführung der Leistungen Gewerk Innenausbau (GU-Innenausbau) sowie der parallel stattfindenden Gewerke KG 400 (HLSK und ELT), Fensterarbeiten, Dachabdichtungsarbeiten, Naturstein-Fassade und übergeordnete Baulogistik erfordern grundsätzlich ein hohes Maß an Koordination und Kooperation zwischen den Baubeteiligten, so dass die entsprechenden Abstimmungen der maßgeblichen Arbeitsprozesse unter größtmöglicher gegenseitiger Rücksichtnahme zu erfolgen haben, wobei die Parteien sich einig sind, dass der Auftragnehmer keinen Koordinierungserfolg im Sinne einer unverschuldeten Haftung trägt."
7d14c033-c833-4b40-8efc-e2ed271a3c3d,01,LOT-0000,LOT-0000,works,,VG - Neubau FwGH Salmtal - Lüftung,,,"1 St.    Zentrallüftungsgerät mit WRG, Dachaufstellung Nennvolumenstrom 2.500 m³/h
1 St.    Dezentrales Lüftungsgerät mit WRG, Nennvolumenstrom ca. 650 m³/h
215 m  Wickelfalzrohr in den Dimensionen DN100 bis DN315
2 St.    Brandschutzklappen
40 St.  Luftauslässe
1 St.   Multisplitklimatisierung, 5kW Außeneinheit, 2 Inneneinheiten und Zubehör
1 St.   Multisplitklimatisierung, 4kW Außeneinheit, 1 Inneneinheit und Zubehör"
9d83ea1f-2e6a-4af3-9974-0b8a7823c726,01,LOT-0000,LOT-0000,works,,VG - Neubau FwGH Salmtal - Heizungsanlage,,,"1 St.    Luft-Wasser-Wärmepumpe Monoblock modulierend 10 bis 50 kW
1 St.    Heizungspufferspeicher 2000 Liter
1 St.    Heizgruppenverteiler mit zwei Heizkreisen
550m² Fußbodenheizungssystem
4 St.    Fußbodenheizungsverteiler Differenzdruckunabhängig
595m² Industrieflächenheizungssystem
3 St.    Industrieverteiler
350m  Heizungsrohrleitungssystem Edelstahl Dimensionen von DN15 bis DN50"
741f8574-9ba3-434b-bf87-42f565cdff51,01,LOT-0000,26E00135,works,,"Metallbau- , Schlosserarbeiten",,,"Auf dem Gelände der Marineunteroffizierschule in Plön ist der Bau von zwei neuen Unterkunftsgebäuden geplant, Gebäude 47 und Gebäude 54. Diese werden auf zwei separaten, nicht miteinander verbundenen Baufeldern auf der Liegenschaft erstellt. Die Erschließung erfolgt über das Haupttor der Kaserne. Die Flächen sind verkehrstechnisch über die befestigten Straßenflächen innerhalb des Geländes erschlossen. Der Neubau des Unterkunftsgebäudes 47 soll auf einer ehemaligen Waldfläche an der südöstlichen Grenze des Geländes realisiert werden. Das Grundstück wird im Rahmen des Bauvorhabens an die bestehende Infrastruktur der Liegenschaft angeschlossen. Das Baufeld umfasst ca. 5.860m². Der Neubau des Unterkunftsgebäudes 54 ist auf der Fläche zwischen den Gebäuden 53 und der RÜH (Rettungsübungshalle) geplant. Das Grundstück ist an die bestehende Infrastruktur der Liegenschaft angeschlossen. Das Baufeld umfasst ca. 2.400m². Die viergeschossigen Gebäude mit einer Gesamtabmessung von 57,70 m x 14,16 m sind mit einem 43° geneigten Satteldach versehen und werden über zwei Treppenräume an
der Längsseite erschlossen. Die Traufhöhe beträgt 10,50 m, die Firsthöhe beträgt 17,10 m. Es handelt sich um Massivbauten mit Mauerwerkswänden, Stahlbetondecken und einem Dachstuhl in Holzbauweise.  In jedem Neubau sind jeweils 81 Einzelunterkünfte untergebracht. Für die Dauer des BVH im Zeitraum ca. III. Q 2026 bis ca. IV. Q 2028 ist eine übergeordnete Baustelleneinrichtung sowie deren Vorhaltung auf dem Baufeld 47 geplant und in einem separaten Leistungsverzeichnis erfasst. Ein Fassadengerüst wird für die Dauer der Maßnahme zur Verfügung gestellt und ist in einem separaten Leistungsverzeichnis erfasst. Es gelten die Sicherheitsauflagen für militärische Anlagen. Außentüren: 4 Stk. Aluminium-Rahmentür, Drehflügel, 1 Seitenteil, BxH 2135x2800mm, Ud = 1 W/m²K, 6 Stk. Aluminiumtür, vollflächig gefüllt, Drehflügel, BxH 1135x2800mm, Ud = 1 W/m²K,
Außenfenster: 168 Stk. Aluminiumfenster, Stulpflügel, BxH 1635x2000mm, Uf = 1 W/m²K, 12 Stk. Aluminiumfenster, Stulpflügel, BxH 1760x2000mm, Uf = 1 W/m²K, 4 Stk. Aluminiumfenster, einflügelig, BxH 885x2000mm, Uf = 1 W/m²K, Insektenschutz, 4 Stk. Aluminium-Pfosten-Riegel Fassade, BxH 2385x9660mm, Ucw = 1 W/m²K, 15 Elemente davon 13 festverglast, 2 drehkipp, Entrauchungsquerschnitt &gt; 0,5qm, 188 Stk. Aluminium-Außenfensterbänke
Innentüren: 18 Stk. Aluminium-Rahmentür, Drehflügel, 1 Seitenteil, BxH 1760x2500mm, RS,
6 Stk. Aluminium-Rahmentür, Drehflügel, 1 Seitenteil, BxH 1760x2500mm, EI2 90, 8 Stk. Aluminium-Rahmentür, Drehflügel, 2 Seitenteile, BxH 2390x2500mm, EI2 30, 4 Stk. Aluminium-Rahmentür, Drehflügel, 2 Seitenteile, BxH 2390x2500mm, RS, Beschläge, Schlösser, Bänder
Schlosserarbeiten: Statischer Nachweis Geländer, ca. 90m Treppengeländer, aus Stäben und Gurten, Befestigung an Stirnseite, ca. 150m Handlauf, Edelstahl, 6 Stk. Durchtrittschutz Podest zu Fassade, 2 Stk. Schriftzug Außenwand
Vorhangfassade: Fassadenstatik, ca. 35qm Aluminiumvorhangfassade, Steckpaneel, UK, Dämmung, An- und Abschlüsse,
Eingangsüberdachung: 4 Stk. Stahlkonstruktion für Eingangsüberdachung, IPE, BxHxT 3500x3300x1500mm, Anschlüsse, Dachkonstruktion, ca. 90qm Wandverkleidung, Aluminiumsteckpaneel, UK, An- und Abschlüsse, ca. 24qm Deckenverkleidung, Aluminiumsteckpaneel, UK, An- und Abschlüsse, Dachverkleidung, Entwässerung"
85c9a7bb-cf66-405a-93c9-50857968cd15,01,LOT-0000,LOT-0000,works,,Generalsanierung Schule im Taubertal - Vergabe Abbrucharbeiten,729113.55,EUR,"Abbruch Dachaufbau als Flachdach ca. 3.300m²
Abbruch Rohbauten, wie Stahlbetondecken: 670m² 
Außenwände: ca. 390m²
Innenwände: ca. 130m² 
Bodenplatten Stb. ca. 275m²
Abbruch Fenster und Türen ca. 580m²
Abbruch Fundamente, Unterzüge und dergl. 
Ausbau abgeh. Decken ca. 2.900m²
Ausbau Böden PVC, Teppich, Parkett ca. 1.300m²
Ausbau Bödenaufbau bis OK Rohbeton ca. 1.300m²
div. Ausbau im Innenbereich
Schadstoffentsorgung
div. Abbruch Elektro (Leuchten und dergl.)
div. Abbruch Heizung
div. Abbruch Sanitär
Schützen bestehen bleibende Räume, Einbauten und dergleichen"
77b9119d-d72d-4bca-adc2-6341ef20117a,01,LOT-0000,LOT-0000,works,,"Totalunternehmerleistungen Sanierung, Aufstockung und Erweiterung Gebäude 4468-4470 und 4472",,,"Das Staatliche Hochbauamt Heidelberg plant auf dem Gelände der Patrick-Henry-Village (PHV) -einer ehemaligen US Liegenschaft in Heidelberg- im Baufeld B3/B4, Teilbereich B.1, Bau- und Sanierungsmaßnahmen. 
Das Paket beinhaltet: 2 Gebäude Schadstoffsanierung, Sanierung und 
Dachgeschossausbau, 2 Gebäude Schadstoffsanierung, Sanierung und Aufstockung sowie einen Anbau, einschließlich der umliegenden Außenanlagen. 
Die BGF beträgt ca. 15.000 m². Die Planungs- und Bauleistungen werden als Totalunternehmerleistungen (TU) ausgeschrieben und vergeben. Die Grundlage bildet eine funktionale Leistungsbeschreibung (FLB). Die Planungsleistungen beinhalten Leistungen im Bereich Architektur, Tragwerksplanung, technische Gebäudeausrüstung, Verkehr- und Freianlagenplanung sowie weitere notwendige Fachplanungsleistungen (Brandschutz, Bauphysik, etc.).

Bieterfragen können im Teilnahmewettbewerb bis 12 Kalendertage vor Ablauf der Bewerbungsfrist und im Verhandlungsverfahren bis 12 Kalendertage vor Ablauf der Angebotsfrist (Submission) eingereicht werden. 

Ergänzend ist die Vergabe von 'Instandhaltungsleistungen' Gegenstand des Verfahrens."
abadc72a-717a-45fc-9044-e7eb3dad334a,01,LOT-0001,HWK DO VE339 H3,works,,Baureinigung Haus 3,,,"Grobreinigung (3 getrennte Arbeitseinsätze; Feinreinigung und Nachreinigung von: ca. 5.565 m2 Außenflächen ca. 1.100 m2 Flachdächern ca. 5.500 m2 Bodenbeläge (Fliesen, Kautschuk, etc) ca. 600 m2 Glasreinigung ca. 450 m2 Wandfliesen"
3b62235d-ca80-4e03-9c3e-297de871fe80,01,LOT-0001,OV-B-KIS-200-26,works,,"VE 01 Freianlagen/Sportplatzbau, Gymnasium 35 Brunnenviertel, 14478 Potsdam, Drewitzer Str. 40",,,"Es handelt sich um Landschafts- und Sportplatzbauarbeiten, die in zwei Bauabschnitten - als vorgezogene Maßnahme und Hauptmaßnahme- umzusetzen sind. Folgende Arbeiten sind im hier ausgeschriebenen Leistungsumfang BA 1 (vorgezogene Maßnahme) u.a. auszuführen:  -Abbruchmaßnahmen und Materialentsorgung für u.a. Baumfällungen, Tennenbelag, Betonpflaster, Betonplatten, Rasengittersteine und Betonflächen inkl. Einfassungen, eine Gartenwasserleitung, Leuchten, Ballfangzäune, Barrieren, Fußballtore, Aushubmengen für Wege- und Sportflächenbau etc. -Wegebauarbeiten mit Sickerfugenpflaster, Einbau Betonplatten sowie der Wiedereinbau/ Neueinbau von Tennenbelag -Erdarbeiten, v.a. für Sickermulden, für Leitungsgräben Gartenwasser und Regenwasser, Einbauten und Ausstattung -Herstellung von Sportplatzflächen wie eine Finnenlaufbahn mit Holzhäckselbelag, ein Faustballfeld (Rasen), eine Kugelstoßfläche -Einbau von Ballfanganlagen in Höhe von 6 m, Barrieren mit/ ohne Ballstopp-Gittermatten -Anpassung der Bewässerungsanlage für den bestehenden Naturrasenfußballplatz, Neubau der Bewässerung Faustballplatz -Einbau von Ausstattungselementen wie Fußballtore, Kugelstoßanlage etc. -Rasen- und Pflegearbeiten"
3084e989-acb5-4689-8ebb-6bf0ad8e0903,01,LOT-0001,01-3812.02,works,,Neubau Schulcampus Deisenhofen - Schreinerarbeiten Sporthalle,,,"Schreinerarbeiten Innenausbau mit Innentüren und Einbaumöbeln für die Sporthalle auf dem Schulcampus Deisenhofen bestehend aus:
- Wandbekleidungen ca. 200 m²;
- Deckenbekleidungen ca. 70 m²;
- Laibungsbekleidungen ca. 90 lfm;
- Innentüren ca. 11 Stück;
- Treppengeländer Holz ca. 50 lfm;
- Treppenharfe Holz ca. 900 lfm Holzlamellen;
- Spiegelwände Gymnastik ca. 50 m²; sowie
- Einbaumöbel inkl. Küche ca. 30 lfm."
07e2fa36-a8c8-4b6b-94d1-b5ec715848fc,01,LOT-0000,122_2026,works,,Metall- und Stahlbauarbeiten-Konstruktiver Stahlbau,163088.00,EUR,"xxMetall- und Stahlbauarbeiten im Bereich Konstruktiver Stahlbau im Rahmen der Sanierung des Otfried-Müller-Hauses
-Spielstätte Junges Theater-
Hospitalstraße 6 / 37073 Göttingen

##Das Bauvorhaben sieht die Sanierung des in Teilen denkmalgeschützten Otfried-Müller-Hauses und des ebenfalls in Teilen denkmalgeschützten Saalbaus vor. Der neuere, nicht geschützte Anbau wird abgerissen und durch einen neuen Anbau ersetzt. Das Gebäude steht seit Sommer 2019 leer, es ist nicht mehr in Betrieb und weist einen erheblichen Sanierungsbedarf auf. Der Bauteil Villa Otfried-Müller-Haus wurde in einer Mischung aus Mauerwerksbauweise (Keller- und Erdgeschoss) und Fachwerkbauweise (Ober- und Dachgeschoss) erstellt und weist eine Dachkonstruktion aus in der Mehrzahl bauzeitlichen Holzbalken auf. Die Decken über dem Kellergeschoss sind gemauerte Gewölbedecken und in kleinen Bereichen Holzbalkendecken. Der Saalbau besteht aus massiven Außenmauern mit einer Holzbalkendecke zum Dachraum. Die Dachkonstruktion ist eine Sprengwerkkonstruktion aus bauzeitlichen Holzbalken. Das Kellergeschoss unter dem Saal hat eine gemauerte Gewölbedecke. Die Villa besteht aus 2 Geschossen über dem Kellergeschoss und wird in der Mitte mit einem über die Geschosse durchgehenden Treppenhaus erschlossen. Der Saalbau besteht aus einem hohen Geschoss über dem Kellergeschoss, welches ungefähr die Höhe von 2 Geschossen der Villa aufweist. 

##Bodenbelastbarkeit:
#I. Villa: Insbesondere die Villa weist nur begrenzte Belastbarkeiten der Decken auf. Eine Flächenlast von 250 kg / m² darf in den Obergeschossen nicht überschritten werden. Punktlasten sind durch geeignete lastverteilende Maßnahmen so zu reduzieren, dass die o.g. Flächenlast eingehalten wird. Im Erdgeschoss ist eine Flächenlast von 500 kg/m² nicht zu überschreiten. Punktlasten wie vor. 
#II. Saal und bestehender alter Anbau: Im Saal und Anbau ist eine Deckenbelastbarkeit von 500 kg/ m² nicht zu überschreiten, Punktlasten wie vor. Bei Aufstellen von schweren Geräten (Hubsteigern o.ä.) auf der Kellerdecke sind Montageunterstützungen für die Decke erforderlich. 
#III. Decke über Saal: Die Holzdecke über dem Saal ist teilweise noch bauzeitlich. Sie ist nur im Bereich der Verkehrswege für die Begehung durch eine Person geeignet. Temporäre Lagerlasten dürfen bis zu 100 kg/m² aufgebracht werden. Bei Betreten der Decke selbst außerhalb der Verkehrswege


#Anbau: Der neue Anbau wird als Massivbau, hauptsächlich mit Spannbetonhohldielen als Deckenkonstruktion und mit einem üblichen Holzdachstuhl neu erstellt. Dieser Anbau wird aus einem Kellergeschoss und 2 Obergeschossen bestehen, erschlossen durch ein Treppenhaus, welches vom Keller bis in das 2. Obergeschoss reicht. Die Geschosshöhen in den Räumen des Gebäudes sind unterschiedlich. Die Höhen des Gebäudes sind den Vermesserplänen aus dem 3D-Laseraufmaß in der Anlage zu entnehmen. Die Beleuchtungs- und Heizungsanlagen des Gebäudes sind nicht mehr funktionsfähig.

##Das Gebäude liegt in Ortskernlage der Stadt Göttingen, Hospitalstrasse 6, 37073 Göttingen. Vorgelagert zu dem Gebäude in östlicher und nördlicher Richtung befindet sich ein großer L-förmiger asphaltierter Platz „Am Wochenmarkt“. 
##Verkehrsverhältnisse auf der Baustelle, insbesondere Verkehrsbeschränkungen:
#Das Halten auf dem Baustellengelände ist nur zum Aus- und Einladen zulässig. Parkplätze auf der Baustelle werden nicht gestellt. Es ist Sache jedes Unternehmers, für seine Parkplätze zu sorgen. Der Platz „Am Wochenmarkt“ darf ebenfalls nicht als Parkplatz genutzt werden, über den Platz „Am Wochenmarkt“ führt eine Feuerwehrzufahrt, die immer offengehalten werden muss. 
#Der Wochenmarkt ist in einer Belastungsklasse BK 1,0 gebaut worden. Dieses entspricht einer maximalen Achslast von 10to bei maximal 40to zulässigem Gesamtgewicht. Diese Grenzen sind in jedem Fall einzuhalten. 

##wichtiger Hinweis: 
#Die Nutzbarkeit von Transporteinrichtungen und Transportwegen in den Innenräumen des zu sanierenden Objekts sind eingeschränkt; diesbezüglich wird betreffend Art, Lage, Maße und  auf die Vorbemerkungen im Leistungsverzeichnis verwiesen.
#Während des Ausführungszeitraums ist mit gewerkeübergreifenden Arbeiten im Gebäude zu rechnen


##wesentliche Ausführungsarbeiten sind:
#- Baustelleneinrichtung, Gerüstarbeiten
#- Montage Stahlkonstruktion ca. 12 t
#- Fertigung Stahlfachwerk ca. 2,5 t
#- Fertigung Beleuchtergang ca. 55 m

# nach Auftragserteilung: Erstellen der Werkstatt- und Montageplanung; 
diese ist spätestens 4 Wochen vor Beginn der Ausführungsarbeiten (17.02.2027) zur Einsicht und Freigabe an den Bauherrn bzw. die Planung zu übergeben."
10b4365a-23af-4cbd-874f-5faa960c37e5,01,LOT-0001,HGG LV 069 Förderanlagen,works,,"Neubau Johann-Peter-Hebel Grundschule: Lieferung, Montage und Inbetriebnahme eines barrierefreien Personenaufzugs",,,"Förderanlagen  im Zuge des Neubaus der Johann-Peter-Hebel-Grundschule in Gundelfingen. Im Einzelnen:  Lieferung, Montage und Inbetriebnahme eines barrierefreien Personenaufzugs als maschinenraumloser Seilaufzug und Durchlader:  Tragkraft 630 kg, 4 Halte- und Ladestellen, Förderhöhe 11,76 m, Geschwindigkeit 1,0 m/s; Kabine 1,10 × 1,40 × 2,20 m, lichte Türöffnung 0,90 × 2,10 m.  Einschließlich Steuerung, Notrufsystem, Schachtausrüstung, Schachtentrauchung und -lüftung, Prüfungen/Abnahme, Dokumentation und Einweisung.  Eventualleistungen: Vollunterhaltung für 4 Jahre sowie ein weiteres Wartungsjahr.  Die konkreten Leistungsinhalte finden sich im Leistungsverzeichnis nebst den dazugehörigen Anlagen."
2d885c65-7f8d-466b-ae79-a214d09abef4,01,LOT-0000,LOT-0000,works,,"Grundschule Rindelbach, Neubau - Verglasungsarbeiten",,,"89 St Holz-Alu-Fensterelemente
3 St (ca. 120 m²)	Pfosten-Riegel-Fassade
8 St Aluminium-Außentürelemente"
78a13158-21b8-4927-8497-55f095cffba6,01,LOT-0001,LOT-0001 300.25,works,,Bodenbelagsarbeiten,,,"Bodenbelagsarbeiten für den Erweiterungsbau der Klinik Eichholz, im Wesentlichen bestehend aus:	
1.210 m² Untergrund anschleifen
1.210 m² Untergrund spachteln
1.210 m² Haftbrücke
1.005 m² Bodenbelag Linoleum
205 m² Sportboden Sportlinoleum
1.210 m² Verfugen Schmelzdraht
205 m² Oberflächenschutz Sportboden
136 m Dehnfugenprofil
630 m Sockelleiste
1.394 m Anschlussfugen abdichten"
37cdd9a6-65fb-4c7d-b7f5-ad7c7befc670,01,LOT-0001,469,works,,Parksysteme ,,,"Ausführungszeitraum: 01/2027 bis 03/2027

Umfang der Leistungen:
14 St. Multiparkeranlage
14 St. Vorrüstung für E-Ladesäulen
inkl. Verkabelung"
46d59055-2d6b-4dd0-8259-86b3ae67397c,01,LOT-0000,B24047-30344000-001-440-01,works,,Elektroarbeiten Starkstrom,,,"Die Baustelle liegt im Berliner Bezirk Friedrichshain-Kreuzberg, am Ende der Sackgasse Trebbiner Str. als öffentliche Zufahrt zum Technikmuseum, auf dem Gelände des 'Deutschen Technikmuseums Berlin'.
Ziel ist es, die gesamte Gebäudetechnik des Gebäudeteils Altbau zu erneuern.
Folgende Leistungen sind zu erbringen: Elektroarbeiten / Starkstrom"
3eb98c24-107b-4db4-9bc7-13790e23b295,01,LOT-0001,2026/2860,works,,"Rems-Murr-Kliniken gGmbH - Europaweite Vergabe des Baugewerks ""Heizung"" für die Realisierung des Funktionsneubaus an der Rems-Murr-Klinik Schorndorf",,,"Gegenstand der vorliegenden Bauausschreibung ist das Gewerk ""Heizung"" (KG 420 Wärmeversorgungsanlagen und KG 434 Kälteanlagen) für die Realisierung des Funktionsneubaus an der Rems-Murr-Klinik Schorndorf. Die Heizungsarbeiten umfassen die Herstellung der Wärmeversorgungs- und kältetechnischen Anlagen für den Funktionsneubau einschließlich der hierfür erforderlichen Liefer-, Montage-, Inbetriebnahme-, Einregulierungs- und Dokumentationsleistungen. Die Anlagen dienen der Versorgung der medizinischen Funktionsbereiche, Pflegebereiche sowie der sonstigen Nutzungsbereiche des Neubaus. Die Heizungsarbeiten weisen insbesondere folgende Leistungen auf: - Errichtung der Wärmeversorgungsanlagen einschließlich Nahwärmeübergabestation, - Lieferung und Montage von ca. 180 Heizkörpern, - Herstellung von OP-Wandheizungen mit einer Gesamtfläche von ca. 315 m², - Lieferung und Montage von Kühldecken mit einer Gesamtfläche von ca. 3.450 m², - Lieferung und Inbetriebnahme von zwei Kältemaschinen mit jeweils 600 kW Leistung, - Lieferung und Montage von ca. 45 Umluftkühlern. Die Heizungs- und Kälteanlagen sind für den Gesamtbauablauf und die spätere Inbetriebnahme des Funktionsneubaus von maßgeblicher Bedeutung, da sie wesentliche Voraussetzungen für die Fertigstellung und den bestimmungsgemäßen Betrieb der medizinischen Funktions-, Behandlungs- und Pflegebereiche schaffen. Die Leistungen stehen in enger technischer und terminlicher Abhängigkeit zu zahlreichen weiteren Ausbau- und TGA-Gewerken, insbesondere den Gewerken Lüftung, Sanitär, Elektroinstallation, Gebäudeleittechnik sowie der Energiezentrale. Besondere Herausforderungen ergeben sich aus der Integration anspruchsvoller Wärme- und Kälteversorgungssysteme in hochinstallierte medizinische Bereiche, der Vielzahl von Schnittstellen zu anderen technischen Anlagen so-wie den teilweise beengten Platzverhältnissen innerhalb des Gebäudes. Hinzu kommt die Erforderlichkeit, die Ausführung und Montageabläufe auf den Baufortschritt sowie die Leistungen der übrigen Gewerke abzustimmen. Diese Rahmenbedingungen erfordern eine enge Abstimmung mit den Bietern bereits im Vergabeverfahren hinsichtlich der technischen Umsetzung, der Ausführungsorganisation und der Schnittstellenkoordination. Die Leistungen sind voraussichtlich im Zeitraum von Ende April 2027 bis September 2029 auszuführen. Detaillierte Informationen zu Art und Umfang der zu erbringenden Leistungen (u.a. Leistungsverzeichnis) werden den im Teilnahmewettbewerb ausgewählten Bietern mit Angebotsaufforderung zur Verfügung gestellt."
4d70dd3a-19b8-45bb-8fe1-cc4dbf9f9bc0,01,LOT-0001,3212,works,,3212 - Tischlerarbeiten Einbauten,,,"Neubau einer Realschule mit Mensa, Zweifachsporthalle, Pausenhalle als Versammlungsstätte und Freisportanlagen auf der gegenüberliegenden Seite der Hohenbrunner Straße. 
Gebäude ist in Teilen als Holzhybridbau geplant. Die Ausführung erfolgt in einem Bauabschnitt. 

Adresse Baufeld: Hohenbrunner Straße 110 
85662 Hohenbrunn 
  

BRI ca. 64.500 m3 
BGF ca. 14.000 m2 
Gebäude 1-3 geschossig zuzgl. 1 Untergeschoß 

Umfang der Leistung: 
Baustelleneinrichtung
• Einbauschränke einschließlich Garderoben, Schulranzenfächer, Spinde, Vitrinen
• Einbauten für den Pausenverkauf
• Einbauküchen
• Verkleidung von Fensternischen einschließlich Sitzbänken mit integrierten Aufbewahrungsfächern
• Einbauten im Speiseraum einschließlich Essensausgabe, Sitzbänken und Raumtrennelementen"
2127b926-d426-4e4b-903f-6ca78cf49240,01,LOT-0000,LOT-0000,works,,"Totalunternehmerleistungen Abbruch Geb. 4473 und Neubauten Geb. 4474.1, 4474.2 und 4473",,,"Das Staatliche Hochbauamt Heidelberg plant auf dem Gelände
der Patrick-Henry-Village (PHV) -einer ehemaligen US Liegenschaft in Heidelberg- im Baufeld B3/B4, Teilbereich B.2, Rückbau- und Neubaumaßnahmen.

Das Paket beinhaltet: Schadstoffsanierung und Rückbau Gebäude 4473, Neubau von 3 Gebäuden mit einem Anteil an Gewerbenutzung, einer 4-gruppigen Kita sowie Wohnnutzung. Die BGF beträgt ca. 9.300 m². Die Planungs- und Bauleistungen werden als Totalunternehmerleistungen (TU) ausgeschrieben und vergeben. 
Die Grundlage bildet eine Funktionale Leistungsbeschreibung (FLB). 
Die Planungsleistungen beinhalten Leistungen im Bereich Architektur, Tragwerksplanung, technische Gebäudeausrüstung, Verkehr- und Freianlagenplanung sowie weitere notwendige Fachplanungsleistungen (Brandschutz, Bauphysik, etc.).

Bieterfragen können im Teilnahmewettbewerb bis 12 Kalendertage vor Ablauf der Bewerbungsfrist und im Verhandlungsverfahren bis 12 Kalendertage vor Ablauf der Angebotsfrist (Submission) eingereicht werden. 

Die Zuschlagskriterien sind der ""Anlage 25 Zuschlagstool-BImA PHV Neubauten"" zu entnehmen. 

Ergänzend ist die Vergabe von 'Instandhaltungsleistungen' Gegenstand des Verfahrens."
b5167006-df6c-4516-b249-954d8e8f3df2,01,LOT-0000,LOT-0000,works,,Generalsanierung Schule im Taubertal - Vergabe Blitzschutz- und Erdungsanlagen,,,"ca. 560 m	Ringerder V4A, Runddraht Rd 10
ca. 320 m	Fundamenterder, feuerverzinkter Stahl, Rd 10
10 St.	Erdungsfestpunkte aus Edelstahl
52 St.	Anschlussfahnen V4A, Rd 10, Länge 2 m
52 St.	Schutzkappen für Anschlussfahnen
52 St.	Dichtmanschetten für Anschlussfahnen
59 St.	Korrosionsschutzbinden für Anschluss- und Verbindungsstellen
125 St.	Bewehrungsklemmen
73 St.	Klemm- und Schraubverbinder für Anbindungs- und Anpassungsarbeiten
16 St.	Kreuzverbinder für Rundleiter V4A
ca. 1.350 m	Fangleitung Aluminium, Rd 8, auf Flachdächern
ca. 1.350 St.	Dachleitungshalter für Rundleiter
2 St.	Fangstangen Aluminium, Länge 2.000 mm
37 St.	Fangstangen Aluminium, Länge 2.500 mm
68 St.	Fangspitzen
100 St.	Verbindungen zur Photovoltaikanlage
308 St.	Blitzschutzklemmen Aluminium, Klasse H
50 St.	Falzklemmen für Blechfalzdeckung
ca. 70 m	Anschluss- und Verbindungsleitungen Aluminium/Stahl, Rd 10
ca. 245 m	Ableitungen aus feuerverzinktem Stahl, Rd 10
ca. 245 St.	Leitungshalter für Ableitungen
49 St.	Regenfallrohrschellen
49 St.	Trennstellenkästen einschließlich Trennstellen
49 St.	Erdeinführungen Flachstahl 30 × 3,5 mm, Länge 2.000 mm
49 St.	Nummernschilder für Trennstellen
49 St.	Prüfungen und Messungen der Blitzschutz- und Erdungsanlage
1 psch.	Bestandsdokumentation einschließlich Fotodokumentation
1 St.	Abnahme durch neutrales Prüfinstitut oder Sachverständigen
15 h	Stundenlohn Facharbeiter/-in
15 h	Stundenlohn Helfer/-in"
74213ead-8e86-41f8-b1d4-eff6c6ab222a,01,LOT-0001,FB3-OSS-L10.1 Heizung Sanitär,works,,Sanierung und Erweiterung Oberschule Schmiedeberg -  Los 10.1 Heizung Sanitär,,,"Die Wartung wird für eine Laufzeit von 4 Jahren ohne Anwendung eines Barwertfaktors bei der Angebotswertung berücksichtigt. Die Wartungssumme fließt in die Wertung der Angebote mit ein (4 Jahre). Ein nicht abgegebener Wartungspreis führt zum Ausschluss des Bieters. Die Auftragserteilung erfolgt unter der Voraussetzung, dass die Firma an den Angebotspreis für die Wartung bis zum Abschluss des Wartungsvertrages, gebunden bleibt. Der Wartungsvertrag beginnt nach der erfolgreichen und mängelfreien Abnahme der Bauleistung."
58ff65ad-ad0d-43da-9705-373a3e18d3db,01,LOT-0000,LOT-0000,works,,Trennvorhänge,,,"Trennvorhanganlagen DIN 18032-4 in 3-fach Sporthalle
Länge Einzelanlage bis ca. 35 m, Höhe Einzelanlage bis ca. 8,5 m, im Bereich der Tribüne abgetreppt

Demontage und Entsorgung der Unterkonstruktionen und Aufzugsmechaniken der Trennvorhanganlagen Bestand: 2 St.
Neuerstellung Trennvorhanganlagen DIN 18032-4: 2 St."
c76203cb-e304-450e-ab70-f351183aeb21,01,LOT-0000,LOT-0000,works,,Sportgeräte,,,"Sportgeräte:
-Sprossenwand
-Multifunktionale Kletterleiter
-4-fach Kletterstangenanlage schwenkbar
-Klettertaue
-Multischaukel-Anlage
-Handballtore 2 Stk
-Basketballkörbe 6 Stk"
81db0040-7ed0-434a-947e-7113d2568512,01,LOT-0001,2025_802_046,works,,Ersatzneubau der Cäcilienbrücke,,,"Leistungsumfang für den Ersatzneubau der Cäcilienbrücke (Hubbrücke):
- Technische Bearbeitung (komplette Ausführungsplanung)
- Teilabbruch (Kellerrückbau)
- Lärmschutzwände, Kampfmittelsondierungen
- Spezialtiefbauarbeiten (Bohrpfähle, Spundwände, Rückverankerung mit
  Ankerpfähle, Baugrubenverbau, Wasserhaltung, Böschungssicherung, 
  Bodenanalysen, Bodenentsorgung, …)
- Faseroptisches Messsystem an Bohrpfählen
- Massiv- und Mauerwerksbau im Hoch- und Tiefbau
- Technische Ausrüstung, Verkehrstechnik, Antriebs- und Elektrotechnik sowie 
  Steuerung und Fernbedienung von beweglichen Brücken (inkl. Technischer 
  Bearbeitung)
- Maschinenbautechnische/hydraulische Ausrüstung (inkl. Technischer Bearbeitung,
  Montage, Inbetriebnahme/Probebetrieb, …)
- Stahlbrückenbau und Korrosionsschutz
- Bauwerksausstattung Brücke
- Entwässerung
- Nassbagger- und Erdarbeiten
- Dükerbau
- Sohlsicherungsarbeiten
- Leitungsbau
- Hausanschluss, Wasser- und Abwasser
- Fernmeldetechnische Anlagen"
470072e8-59d4-460e-83d7-7ef747d9690f,01,LOT-0001,SEHO_CFS-U_UT_01,supplies,,"Konstruktion, Auslegung, Fertigung und Montage von Wellhead Protektoren zur Absicherung von benachbarten Sonden während eines Workovers",,,"? Engineering und Detailplanung der Wellhead-Protektoren
? Statische Auslegung und FEM-Nachweisführung sowie Erstellung der geprüften Statik
? Fertigung modularer Sonderstahlbaukonstruktionen
? Lieferung und Montage auf dem Speicherstandort Rehden
? Dokumentation, Prüfung und technische Abnahme der Leistungen"
c3a9b49a-2f04-4f8c-8eb2-c8341bbafabe,01,LOT-0000,26-067535,works,,Lueftungstechnische Anlagen,,,"Lüftungsinstallations- und demontagearbeiten in einem Towergebäude eines militärisch genutzten Flugplatzes
1 St. Vollklimaanalge ca. 2.000 m3/h
1 St. Umluft Heiz-/Kühlgerät ca. 6.500 m3/h
2 St. Entrauchungs-Axial-Ventilatoren 800 bzw. 20.000 m3/h
ca. 600 m2 Lüftungskanäle aus verzinktem Stahlblech 
ca. 80 m2 feuerbeständige Entrauchungskanäle 
ca. 700 lfdm verzinktes Wickelfalzrohr NW 100 - 315 
ca. 40 St. Brandschutzklappen runde/rechteckige Bauform 
ca. 90 St. Einbauen in Luftleitungen
ca. 100 St. Lüftungsauslässe / Lüftungsgitter
ca. 900 m2 Demontage Lüftungskanäle aus verzinktem Stahlblech
Demontage mehrerer RLT-Anlagen Gesamtvolumen 20.000 m3/h"
ad444921-a025-4950-b270-afc0dd34dd39,01,LOT-0000,LOT-0000,works,,Neubau Maschinenhalle Stahlbau,,,"Stahlhalle 14 x 9 x 5 Meter
Sandwichelemente ca. 200 qm
175 qm Dach 
Rolltore, Fenster, Türen"
b86b2a2d-f22f-4843-9c9e-47873e5a5838,01,LOT-0000,LOT-0000,works,,"Straßenerhaltung 2026, Paket 2",,,"Straßenerhaltung 2026, Paket 2: Rahmenvereinbarung zur Sanierung von Pflasterdecken und Rinnen. Der Umfang der Leistungen umfasst im Wesentlichen folgende Teilbereiche: 
- Planung und Umsetzung der Verkehrssicherungsarbeiten 
- Sanierung von Pflasterdecken:Gehweg fahrbahnbegleitend oder selbständig geführt, Radweg - fahrbahnbegleitend oder selbständig geführt, Geh- und Radweg, gemeinsam oder getrennt geführt, Platzfläche, Fahrbahn
- Erneuerung von Entwässerungsrinnen
- Barrierefreiheit (Blindenleitsystem, taktile Elemente)
- Erstmalige Herstellung, Instandsetzung, Erneuerung und Rückbau von Überfahrten
- Herstellung Angebotsstreifen für Radfahrende"
5d148dca-836a-4cbe-8ad5-ef933ebbaa3b,01,LOT-0001,50Hertz-2026-OffshoreLogistics_Lot 1_WS3034329128,services,,Framework Agreement with Call-Offs – Offshore HV Cable Repair Logistics,110000000,EUR,"This lot covers offshore/onshore logistics, mobilisation/demobilisation support, handling and transport of cable accessories, and operational support for repair interventions for existing HV cable systems operated by the contracting entities. It will be under a Framework agreement with call-offs. Call-offs may be issued by 50Hertz Transmission GmbH, 50Hertz Connectors GmbH and 50Hertz Offshore GmbH; invoices are issued to the entity placing the call-off. Asset allocation per Lot in tender documents."
5d148dca-836a-4cbe-8ad5-ef933ebbaa3b,01,LOT-0002,50Hertz-2026-OffshoreLogistics_Lot 2_WS3034329128,services,,Framework Agreement with Call-Offs – Offshore HV Cable Repair Logistics,110000000,EUR,"This lot covers offshore/onshore logistics, mobilisation/demobilisation support, handling and transport of cable accessories, and operational support for repair interventions for existing HV cable systems operated by the contracting entities. It will be under a Framework agreement with call-offs. Call-offs may be issued by 50Hertz Transmission GmbH, 50Hertz Connectors GmbH and 50Hertz Offshore GmbH; invoices are issued to the entity placing the call-off. Asset allocation per Lot in tender documents."
5d148dca-836a-4cbe-8ad5-ef933ebbaa3b,01,LOT-0003,50Hertz-2026-OffshoreLogistics_Lot 3_WS3034329128,services,,Framework Agreement with Call-Offs – Offshore HV Cable Repair Logistics,110000000,EUR,"This lot covers offshore/onshore logistics, mobilisation/demobilisation support, handling and transport of cable accessories, and operational support for repair interventions for existing HV cable systems operated by the contracting entities. It will be under a Framework agreement with call-offs. Call-offs may be issued by 50Hertz Transmission GmbH, 50Hertz Connectors GmbH and 50Hertz Offshore GmbH; invoices are issued to the entity placing the call-off. Asset allocation per Lot in tender documents."
5d148dca-836a-4cbe-8ad5-ef933ebbaa3b,01,LOT-0004,50Hertz-2026-Jointing_Lot-4_WS3034329128,services,,Framework Agreement with Call-Offs – Onshore/Offshore HV Cable Jointing Services,19200000,EUR,"This lot covers the execution of offshore jointing works required for repair interventions on existing high‑voltage cable systems, including provision of the necessary tools/equipment/consumables (excluding free‑issued spares where applicable), qualified personnel and supervision, QA/QC documentation, and interface coordination with other contractors engaged for the overall repair scope. Services are ordered on a call‑off basis; the exact quantities cannot be determined in advance. Where warranty or compatibility requirements apply for certain systems, the related conditions will be implemented as contract‑performance requirements at call‑off level.

Services will be provided on a call-off basis. Each call-off is intended to restore the relevant high-voltage cable service object so that it can transmit electricity in accordance with the applicable requirements and/or project documentation. The contracting entity is under no obligation to issue call-offs and the framework agreement does not grant exclusivity.

The scope of jointing works to be performed under call-offs includes, inter alia:
– execution of offshore cable jointing operations required for repair interventions,
– provision of all apparatus, machinery, equipment and consumables necessary for the jointing operations (excluding free-issued spare parts where applicable),
– coordination of interfaces with other project contractors involved in the overall repair scope,
– deployment of qualified and fully trained personnel and adequate supervision,
– quality-related documentation as required for the works.

The exact quantities of call-offs, interventions and services cannot be determined in advance and will depend on actual operational needs during the term of the framework agreement. 

Call-offs may be issued by 50Hertz Transmission GmbH, 50Hertz Connectors GmbH and 50Hertz Offshore GmbH. Invoices shall be issued to, and paid by, the entity placing the relevant call-off (invoice recipient/billing entity). Asset allocation per Lot is defined in tender documents."
5d148dca-836a-4cbe-8ad5-ef933ebbaa3b,01,LOT-0005,50Hertz-2026-Jointing_Lot 5-WS3034329128,services,,Framework Agreement with Call-Offs – Onshore/Offshore HV Cable Jointing Services,19200000,EUR,"This lot covers the execution of offshore jointing works required for repair interventions on existing high‑voltage cable systems, including provision of the necessary tools/equipment/consumables (excluding free‑issued spares where applicable), qualified personnel and supervision, QA/QC documentation, and interface coordination with other contractors engaged for the overall repair scope. Services are ordered on a call‑off basis; the exact quantities cannot be determined in advance. Where warranty or compatibility requirements apply for certain systems, the related conditions will be implemented as contract‑performance requirements at call‑off level.

Call-offs may be issued by 50Hertz Transmission GmbH, 50Hertz Connectors GmbH and 50Hertz Offshore GmbH. Invoices shall be issued to the entity placing the relevant call-off (invoice recipient). Asset allocation per Lot is defined in tender documents."
5d148dca-836a-4cbe-8ad5-ef933ebbaa3b,01,LOT-0006,Elia Asset S.A.-2026-Jointing_Lot 6_WS3034329128,services,,Framework Agreement with Call-Offs – Offshore HV Cable Jointing Services,7600000,EUR,"This lot covers the execution of offshore jointing works required for repair interventions on existing high‑voltage cable systems, including provision of the necessary tools/equipment/consumables (excluding free‑issued spares where applicable), qualified personnel and supervision,documentation, and interface coordination with other contractors engaged for the overall repair scope. Services are ordered on a call‑off basis; the exact quantities cannot be determined in advance. Where warranty or compatibility requirements apply for certain systems, the related conditions will be implemented as contract‑performance requirements at call‑off level.

Contracting entity and call‑off beneficiary: Elia Asset S.A. Further details for this Lot are defined in tender documents."
8ec97d74-8d96-4e6a-a0e8-c75d7647570b,01,LOT-0001,6c3f4126-89be-43e2-9c3f-231c722194ee,works,,"Los 1 Raumlos Region Mitte - Rahmenvereinbarung für Instandsetzungsleistungen an
Telekommunikation Freileitungen",,,"Raumlos Region Mitte - Rahmenvereinbarung für Instandsetzungsleistungen an
Telekommunikation Freileitungen
Entstörung sowie für den anstehenden Rückbau bestehender Freileitungsanlagen.
Hierzu zähen auszugsweise folgende Leistungen:
Aus- und Einbau von Masten m. verschiedenen Höhen inkl. die Lieferung, Mastbinde liefern
und montieren, Liefern und einbauen von Maststreben, Ausrichten von Masten, Anker
anbringen, Luftkabel abbauen, aufbringen und regulieren, Beseitigen von Aufwuchs und
Freischneidearbeiten im Mastbereich, Inspektion von Masten mit Resistograph,
Dokumentation von Mastlinien, Blitzschutz/Erdung, Kabellieferungen, Kabelgraben in
Handschachtung, Muffengruben herstellen, Ankerklotz einbauen, Stundenlohnarbeiten
"
8ec97d74-8d96-4e6a-a0e8-c75d7647570b,01,LOT-0002,7c099536-072a-4102-89e2-0ad8970a5b7e,works,,"Los 2 Raumlos Region Süd - Rahmenvereinbarung für Instandsetzungsleistungen an
Telekommunikation Freileitungen",,,"Raumlos Region Süd - Rahmenvereinbarung für Instandsetzungsleistungen an
Telekommunikation Freileitungen
Entstörung sowie für den anstehenden Rückbau bestehender Freileitungsanlagen.
Hierzu zähen auszugsweise folgende Leistungen:
Aus- und Einbau von Masten m. verschiedenen Höhen inkl. die Lieferung, Mastbinde liefern
und montieren, Liefern und einbauen von Maststreben, Ausrichten von Masten, Anker
anbringen, Luftkabel abbauen, aufbringen und regulieren, Beseitigen von Aufwuchs und
Freischneidearbeiten im Mastbereich, Inspektion von Masten mit Resistograph,
Dokumentation von Mastlinien, Blitzschutz/Erdung, Kabellieferungen, Kabelgraben in
Handschachtung, Muffengruben herstellen, Ankerklotz einbauen, Stundenlohnarbeiten
"
8ec97d74-8d96-4e6a-a0e8-c75d7647570b,01,LOT-0003,f5fbe6d0-f258-4dfa-929b-bccff0d9c667,works,,"Los 3 Raumlos Region Südwest - Rahmenvereinbarung für Instandsetzungsleistungen an
Telekommunikation Freileitungen",,,"Raumlos Region Südwest - Rahmenvereinbarung für Instandsetzungsleistungen an
Telekommunikation Freileitungen
Entstörung sowie für den anstehenden Rückbau bestehender Freileitungsanlagen.
Hierzu zähen auszugsweise folgende Leistungen:
Aus- und Einbau von Masten m. verschiedenen Höhen inkl. die Lieferung, Mastbinde liefern
und montieren, Liefern und einbauen von Maststreben, Ausrichten von Masten, Anker
anbringen, Luftkabel abbauen, aufbringen und regulieren, Beseitigen von Aufwuchs und
Freischneidearbeiten im Mastbereich, Inspektion von Masten mit Resistograph,
Dokumentation von Mastlinien, Blitzschutz/Erdung, Kabellieferungen, Kabelgraben in
Handschachtung, Muffengruben herstellen, Ankerklotz einbauen, Stundenlohnarbeiten
"
8ec97d74-8d96-4e6a-a0e8-c75d7647570b,01,LOT-0004,92105cf0-d1de-4a01-bfeb-6e2162b562f7,works,,"Los 4 Raumlos Region West - Rahmenvereinbarung für Instandsetzungsleistungen an
Telekommunikation Freileitungen",,,"Raumlos Region West - Rahmenvereinbarung für Instandsetzungsleistungen an
Telekommunikation Freileitungen
Entstörung sowie für den anstehenden Rückbau bestehender Freileitungsanlagen.
Hierzu zähen auszugsweise folgende Leistungen:
Aus- und Einbau von Masten m. verschiedenen Höhen inkl. die Lieferung, Mastbinde liefern
und montieren, Liefern und einbauen von Maststreben, Ausrichten von Masten, Anker
anbringen, Luftkabel abbauen, aufbringen und regulieren, Beseitigen von Aufwuchs und
Freischneidearbeiten im Mastbereich, Inspektion von Masten mit Resistograph,
Dokumentation von Mastlinien, Blitzschutz/Erdung, Kabellieferungen, Kabelgraben in
Handschachtung, Muffengruben herstellen, Ankerklotz einbauen, Stundenlohnarbeiten
"
90f332ed-04ca-467f-9af8-5e6e8e9ac165,01,LOT-0000,LOT-0000,works,,Revitalisierung Vitos KJK Marburg - Holzinnentüren,,,"Holztüren, DS, 1.flüglig. 201 Stk.
Holztüren, DS, 2.flüglig. 2 Stk.
Holztüren, RS, 1.flüglig. 2 Stk.
Holztüren, T30-RS, 1.flüglig. 31 Stk.
Holztüren, T30-RS, 2.flüglig. 1 Stk.
Holztüren, T90-RS, 1.flüglig. 11 Stk.
Holztüren, T90-RS, 2.flüglig. 1 Stk"
e9684303-556d-4be9-b2f7-525e90f7aa61,01,LOT-0001,715/22353 - M302,works,,SEB Anbau Bettenhaus II - Altersmedizin / Aufstockung - Dachabdichtungs- und Klempnerarbeiten,,,"Dachflächen Betondecke mit Bitumendichtungsbahnen,  einschließlich Dämmung und Retentionsaufbau: Ca. 975 m² Absturzsicherung Sicherheitsgeländer: Ca. 120 m Attikaabdeckung aus Zink: Ca. 145 m Regenfallrohre aus Zink: Ca. 30 m Betonplattenbelag für Wartungsarbeiten: Ca. 25 m² Flachdachfenster für Ausstieg und Rauchableitung: 1 Stück Abdichtung der Boden-/ Sohlplatten: Ca. 570 m²"
b6497276-a5eb-4c66-ac56-f86604960788,01,LOT-0001,StBo_ZVS2_2026_0118_OV_ZD,works,,"Lüftungsinstallation, Neubau Freiwillige Feuerwehr Bochum-Heide, Märkische Str. 11a, 44866 Bochum",,,"Gegenstand der Ausschreibung ist die Lieferung und Montage der Lüftungsanlagen des Neubaus der Freiwilligen Feuerwehr Bochum-Heide, bestehend aus einem Lüftungszentralinnengerät mit ca. 7.000 m³/h Leistung, ca. 700 m² Lüftungskanäle, ca. 500m Wickelfalzrohr, ca. 50 Volumenstromregler, ca. 32 Tellerventile, ca. 44 Impulsauslässe, ca. 11 Lüftungsgitter (Rohreinbau), 1 Splitklimagerät, 1 KFZ-Abgasabsaugsystem mit ca. 5.000 m³/h Luftleistung für 4 Stellplätze"
01a0a444-1c07-471e-b755-941f4becd2ee,01,LOT-0001,LOT-0001,supplies,,Los 6 - Umschlagtechnik,,,"Das Gesamtprojekt umfasst den Neubau eines KV-Terminals im Hafen Riesa. Das geplante trimodale KV-Terminal (Terminal für den Kombinierten Verkehr) dient dem Umschlag von Container-Ladeeinheiten zwischen den Verkehrsträgern Straße, Schiene, Wasserstraße mit einer Kapazität von bis zu 100.000 TEU/a. Bei der vorliegenden Ausschreibung handelt es sich um die Planung sowie Lieferung und Montage von 2 Portalkränen.
Pauschalvertrag mit funktionaler Leistungsbeschreibung.
Beschreibung der Leistungen nach Art und Umfang:
-	Ausführungsplanung und statische Berechnung für den Portalkran; -	Lieferung und Aufbau von 2 Containervollportalkränen; -	Baustelleneinrichtung und -sicherung; -	Verkehrssicherung.
Weitere Angaben gemäß Leistungsbeschreibung in den Vergabeunterlagen."
1594f91b-44f6-456a-a325-ad98833404bc,01,LOT-0000,LOT-0000,works,,Prallwand,,,"Prallwand Akustik / Holzlamellen Sporthalle ca. 210 m²
Textile Prallwand Bewegungsraum ca. 70 m²
Spiegelwand ca. 35 m²
Geräteraumtore 2 Stk.
Innentür 2-flg. 1 Stk."
dc92350b-924f-472a-8ea4-53cee8ca4be7,01,LOT-0001,0001,works,,Neubau kbo-Inn-Salzach-Klinikum - Errichtung Pflegegebäude BT C + D-107_3-4400 Elektro Starkstrom,,,"2.500 m Rinne, Breite 400 mm, Höhe 60 mm			
2.400 St Klemmausleger für Rinnenbreite 400 mm			
1.700 St Hängestiel mit Kopfplatte bis 400 mm			
660 m Ankerschiene 0,26 bis 0,50 m			
3.000 St Sammelhalter-Trasse für 16 Kabel			
650 m Elektro-Installationskanal Kunststoff 130 mm			
850 St Geräteeinbaudose für Geräteeinbaukanal System			
1.250 m Kabel NYCWY 4x25RM/16			
1.500 m Kabel NYCWY 4x150SM/70			
2.500 m Kabel NYY-J 5x6RE			
12.500 m Ltg. NYM-J 3x1,5			
70.000 m Ltg. NYM-J 5x1,5			
70.000 m Ltg. NYM-J 3x2,5			
3.800 m Ltg. NYM-J 5x2,5			
2.700 m NHXCH 4x 25/16 mm2 E90			
850 m NHXCH 4x 120/70 mm2 E90			
6.000 m Busltg. KNX-TP YCYM 2 x 2 x 0,8			
857 St Taster 1-polig			
5.420 St Schukosteckdose 2-polig			
623 St Potentialausgleichssteckdose			
660 St Binäreingabegerät KNX			
76 St Unterverteilungen			
3.500 St Leitungsschutzschalter			
4 St Gebäudehauptverteilungen			
2 St USV-Anlagen je 75 kVA			
24 St Bettenversorgungseinheiten			
12 St RWA Anlagen			
4.850 St Leuchtenkörper			
50 St Baustromverteilungen			
607 St PV-Module Monokristalin			
8 St Wechselrichter"
8850e2ed-8211-4877-8ce3-ab6cabf3515f,01,LOT-0001,2026-0259,works,,"2026-0259, Betonsanierungsarbeiten, Sanierung Festhalle-Opladen, Opladener Platz 5a, 51379 Leverkusen",,,"Die Festhalle Opladen, zugehörig zum Landrat-Lucas-Gymnasium wird einer umfassenden
Sanierung unterzogen. Die Sanierung umfasst die gesamte Gebäudehülle sowie die komplette
Bühnentechnik inkl. der gebäudetechnischen Einrichtung.
Die Betonsanierung umfassen folgende Leistungen:
An einer Gesamtfläche von ca. 475 m2 der Stahlbetontragkonstruktion (fassadenseitige Flächen von
Stahlbetonstützen, -riegeln und -scheiben) sind partielle Betoninstandsetzungsmaßnahmen im Bereich von Verdichtungsmängeln, Betonabplatzung und korrodierten Bewehrungsstählen durchzuführen. Anschließend erfolgt ein flächiger Betonauftrag zur Betondeckungserhöhung an der zuvor genannten Gesamtfläche."
625720a2-3dcb-4a88-b391-48aa63d0a10f,01,LOT-0001,StBo_ZVS2_2026_0119_OV_ZD,works,,"Metallbauarbeiten  DIN 18360, Brandschutztechnische Sanierung und Erweiterung der Paul-Dohrmann-Schule, Hiltroper Str. 53  44807 Bochum",,,"Metallbauarbeiten (Neubau/Anbau 2.BA)  Fertigung, Lieferung und fachgerechte Montage von:   - Aluminium- Fensterelementen - innenliegendes motorisch betriebenes Rollo System einschl. erforderlichen Elektroarbeiten  - Fassadenelemente - Pfosten - Riegel Konstruktion aus Aluminium  - Türanlagen / Rauchschutztüren aus Aluminium verglast - Lieferung und Montage von Stahltüren"
2f3259ec-494a-445b-8973-8e88ea4d982b,01,LOT-0000,LOT-0000,works,,Generalsanierung Schule im Taubertal - Vergabe Wärmeversorgungsanlage,457501.91,EUR,"ca. 115 kW	Gesamtwärmeleistung (Bestandsanlage)
ca. 8.000 l	Anlagenwasser bestehende Pelletanlage einschließlich Pufferspeicher
1 St.	Heizkreisverteiler in der Technikzentrale
1 Anlage	Druckhaltung, Entgasung und Nachspeisung
3 St.	Hocheffizienz-Umwälzpumpen
ca. 125 m	Stahlrohrleitungen in der Technikzentrale
ca. 1.550 m	Edelstahl-Pressrohrleitungen im Gebäude
ca. 70 m	Mehrschichtverbundrohrleitungen
ca. 1.750 m	Heizungsrohrleitungen gesamt, ohne Flächenheizung
ca. 11.500 m	Fußbodenheizungsrohr PE-Xa 17 × 2 mm
ca. 2.000 m²	Fußbodenheizung einschließlich Tackerplatten
19 St.	Fußbodenheizungsverteiler
196 Heizkreise	Fußbodenheizung
120 St.	Thermische Stellantriebe für Fußbodenheizung
21 St.	Niedertemperatur-Gliederheizkörper
jeweils 21 St.	Heizkörperventile und elektrothermische Stellantriebe
ca. 30 St.	Brandschutzabschottungen für Heizungsleitungen
ca. 100 St.	Kernbohrungen und Bohrungen
ca. 900 kg	Verzinkte Montage-Sonderkonstruktionen
8 St. à 16 kW	Lufterhitzer für Winterbaubeheizung
ca. 128 kW	Heizleistung der Winterbaubeheizung
18 Wochen	Überwachung der Winterbaubeheizung"
8d4a29da-6d95-436d-a0f7-26429bbf0f10,01,LOT-0001,fc7c493e-6f78-44a3-bd3a-f88081dc6586,works,,Oberbau & Kabeltiefbau,,,"2,5km Gleiserneuerung, 8 Weichenerneuerungen, 4 Neubau-Weichen, ein Neubau-Gleis 740m Nutzlänge, Ausbau Iso-Stöße, Anpassung Bahnsteigkante"
8d4a29da-6d95-436d-a0f7-26429bbf0f10,01,LOT-0002,1c4ee4a9-77f3-455f-b12e-5e4677d16057,works,,Ausrüstungstechnik ESTW & Gleis 5,,,"Kabelarbeiten ESTW, Stromversorgung ESTW, Neubau niedrige Gleisgassenbeleuchtung, Erweiterung elektr. Weichenheizanlage"
8d4a29da-6d95-436d-a0f7-26429bbf0f10,01,LOT-0003,a9fd3d61-ad70-4024-93cf-5e32c4e3d3ab,works,,Oberleitung,,,"Erweiterung OLA für Neubau Gleis 5, NEA-OLA für ESTW"
915313db-1a99-4a68-802f-f0707033240b,01,LOT-0000,LOT-0000,works,,"VWG Am Stadion 5, 2. BA, Maler- und Lackierarbeiten",,,"'- ca. 230Stück Putzschäden ausbessern
- ca. 854 Stück Fehlstellen, Putzschäden spachteln
- ca. 180m² Spachtelung+ Vlies+ Anstrich Trockenbau  (Teilflächen)
- ca. 600m² Anstrich Bestandswände (Teilflächen bis 10m²)
- ca. 105m² Raufaser an Wänden (Teilflächen)
- ca. 980m² Anstrich auf Raufasertapeten Wände (Teilflächen)
- ca. 1.750m² Anstrich auf Raufasertapeten Decken (Teilflächen)
- ca. 1.515m² Anstrich auf Raufasertapeten Wände (Räume)
- ca. 70m² Überholungsanstriche Technikräume Wände
- ca. 25m² Überholungsanstrich Technikräume Decken
- ca. 60m² Anstriche Technikräume Wände+ Decken
- ca. 720m² Überholungsanstriche KG Wände
- ca. 305m² Überholungsanstriche KG Decken
- ca. 105m² Spachtelung+ Vlies+ Anstrich Bestandswände (TH)
- ca. 53m² Anstrich Trockenbaudecken
- ca. 11 Stück Anstrich auf neue Stahlzargen 
- ca. 11 Stück Anstrich von Stahltürblättern"
ed6675ff-7b24-4be8-8fe8-77d6714633f2,01,LOT-0001,51-2603-102,works,,"Realschule Eggenfelden BA 5, Innentüren",,,'- 17 Stück Stahlzargen mit verglastem Seitenteil und Oberlicht - 8 Stück Stahlzarge mit verglastem Oberlicht - 3 Stück Stahlzarge - 1 Stück T30-Türelement - 1 Stück festverglastes Fensterelement mit Stahlzarge - 29 Stück Holztürblatter - 3 Stück ITS mit Freilauffunktion
09b85bf3-4637-4ffe-b72a-f4a851f18c50,01,LOT-0000,LOT-0000,works,,"Generalsanierung Schule im Taubertal - Vergabe Erd-, Maurer- und Betonarbeiten",1081861.88,EUR,"Baustrom
Baubeleuchtung
Erdarbeiten für Haustechnikarbeiten  
Kanalarbeiten und Sanierung
Versorgungsleitungen 
Mauerwerkarbeiten Außenwände: ca. 250m² 
Mauerwerkarbeiten Innenwände: ca. 200m² 
div. Mauerwerkarbeiten
Stahlbetonarbeiten: 
Bodenplatte ca. 880m² und Fundamente 
Stahlbetonwände Türme und Aufzug
Stahlbetondecken: ca. 1.200m²
Herstellen Schlitze- und Aussparungen Haustechnik 
Betonsanierung"
f9dc1e05-3689-41bc-b82b-4ebe5fc1ffb5,01,LOT-0001,Landschaftsbauarbeiten,works,,Landschaftsbauarbeiten,,,"Für das Projekt Neubau einer Mittagsbetreuung und Erweiterung, sowie barrierefreie Erschließung des Hauptgebäudes der Grundschule Adelsriedwerden Bauleistungen erforderlich: Trockenbau"
5cff7c10-1e0e-4abe-8f0b-b6345a1362a0,01,LOT-0000,26-086745,works,,Brueckenbau und Strassenbau,,,"B62SABBD003500
B 286 ERN BW L2271 ü. B286 b. Schwebheim
Brückenbau- und Straßenbauarbeiten

Erdbau ca. 8.000 m3
Stahlbeton ca. 950 m3
Spannbeton ca. 1.000 m3
Asphaltbau ca. 3.500 m2"
50d1e5cc-c1ae-45b5-a685-505c1595d0c8,01,LOT-0000,LOT-0000,works,,Generalsanierung Schule im Taubertal - Vergabe Eigenstromversorgungsanlagen,,,"mind. 170 kWp	Photovoltaikanlage auf Flachdächern
1 St.	PV-Unterverteilung, Anreihstandverteiler
1 St.	Anreihstandschrank 1.900 × 860 × 400 mm
1 St.	Anreihstandschrank 1.900 × 1.360 × 400 mm
1 St.	Modulares Universalmessgerät mit Modbus-RTU-Anbindung
1 St.	Leistungsschalter, 400 A
397 St.	Photovoltaikmodule, jeweils mind. 430 Wp
1 St.	Modulwechselrichter, dreiphasig, mind. 125 kW AC
1 St.	Modulwechselrichter, dreiphasig, mind. 80 kW AC
1 St.	PV-Energie-Schaltgerätekombination, 24 String-Eingänge / 12 MPP-Tracker
1 St.	PV-Energie-Schaltgerätekombination, 10 String-Eingänge / 5 MPP-Tracker
1 St.	E-Stop-Schalter zur DC-Freischaltung
ca. 20 m	N2XH-J 5 × 95 mm²
ca. 20 m	N2XH-J 5 × 50 mm²
ca. 225 m	N2XH-J 1 × 16 mm²
ca. 2.300 m	PV-Gummischlauchleitung H1Z2Z2-K 1 × 6 mm²
ca. 700 m²	Aluminium-Unterkonstruktion für PV-Module
350 St.	Ballastierungssteine
2 St.	Montagekonstruktionen für Wechselrichter
ca. 150 m²	Bautenschutzmatten
20 St.	Erdungsklemmen für Leitungen und Flachleiter
1 St.	Potentialausgleichsschiene
300 m	Kabelrinne, feuerverzinkt, 60 × 100 mm
300 m	Kabelrinnendeckel
30 m	Steigleiter / Kabelleiter
300 m	Elektroinstallationsrohr, erdverlegt
ca. 640 m	Überfahrbares Seilsicherungssystem auf Dachflächen
1 psch.	Anmeldung der PV-Anlage beim Netzversorger
1 psch.	Werks- und Montageplanung
1 psch.	Prüfung, Messung und Abnahme der PV-Anlage
1 psch.	Parametrierung, Programmierung und Inbetriebnahme
1 psch.	Bestandsdokumentation und Nutzereinweisung"
a9cb14a8-596e-478a-a3e9-d94670549370,01,LOT-0000,LOT-0000,works,,Generalsanierung Schule im Taubertal - Vergabe Elektrotechnische Anlagen,1290622.25,EUR,"1 St.	Zählerschrank, Standschrank mit 4 Zählerplätzen
1 St.	Gebäudehauptverteilung einschließlich Mess- und Schutztechnik
1 St.	Haupt-Unterverteilung als Standverteiler
6 St.	Unterverteilungen als Standverteiler
1 St.	Unterverteilung als Wandeinbauverteiler
9 St.	Hauptsammelschienensysteme, 250 A
ca. 5.000 m	Installationsleitungen NHXMH-J 5 × 1,5 mm²
ca. 2.000 m	Installationsleitungen NHXMH-J 5 × 2,5 mm²
ca. 600 m	Installationsleitungen NHXMH-J 5 × 16 mm²
ca. 5.900 m	Installationskabel J-H(St)H 2 × 2 × 0,8
ca. 1.600 m	Installationskabel J-H(St)H 4 × 2 × 0,8
ca. 1.600 m	Installationskabel J-H(St)H 6 × 2 × 0,8
ca. 1.200 m	Installationskabel J-H(St)H 8 × 2 × 0,8
ca. 800 m	Installationskabel J-H(St)H 10 × 2 × 0,8
ca. 6.800 m	KNX-Busleitung YCYM 2 × 2 × 0,8
1 St.	KNX-Programmierung, Visualisierung und Inbetriebnahme
111 St.	KNX-Präsenzmelder
66 St.	KNX-Taster, 1- bis 4-fach
2 St.	KNX-Touchpanels
552 St.	Schutzkontaktsteckdosen, einfach
36 St.	Schutzkontaktsteckdosen, zweifach
261 St.	LED-Einbaudownlights Ø 215 mm
5 St.	Mastleuchten mit Notleuchten-Versorgungsgerät
ca. 2.100 m	Installationsleitungen für Beleuchtung NHXMH-J 3 × 1,5 mm²
ca. 430 m	E30-Installationsleitungen für Sicherheitsbeleuchtung
2 St.	Hauptpotentialausgleichsschienen
8 St.	Potentialausgleichsschienen
ca. 580 m	Potentialausgleichsleitungen N2XH-J 1 × 6 bis 25 mm²
1 St.	Brandmeldeanlage einschließlich Zentrale, Melder, Leitungsnetz und Aufschaltung
1 Anlage	Elektroakustische Anlage einschließlich Lautsprecher- und Steuerungstechnik
2 St.	Datenverteiler, 19 Zoll, 42 HE
1 St.	Datenverteiler, 19 Zoll, 18 HE
ca. 8.550 m	Datenkabel Kategorie 7A
97 St.	Datenanschlussdosen, 2-Port Kategorie 6A
90 St.	Kupfer-Permanent-Link-Messungen
20 St.	LWL-OTDR-Messungen
5 St.	Lichtmasten für Außenanlagen
1 Anlage	Baustromversorgung und Baubeleuchtung
1 Anlage	Revisionsunterlagen, Prüfungen, Messungen und Inbetriebnahmen"
44c726f4-e15d-43d3-84a5-0ceb2ecbff2a,01,LOT-0000,LOT-0000,works,,Generalsanierung Schule im Taubertal - Vergabe Fenster- und Sonnenschutzarbeiten,,,"Fenster- und Fenstertüren Kunststoffkonstruktion gesamt ca. 680m²
einschl. Fensterbänken Innen (Holzwerkstoff) ca. 150m und Außen (Aluminium) ca. 220m 
Sonnenschutz: ca. 420m² 
Sonnenschutzverglasung: ca. 63m²"
24f04cdc-1d87-4457-9ca5-1dfd450fe67b,01,LOT-0001,02226c63-00f2-41ac-8dc0-8bd2b514e8a6,works,,"Am Pferdemarkt 23-26, Neubau SÖR Betriebszentrale, Rohbauarbeiten im Außenbereich",,,"Mengenangaben in der Übersicht + / - 15 %

Hinweis: Die genauen Mengenangaben sind den Leistungstexten zu entnehmen!

1. Waschplatz mit 4 Waschstraßen: Größe ca. 450 m2

- Deckschicht aus Plattenbelag mit Fugenabdichtung ca. 400 m2
- Trennwände aus Betonwänden mit Stahlspritzschutz ca. 115 m

2. Absetzcontaineranlage mit 15 Mulden: Größe ca. 165 m2

- 15 Absetzmulden aus Beton 
- fünfteilige Stahl Überdachung der Absetzcontainer 

3. Fundamente Siloanlagen ca. 120 m2
"
4a448abd-7f1f-4052-987f-f9aea3df2fb9,01,LOT-0001,StBo_ZVS2_2026_0103_OV_ZD,works,,"Trockenbauarbeiten, Junggesellenstr. 8, Sanierung Verwaltungsgebäude",,,"Demontage von Trockenbausystemen. Herstellen und ergänzen von Ständerwerkswänden, Abhangdecken, Fensterleibungen und Brandschutzverkleidungen in den Verwaltungsgebäuden Junngesellenstr. 6-8 sowie Sudhaus. Einschließlich beiarbeiten bestehender Substanz."
d62756f0-2007-4111-b118-e5f44c943b18,01,LOT-0001,ARC_3802 -Stahlarbeiten Übungsturm,works,,Neubau Feuerwehrhaus Möglingen - ARC_3802 -Stahlarbeiten Übungsturm,,,"Stahlbauarbeiten für den Übungsturm des neuen Feuerwehrgebäudes 
sowie die zum Gewerk gehörenden Arbeiten und Leistungen.

1 Stahltreppenturm als Feuerwehrübungsturm 
(b x l x h) ca.  3,90m x 6,13 m x 13,75 m
8 Treppenläufe / 50 Gitterroststufen ges. 
4 Zwischenpodeste ca. 1,20 m x 3,90 m 
4 Podeste ca. 1,50 m x 3,90 m
ca. 13 to Stahlprofile gesamt.
ca. 59 m² Treppengeländer
incl. statischer Berechnung
"
bb722a54-0ab3-4fed-ab47-3f00b6ada783,01,LOT-0001,0001,works,,Neubau Feuerwehrgerätehaus Mitte - Elektroarbeiten,,,"Gebäudedaten
Gebäudehöhe: ca. 7,50 m über OKFF
Geschosse: 2 Geschosse, wobei das Untergeschoss teileingegraben ist
Brutto-Grundfläche: ca. 2.165 m²
Brutto-Rauminhalt: ca. 8.735 m³
Abmessungen: ca. 45,30 m x 31,20 m

Bauwerk und Konstruktion
Unterbau / Gründung
Baufeld: Vormals landwirtschaftliche Fläche mit Abgrabungen und Mieten nach
archäologischen Untersuchungen
Baugrund: siehe Bodengutachten
Gründung: Plattengründung mit zum Teil Einzelfundamenten und Frostschürzen
Sohle: Stahlbeton-Bodenplatte 30 cm

Tragwerk / Konstruktion
Tragkonstruktion: Massivbauweise aus Stahlbeton- und Mauerwerkswänden mit Stahlbetondecken,
Dach der Fahrzeughalle als Holzkonstruktion

Raumbildende Bauteile
Außenwände: Stahlbeton- und Mauerwerkswände mit Wärmedämmung und
Holzbekleidung
Innenwände: Stahlbeton-, Mauerwerks- und Trockenbauwände
Decken: Stahlbetondecke
Dach: UG-Dach der Nutzräume als wärmegedämmte, z.T. begrünte und z.T.
begehbare Stahlbetondecke, EG-Dach der Nutzräume als wärmegedämmte,
begrünte Stahlbetondecke, Dach der Fahrzeughalle in Holzbauweise,
wärmegedämmte mit PV-Anlage

Komplettierung
Fenster: Isolierverglasung, wärmegedämmte Aluminiumprofile
Türen: Stahl-, Aluminium- und Vollspantüren, teilweise mit Brandschutzanforderungen
Decken: Sichtbetondecken mit z.T. abgehängten GK-Decken, Fahrzeughalle mit Holzdecke
Boden: schwimmender Estrich, Fahrzeughalle mit Rüttelboden

Finish
Außenflächen: Fassadenbekleidung mit Thermoholzlamellen, Sockelbereiche als WDVS
Innenflächen: Putz gestrichen
Fußböden: Aufenthaltsbereiche mit Linoleum, sonstige Nutzbereiche mit
Fliesenbelag, Fahrzeughalle mit Rüttelboden

Haustechnik
Heizung: Wärmeversorgung über ein Luft-Wasser-Wärmepumpe,
Fahrzeughalle mit Deckenstrahlplatten, Nutzräume mit Fußbodenheizung
Lüftung: Zu- und Abluft mittels Zentralgerät für verschiedene Nutzräume, Fahrzeughalle
mit passiver Lüftung und Abgasabsaugung, Waschhalle mit Abluftführung
Kühlung: Einsatz- und Besprechungsräume mit Umluftkühlung
Sanitär: WC-Anlagen, Waschräume, Waschhalle
Elektro: Niederspannung, Netzspannung 400V, Beleuchtung

Technische Einrichtungen
Elektro: Hausanschluss, Kompr., NSHV-Raum, Sicherheitsbeleuchtung, BMA
Aufzug: seilbetriebener Personenaufzug

Bezugshöhen
Erdgeschoss OKFFB: ±0,00 m entspricht +122,22 m NHN
Baugrundstück
Störfälle und Unfälle sind unverzüglich anzuzeigen, damit sofort die entsprechenden Maßnahmen eingeleitet werden können, um den Schaden einzugrenzen.
Der AN haftet für jeden in dieser Beziehung schuldhaft verursachten Schaden.
Dem Bieter wird empfohlen, sich vor Angebotsabgabe und Auftragsannahme über die örtlichen Gegebenheiten zu informieren, um spätere Unstimmigkeiten und Nachforderungen aufgrund unzureichender Informationen auszuschließen."
5f734b5e-89a1-4d03-87e5-eb2f15ad7a35,01,LOT-0001,0001,works,,Maler-und Lackierarbeiten,,,"Im Rahmen der Sanierung der Stadthalle Braunschweig werden Maler- und Lackierarbeiten vergeben. Die zu vergebenden Leistungen umfassen neben übergeordneten Leistungen (Baustelleneinrichtung, Dokumentation, Bemusterung) und Schutzmaßnahmen vor allem: Entschichtung/Vorbereitung vorhandener Anstriche, Beschichtung von Decken und Wänden (innen/außen, u. a. Sichtbeton, Gipskarton, Putz) sowie speziell die denkmalgerechte Anschleifung und Beschichtung der Decken im Großen und Kleinen Saal.
Besondere Anforderungen ergeben sich aus dem Denkmalschutz.
Wegen der Einzelheiten wird auf das Leistungsverzeichnis und die übrigen Vergabeunterlagen verwiesen."
719c0678-a8c7-4e34-9073-1ea5837a8f61,01,LOT-0000,LOT-0000,works,,00 PH 2023-01/D.08 Lufttechnische Anlagen,,,"Installation von Lufttechnischen Anlagen für den Neubau eines gerontopsychiatrischen Pflegeheims am Standort des Klinikums Nordschwarzwald in Calw-Hirsau.
Dafür werden ungefähr benötigt:
1 Außenaufgestelltes Lüftungsgerät RLT Gerät mit Wärmerückgewinnung
ca. 1000m2 verzinkte Stahlblechkanäle
ca. 400m verzinktes Wickelfalzrohr
ca. 200 Schalldämpfer
ca. 50 Brandschutzklappen
ca. 60 Volumenstromregler
4 Split Klimageräte für Serverraum-Kühlung"
cb4cb836-775d-4166-864b-3717c808efc8,01,LOT-0001,0001,works,,"""Zentrum für seelische Gesundheit (ZfsG)"" am Klinikum Nürnberg, Elektroarbeiten",,,"Elektroarbeiten zur Stromversorgung sowie zur strukturellen Anbindung des Zentrums für seelische Gesundheit an den vorhandenen Gegebenheiten des Klinikums Nürnberg, Campus Nord: 2 Stück Gebäudehauptverteiler; 2 Stück unterbrechungsfreie Stromversorgungen mit je 120 kVA; ca. 539.000m Energiekabel und Leitungen verschiedener Querschnitte; ca. 160.000m Fernmeldekabel und Leitungen verschiedener Aderzahlen/Querschnitte; ca. 209.600m EDV-Kabel Kupfer/LWL; ca. 7.900m Kabeltrassen verschiedener Größen; 54 Stück Stromkreisverteiler als Standschränke; 35 Stromkreisverteiler als Kleinverteiler; ca. 7.800 Stück Installationsgeräte; KNX-Bussystem mit ca. 750 Teilnehmer; ca. 4.500 Innenleuchten; ca. 60 Außenleuchten; Rufanlage mit ca. 2.250 Komponenten; elektroakustische Anlagen mit ca. 380 Lautsprecher."
f44ac8af-3eef-4a35-9414-dfa76e528ad8,01,LOT-0000,LOT-0000,works,,A10 Ersatzneubau BW57 Brücken- und Straßenbau beide RF,,,"A10 Ersatzneubau BW57 Brücken- und Straßenbau beide RF
ca. 1 Psch Ausführungsplanung und Bestandsunterlagen 
ca. 650 m SE aus Stahl ab- und aufbauen FRS Mittelstreifenüberfahrten DDSP 
ca. 235 m SE aus Stahl abbauen FRS im Mittelstreifen EDSP. 
ca. 52 m SE aus Stahl abbauen FRS im Mittelstreifen EDSP in Asphalt. 
ca. 18 m SE aus Stahl abbauen FRS im Mittelstreifen EDSP auf BW. 
ca. 285 m SE im Mittelstreifen herstellen 
ca. 36 m SE im Mittelstreifen auf BW herstellen 
ca. 490 m SE am äußeren Fahrbahnrand 
ca. 85 m SE auf BW am äußeren Fahrbahnrand"
fab52f0b-58ae-47ed-bbbc-1d3829b47040,01,LOT-0000,LOT-0000,works,,Sanierung Hermann-Greiner-Realschule 5. BA - Aluminiumfensterbau ,,,"Baustelleneinrichtung, Planung Fenster - und Pfosten - Riegel - Elemente,  Festverglasungs- Element 835/2.140mm, 4 x DK - Element 760/760mm, 5 x DK - Element 1.485/1.930mm, Fensterelement, 2 x DK - Element, 4 x Festverglasung, 1 x Türelement 1.135/2.445mm, 2 x Türelement 1.510/2.140mm, 1 x Türelement 2.210/2.060mm, 1 x Hebe- Schiebe- Türelement 5.300/2.200mm"
b34d0781-ea79-41ab-9907-370f83e79047,01,LOT-0001,47bccfe1-b98c-49a8-a757-712a333feb88,works,,Genslerstraße 33 - Brandschutzputz,476000.00,EUR,"SBH | Schulbau Hamburg hat als Landesbetrieb der Freien und Hansestadt Hamburg (nachstehend SBH genannt) die Aufgabe, die Schulimmobilien unter Berücksichtigung der schulischen Belange nach wirtschaftlichen Grundsätzen zu planen, zu bauen, zu unterhalten und zu bewirtschaften und die mehr als 400 Schulen an die Behörde für Schule und Berufsbildung (BSB) zu vermieten.  
---------------
Für die Grundschule Genslerstraße wurde ein denkmalgerechtes Sanierungskonzept entwickelt, das neben der Mängel- und Schadstoffbeseitigung zum Ziel hat, das Objekt nachhaltig, wirtschaftlich und zukunftsorientiert zu betreiben. Kern der Maßnahme ist die Sanierung nach bauphysikalischen Gesichtspunkten unter denkmalpflegerischen Aspekten, hier mit Hauptaugenmerk auf der Sanierung des Daches. Zusätzlich wird eine Außentreppe zur Verbesserung der Flucht- und Rettungswege errichtet. In den Innenräumen werden Umbaumaßnahmen vorgenommen und die abgehängten 
Decken und Bodenbeläge erneuert. Aufgrund einer umfangreichen Bestandsdeckensanierung ist die Ertüchtigung der Betonrippendecke mit einem Brandschutzputz notwendig.
---------------
Hier: Brandschutzputz
---------------
Großflächiger Auftrag von Brandschutzputz auf die Unterseite der Bestandsbetonrippendecken. Zu erreichende Qualität der Deckenkonstruktion = F90"
ff2ff8ed-94f5-47d4-9a40-d6363f5f5c5e,01,LOT-0000,LOT-0000,works,,"Universität Leipzig, Leuschnerplatz, Global Hub, Forschungsneubau",,,"•	5.414m² Grundierung und Spachtel auf Zement-Estrich
•	3.313m² Belag aus Linoleum
•	6m Bodenbelag Linoleum auf Schrägrampe
•	2.102m² Bodenbelag aus Nadelvlies aus Polyamid
•	Zubehörteile, wie 
o	Schienen
o	Absperrungen
o	Einarbeitung und Belegung Klappen Elektranten
o	Verfugungen
o	Schutzmaßnahmen
o	Einpflege
•	Dokumentation"
3ee3ffd5-8ec5-4510-b21e-a9c074591fec,01,LOT-0000,LOT-0000,works,,Generalsanierung Schule im Taubertal - Vergabe Holzbauarbeiten,,,"div. Holzrahmenbauwände 
Außenwand: ca. 35m² 
Innenwände (jeglicher Art u.a. F30 und Schallschutzanforderungen) Gesamt: ca. 55m²  
Brettsperrholzdecken von 120-260mm Stärke F30 ca. 120m²
Holzbalkendecke Dach ca. 42m²
Großer Anteil Stahlbauteile für die Einbauten der Holzdecken und dergl."
a5670d06-f5c1-44a2-b02e-d00fe844880e,01,LOT-0000,BSZF_34440,works,,Fassadenarbeiten,,,"'- 9.100 m2 Vorgehängte Fertigteilfassade in Holzbauweise mit Holz-PR-Fensterkonstruktionen und außenliegender Holzschalung
- 1.500 m2 Holz-PR-Fassadenkonstruktionen mit Verglasungen, geschosshoch
- 100 m2 Aluminium-PR-Fassadenkonstruktionen mit Verglasungen vor Stahlbetonwänden
- 290 m2 Stahl-PR-Fassadenkonstruktionen mit Verglasungen, geschosshoch, Feuerwiderstandsklasse F90
- 31 Stk. Aluminium-Außentüren sowie 3 Stk. Falttoranlagen und 2 Stk. Karusselltüren
- 2.000 m2 GK-Vorsatzschalen an den Innenseiten der Fassaden, teilweise mit Holzverkleidung, Trennwand- und Brandschutztechnischen Anschlüsse
- 270 m2 Vorgehängte Aluminiumkassettenfassade im Untergeschoss (Treppenausgänge)
- 1.700 lfm Fluchtbalkone in Stahlbauweise mit Kragarmen, Gitterrostbelägen, Stahlblechgeländern sowie Holzblenden und Ballfangnetzen
- 2 Stk (16 lfm) Brückenkonstruktion in Stahlbauweise
- 700 lfm Stahlblechgeländer als Absturzsicherung an den Dachrändern
- 1.700 lfm Sonnenschutzarbeiten (Außenjalousien)
- 100 m2 WDVS-Arbeiten an Außenschächten
- 1.400 m2 Alu-Lamellen abgehängte Decke im Außenbereich inkl. Unterkonstruktion und Bekleidung
- Reinigungs- und Wartungsarbeiten"
e4d3e324-99ba-4975-82a6-24cd59e5aec6,01,LOT-0000,LOT-0000,works,,"Neubau Kindertagesstätte im Stadtgebiet Sandersdorf-Brehna, OT Roitzsch - Los 19a mobile Trennwand",,,"Lieferung und Montage einer mobilen Trennwandanlage für den Mehrzweckraum des Neubaus der Kindertagesstätte in Sandersdorf-Brehna, OT Roitzsch.

Mobile Trennwandanlage, Länge ca. 6.480 mm, Höhe ca. 2.870 mm, bestehend aus 5 Elementen (3 Normalelemente, 1 Element mit Schlupftür und 1 Teleskopelement) sowie Wandanpressleiste und Wandanschlussleiste.

Die Trennwandanlage muss einschließlich der Schlupftür ein bewertetes Schalldämm-Maß von Rw ≥ 51 dB erreichen. Der Schallschutz ist durch ein entsprechendes Prüfzeugnis für die angebotene Anlage einschließlich Schlupftür nachzuweisen.

Zum Leistungsumfang gehören insbesondere Werkplanung, Aufmaß, Fertigung, Lieferung und Montage sowie die jährliche Wartung über einen Zeitraum von fünf Jahren. Die weiteren technischen und funktionalen Anforderungen ergeben sich aus den Vergabeunterlagen."
7576de88-72a4-4142-9bc0-0348aef4d44f,01,LOT-0001,148a99b8-2806-4640-b7bf-a76335b7690d,works,,"Zeppelinstraße, Lernort Zeppelinfeld - 1_1_501 Straßenbau Verkehrsflächen - Teil 1",,,"Die Maßnahme umfasst die bauliche Instandsetzung und die Einrichtung einer Ausstellung in der Zeppelintribüne (Länge ca. 360m) und auf dem Zeppelinfeld (Maße ca. 360m x 360m) sowie den Um- und Ausbau des ehemaligen Bahnhofs Dutzendteich zum Informationspunkt mit Ticketverkauf.
Das Areal und die baulichen Anlagen stammen aus den 1930er Jahren, sind Bestandteil des ehemaligen Reichsparteitagsgeländes und stehen unter Denkmalschutz.
Die Maßnahme umfasst mehrere Bauabschnitte, geplante Fertigstellung ist im Jahr 2030.
Hier unter anderem:
Erdarbeiten, Straßenentwässerung, Kabelkanäle, Ungebundene Schichten des Oberbaus, Asphaltschichten, Pflasterdecken, Platten, Einbauten, Straßenausstattung, Vegetationsarbeiten"
c454fa91-86f5-4f3c-9109-a3bc53e13198,01,LOT-0000,LOT-0000,works,,"HTWK Leipzig, Geutebrück Bau, Generalsanierung, Funktionsneuordnung",,,"Rückbau- und Entsorgungsarbeiten

- 1.350 m²	Flachdach, Kunststoffbahn, Wärmedämmung, Dampfsperre
- 50 m² 	Betonsteinplatten der Dachterrasse
- 2.000 m 	Verblechungen, Fallleitungen, Dachrinnen
- 2 St 	Dachflächenfenster
- 750 m²	Kalkzementputz, Decken 
- 360 m²	Sanierputz 

Dachdeckerarbeiten

- 1.350 m²	Flachdachaufbau: EPDM-Dachbahn, Wärmedämmung, Dampfsperre
- 2 St	Dachflächenfenster mit Rauchabzug
- 2 St	Aufzugsschachtentrauchung
- 160 m	Kettenpfosten mit Stahlseil

Klempnerarbeiten

- 1.750 m²	Verblechungen, Fallleitungen, Dachrinnen"
3fdeb952-ef6e-40e5-a887-a7e2b7cf662f,01,LOT-0001,2026-03-46-00,works,,Samtgemeinde Lüchow (Wendland) - Neubau Grundschule in Wustrow - Los 20 Estricharbeiten,,,ca. 2600 m2 Heizestrich
2a55e205-4e71-40a0-ac8c-75e8bb465205,01,LOT-0001,III.DL-216-26_EU,works,,"Gebäude 38.2, Neubau Orthopädie-OP,Erd-, Verbau-, Infrastruktur- und Rohbau-, Dachabdichtungsarbeiten",,,"Kurze Beschreibung Projekt: Neubau Orthopädie Hier: Erd-, Verbau-, Infrastruktur- und Rohbauarbeiten, Dachabdichtungsarbeiten mit ext. Begrünung  Dieses Bauprojekt besteht aus mehreren Losen, die jeweils in voneinander getrennten Fachlosen vergeben werden sollen. Der geschätzte Gesamtauftragswert des Gesamtprojekts überschreitet den zum Zeitpunkt der Veröffentlichung der Auftragsbekanntmachung geltenden EU-Schwellenwert. Der gegenständliche Bauauftrag stellt ein Fachlos des Gesamtprojekts dar und ist gemäß § 3 Abs. 7 VgV europaweit im Offenen Verfahren auszuschreiben. Es wird darauf hingewiesen, dass neben diesem offenen Verfahren weitere nationale und europaweite Vergabeverfahren durchgeführt werden. Geplante europaweite Ausschreibung: - Baufeldfreimachung - Erd-, Rohbau- und Dachabdichtungsarbeiten - Raumlufttechnische- und Kälteanlagen - Sanitär- und Wärmeversorgungsanlagen - Mess-, Steuerungs- und Regelungstechnik - Starkstrom-, Kommunikations-, Sicherheits- und Informationstechnische Anlagen - Metallbauarbeiten - Trockenbauarbeiten und Wandbeläge - Medizintechnik - Fassadenarbeiten  Geplante nationale Verfahren: - Rodung - vorlaufende Maßnahme - Hausanschluss - Aufzugsanlagen - Bauzaun - Blitzschutz- und Erdungsanlagen - Bauschild - Medizinische Gase - Rohrpostsystem - Gerüstbau - Brandmeldeanlagen - Bodenaufbauten - PV-Anlage - Verkehrsumleitung - vorlaufende Maßnahme - Schreinerarbeiten - Schließanlage - Beschilderung - Freianlagen - Baureinigung - lose Möblierung"
97342522-2e60-41ee-b63e-7fd68f818a0c,01,LOT-0001,2026-0552-JB,works,,Baufeldfreimachung - Neubau Psychiatrie,,,"Das Leistungsverzeichnis umfasst die auszuführenden Tiefbauleistungen im Zuge der
Baufeldfreimachung für den Neubau Psychiatrie sowie die Herstellung sämtlicher erforderlicher
Ver- und Entsorgungsleitungen."
75a604da-489d-4c11-8fa6-c21c913fafa8,01,LOT-0001,41/2026,works,,Access - Elektro,,,"Das Gebäude besteht aus einem vieretagigen Kopfbau mit Büro- und Laborflächen als Betonbaukörper und einer Grundfläche von etwa 1.000m² (Bauteile A und B).  An diesen Baukörper schließt sich eine zweigeteilte Stahlbauhalle mit einer Sandwichfassade an. Davon ist der eine Teil etwa 2.000m² groß und hat eine lichte Höhe von ca. 10,5m (Bauteil C). Hier sind verschiedene Produktionsanlagen aufgestellt.  Der andere Teil mit einer lichten Höhe von etwa 5,7m ist deutlich niedriger und verfügt über eine Fläche von etwa 2.500m² (Bauteil D). Hier sind kleinteilige Funktionsbereiche Werkstatt, QS und für Herstellungsprozesse untergebracht.  Die Erschließung mit Trinkwasser soll bereits über einen Graben bis an den Übergabepunkt in der Sanitärzentrale erfolgt sein. Die elektrische Versorgung erfolgt aus dem Mittelspannungsnetz zu einer Schaltanlage auf dem südlichen Teil des Grundstücks. von dort werden die Trafos an der westlichen Hallenseite versorgt. Die NSHV ist im Bereich der hohen Halle positioniert, von wo die Versorgungsbereiche erschlossen werden. Die Anlagentechnik für Photovoltaik befindet sich auf den Dachflächen.  Die Wärme- und Kälteversorgung des Gebäudes erfolgt vollständig über elektrische Erzeuger, die auf der Dachfläche des Bauteils D verortet sind. Die Heizungs- und Kältezentrale liegt im nördlichen Teil der hohen Halle. Von hier erfolgt die Verteilung sowohl für die Prozessanlagen als auch für die Gebäudetechnik.  Die Lüftungsanlagen stehen auf den Dachflächen der zu versorgenden Bereiche (Bauteile A, B und D). Das Bauteil C wird größtenteils nicht belüftet."
48badf3d-488b-4187-a932-53f825f535a7,01,LOT-0000,26-065331,works,,Heizung Kaelte Sanitaer,,,"Heizungs-, Kälte- und Sanitärinstallationsarbeiten sowie Demontagearbeiten in einem Towergebäude eines militärisch genutzten Flugplatzes. 
ca. 650 lfdm Demontage von Stahlrohrleitungen mit Dämmung
ca. 25 St. Demontage von Sanitärgenständen
ca. 1.300 lfdm Edelstahlrohrleitungen mit Pressverbindungen DN 12 - DN 65 
ca. 15 St. Sanitärgegnstände
ca. 5 St. Stahl-Heizkörper
1 St. Trinkwasser-Druckerhöhungsanlage
ca. 15 St. Umluft Heiz-/Kühlgeräte"
655042ea-1acb-49b4-af80-c050e20f7f66,01,LOT-0001,0001,works,,Neubau kbo-Inn-Salzach-Klinikum - Errichtung Pflegegebäude BT C + D-107_3-4301 Lüftung BT C+D,,,"Bauteil C						
3 St. Lüftungsgerät als Teilklimaanlage bis 23.600 m3/h zur Innenaufstellung			
2 St. Rohrventilator bis 160 m3/h zur Innenaufstellung			
2 St. Rohrventilator bis 600 m3/h zur Außenaufstellung			
4.700 m2 Luftkanäle mit Formstücken			
3.200 m Luftleitungen			
5.400 St. Formteile für Luftleitungen			
630 St. Luftauslässe			
205 St. Brandschutzklappen			
650 St. Schalldämpfer			
560 St. Konstante Volumenstromregler			
170 St. Kaltrauchsperren			
2 St. Lamellentürme			
Bauteil D						
2 St. Lüftungsgerät als Teilklimaanlage bis 23.600 m3/h zur Innenaufstellung			
2 St. Rohrventilator bis 160 m3/h zur Innenaufstellung			
2 St. Rohrventilator bis 600 m3/h zur Außenaufstellung			
3.500 m2 Luftkanäle mit Formstücken			
2.600 m Luftleitungen			
4.100 St. Formteile für Luftleitungen			
510 St. Luftauslässe			
180 St. Brandschutzklappen			
500 St. Schalldämpfer			
420 St. Konstante Volumenstromregler			
170 St. Kaltrauchsperren			
2 St. Lamellentürme"
c0fea23b-3299-4f7d-81f9-bd0dbeff808f,01,LOT-0000,LOT-0000,works,,"Neubau 4-zgige Grundschule als Komplettleistung Karlsruher Straße / Mannheimer Straße 35, Funktionalausschreibung",,,"Gegenstand der Ausschreibung ist die Realisierung des Bauvorhabens ""Neubau barrierefreie 4-zügige Grundschule mit Hort und einer 2-Feld-Sporthalle (Option)"". Der Standort liegt in 04209 Leipzig (Grünau), Karlsruher Str./Mannheimer Str., auf den Flurstücken 1496, 1490/2, 1756, 1755.

Das Gebäude ist als Sonderbau, Gebäudeklasse 5 einzustufen. Das Bauwerk ist überwiegend 3-geschossig (EG + 2 OG) mit Teilunterkellerung, einer Gebäudehöhe von ca. 13 m über Gelände und Flachdach (mind. 2 % Gefälle). Bezugshöhe ist 120,90 m NN = OKFF Erdgeschoss für Schule und Sporthalle (Option).

Wesentliche Kennwerte:
BGF: ca. 8.300 m² (Schule) / ca. 2.500 m² (Sporthalle)
BRI: ca. 32.200 m³ (Schule) / ca. 17.400 m³ (Sporthalle)
Kapazität: 448 Schüler, ausgelegt für bis zu 538 Schüler (inkl. 20 % Überbelegung)

Die Vergabe erfolgt als Pauschalpreisvertrag mit Planungsleistungen mit dem Ziel einer vollständigen, funktionsfähigen Gesamtleistung inklusive Koordination aller erforderlichen Gewerke, Schnittstellen und Nachweise. Die konkreten Anforderungen und Qualitäten ergeben sich aus den Vergabeunterlagen."
ef80485e-9b72-4f69-8fac-b1ca556c920b,01,LOT-0001,2026 803 028,works,,Kampfmittelerkundung und -räumung am Süddamm auf Helgoland,,,"Gegenstand dieser Vergabe ist eine zusammenhängende Bauleistung aus Kampfmittelerkundung, Kampfmittelräumung, flächenhafter Volumenräumung zur Hafensohlenanpassung im Bereich des Süddammes auf der Insel Helgoland. Die Leistungen sind technisch und organisatorisch so auszuführen, dass Erkundung, Abtrag mit Separation, Umlagerung, Kontrollpeilung, Dokumentation und Freigabe in einem durchgängigen Arbeitsprozess ineinandergreifen.
Die theoretische Ausgangshöhe der zu bearbeitenden Hafensohle beträgt NHN -8,53 m. Nach den vorliegenden Fächerlotdaten betragen die Bearbeitungsflächen ca. 24.160 m2 für den Bereich mit Endhöhe NHN -9,30 m (Liegeplatz) und ca. 4.400 m2 für den Bereich mit Endhöhe NHN -9,00 m (Manövrierbereich). Das gelöste und kampfmitteltechnisch freigegebene Boden- und Felsmaterial soll grundsätzlich im Gewässer verbleiben und innerhalb der vorgesehenen Bereiche im Vorhafen umgelagert werden. Kampfmittel, und kampfmittelverdächtige Gegenstände (Schrott, grobe Störkörper) und sonstige aussonderungspflichtige Bestandteile werden getrennt erfasst und nach Maßgabe der zuständigen Stellen dementsprechend behandelt.
Die Vergabe ist erforderlich, um die für die Einführung der Mehrzweckschiffe erforderlichen Liege- und Manövrierbedingungen am Süddamm herzustellen, die kampfmitteltechnische Sicherheit der Eingriffsflächen sicherzustellen und die direkt darauf anschließenden Arbeiten zur Ertüchtigung des Süddammes termingerecht vorzubereiten."
2fef9971-9508-4941-98cb-7c449a31e82e,01,LOT-0000,LOT-0000,works,,Schließanlagen BT A+B (II),,,Schließanlage in vier Bauteilen
846aa4fb-948a-48cf-9b6f-0b9d5add1ffa,05,LOT-0000,A 2026/14,works,,"Grunderneuerung Linie 5 SK, Rückbau BW 07 Saaleflutbrücke bei Schkopau",,,"Die vorhandene 9-feldrige Spannbetonbrücke wurde ca. 1967 erbaut. Das Bauwerk muss auf- grund statisch-konstruktiver Mängel ersetzt werden.  Unterhalb des Bauwerkes zwischen Achse 7 und 8  befindet sich das Gewässer „Steinlache/Ger- wische“.  Gegenstand der vorliegenden Baubeschreibung sind die Bauleistungen zum Abbruch des beste- henden Bauwerkes. Es wird empfohlen, dass sich die Bieter über die örtliche Situation im Baubereich einen eigenen Überblick verschaffen.
Wesentliche Bestandteile der ausgeschriebenen Leistung sind:
•  Kampfmittelsondierungen
•  Herstellen der Baustraßen und Zuwegungen im Baufeld, Fallbett 
•  Herstellen Kranstandplätze sowie Standflächen nach Wahl des AN 
•  Abbruch des Bestandsbauwerkes

Bei der Ausführung der Bauleistung ist zu beachten, dass der Abbruch im Bereich des Gewässer ohne Beeinträchtigungen des Wasserabflusses auszuführen ist
(siehe bitte auch Datei C1 U_01_Baubeschreibung)"
ed9237f6-d2c2-4613-be5a-13617329b435,02,LOT-0001,0001,works,,Neubau kbo-Inn-Salzach-Klinikum - Errichtung Pflegegebäude BT C + D - 107_3-4101 Sanitär BT C+D,,,"Bauteil C						
1.950 m Abflussleitungen SML DN 50 - DN 200			
100 m Abflussleitungen PE-HD DN 50 - DN 100			
2 St. Fäkalienhaltige Doppelhebeanlage			
300 m Regenwasserleitungen Stahl verz. DN 70			
32 St. Regenwasserdacheinläufe			
50 St. Schmutzwasserdachdurchführungen			
6.000 m Edelstahlrohr DN 12 - DN 80			
150 St. Schrägsitzventile DN 12 - DN 80			
200 St. Unterputz-Absperrventile DN 12 - DN 20			
90 St. Zirkulationsregulierventile (statisch + thermisch)			
2 St. Enthärtungsanlagen			
40 St. WC-Anlage			
80 St. Waschtisch-Anlage			
5 St. Dusch-Anlage			
3 St. Urinal-Anlage			
3 St. Entspannungsbad			
10 St. Ausgussbecken-Anlage			
15 St. Küchen-Anlagen			
50 St. Wandarmaturen			
800 m Wärmedämmung (MiWo) in Vorwänden			
4 St. Trockene Feuerlöschleitung inkl. Entnahmestellen + Einspeisung			
1 St. WC-Container für eigenes Gewerk inkl. Unterhalt			
1 St. WC-Container für fremde Gewerke inkl. Unterhalt			
600 St. Brandschutzdurchführungen Trinkwasser DN 12 - DN 80			
480 St. Brandschutzdurchführungen Schmutzwasser DN 50 - DN 150			

Bauteil D						
1.650 m Abflussleitungen SML DN 50 - DN 200			
100 m Abflussleitungen PE-HD DN 50 - DN 100			
2 St. Fäkalienhaltige Doppelhebeanlage			
250 m Regenwasserleitungen Stahl verz. DN 70			
32 St. Regenwasserdacheinläufe			
45 St. Schmutzwasserdachdurchführungen			
4.700 m Edelstahlrohr DN 12 - DN 80			
140 St. Schrägsitzventile DN 12 - DN 80			
180 St. Unterputz-Absperrventile DN 12 - DN 20			
90 St. Zirkulationsregulierventile (statisch + thermisch)			
2 St. Enthärtungsanlagen			
27 St. WC-Anlage			
50 St. Waschtisch-Anlage			
5 St. Dusch-Anlage			
3 St. Urinal-Anlage			
3 St. Entspannungsbad			
10 St. Ausgussbecken-Anlage			
15 St. Küchen-Anlagen			
50 St. Wandarmaturen			
600 m Wärmedämmung (MiWo) in Vorwänden			
4 St. Trockene Feuerlöschleitung inkl. Entnahmestellen + Einspeisung			
1 St. WC-Container für eigenes Gewerk inkl. Unterhalt			
1 St. WC-Container für fremde Gewerke inkl. Unterhalt			
500 St. Brandschutzdurchführungen Trinkwasser DN 12 - DN 80			
400 St. Brandschutzdurchführungen Schmutzwasser DN 50 - DN 150"
9c08a1ab-83d4-49e8-a1d2-0cba0d37ceaa,01,LOT-0001,0001,works,,Neubau kbo-Inn-Salzach-Klinikum - Errichtung Pflegegebäude BT C + D-107_3-4201 Heizung+Kälte BT C+D,,,"Bauteil C						
Heizung						
4 St. Pufferspeicher 1500 l			
2 St. Frischwasserstation als 3er Kaskade			
2 St. Fernwärmeübergabestation			
2 St. Heizungsverteiler mit Flanschanschlüssen			
2 St. Druckhaltung mit Entgasung und Nachfüllarmatur			
16 St. Nassläuferumwälzpumpen			
4 St. Wärmemengenzähler			
ca. 5.700 m heizungsleitungen aus Kupfer bis DN 40			
ca. 900 m Heizungsleitungen aus Stahl, nahtlos geschweißt bis DN 125			
ca. 300 St. Röhrenradiatoren/Konvektoren			
ca. 110 m2 Deckenheizelemente			

Kälte						
2 St. Plattenwärmetauscher mit ca. 40 kW als Systemtrennung			
1 St. Kälteverteiler mit Flanschanschlüssen			
1 St. Vakuumsprührohrentgasung			
1 St. Membranausdehnungsgefäß 300 l			
6 St. Nassläuferumwälzpumpen			
2 St. Kältemengenzähler			
ca. 1.650 m Kälteleitungen aus Edelstahl bis DN 80			
ca. 420 m Kälteleitungen aus Stahl, nahtlos geschweißt bis DN 150			
20 St. Umluftgebläsekonvektoren			

Bauteil D						
Heizung						
4 St. Pufferspeicher 1500 l			
2 St. Frischwasserstation als 3er Kaskade			
2 St. Fernwärmeübergabestation			
2 St. Heizungsverteiler mit Flanschanschlüssen			
2 St. Druckhaltung mit Entgasung und Nachfüllarmatur			
11 St. Nassläuferumwälzpumpen			
4 St. Wärmemengenzähler			
ca. 4.800 m heizungsleitungen aus Kupfer bis DN 40			
ca. 800 m Heizungsleitungen aus Stahl, nahtlos geschweißt bis DN 125			
ca. 220 St. Röhrenradiatoren			
ca. 110 m2 Deckenheizelemente			

Kälte						
2 St. Plattenwärmetauscher mit ca. 40 kW als Systemtrennung			
1 St. Kälteverteiler mit Flanschanschlüssen			
1 St. Vakuumsprührohrentgasung			
1 St. Membranausdehnungsgefäß 300 l			
6 St. Nassläuferumwälzpumpen			
2 St. Kältemengenzähler			
ca. 1.650 m Kälteleitungen aus Edelstahl bis DN 80			
ca. 420 m Kälteleitungen aus Stahl, nahtlos geschweißt bis DN 150			
19 St. Umluftgebläsekonvektoren			

Bauteil F - Aufstellort = BT F / Kosten = BT C			
Kälte						
1 St. Ölfreier Turboflüssigkeitskühler 450 kW			
1 St. Luftgekühlter Trockenrückkühler 570 kW mit Glykol-Auffang- und Rückhaltesystem			
1 St. Membranausdehnungsgefäß 500 l			
1 St. Plattenwärmetauscher 250 kW für freie Kühlung			
8 St. Nassläuferumwälzpumpen			
ca. 160 m Kälteleitungen aus Stahl, nahtlos geschweißt bis DN 200"
f7488eee-a1ed-4f47-b78a-a9219f06abe3,1,LOT-0000,1663/2026,,,"Tischlerarbeiten nach DIN 18 355 - Innentüren, VE12 - 1663/2026",,,"Tischlerarbeiten nach DIN 18 355 - Innentüren, VE12
Tischlerarbeiten bestehend aus Holzinnentüren einschl. Verglasungen und Beschlagarbeiten, Teeküchen, Ausstattung
Gegenstand der Leistung für den Neubau eines Laborgebäudes:
- 2 St 2-flügelige Holz-Innentüren T30Rs mit elektromech. Feststellanlage und Teilpanikfunktion, Abmessungen (bxh) ca. 1,885 x 2,26 m
- 4 St. 1-flg Holz-InnentürenT30RS mit Panikfunktion, Abmessungen (bxh) ca. 1,135 x 2,260 m
- 55 St. 1-flg Holz-Innentüren z. Teil mit Brandschutz, Schallschutz,
- Abmessungen (bxh) ca. 1,010 - 1,135 x ca 2,135 - 2,260 m
- 3 Stück Teeküchen mit Ober- und Unterschränken, Einbaugeräten, inkl. ca. 12,00 lfm
- 26 Stk. Metallspinde, Abmessungen (bxh) je Spind ca. 0,60 x 0,80 x 2,20 m
- 1 Stk. Schweißvorhang mit Deckenabhangschiene, Abmessungen (bxh) ca. 7,05 x 3,05 m
Ausführungszeitraum:
Ausführungsbeginn (Start W+M-Planung): 11/2026
Ausführungsende: 06/2027
Die Vergabestelle weist darauf hin, dass zur Gewährleistung eines zügigen Verfahrens
nur rechtzeitig bei der Vergabestelle eingegangene Bieteranfragen beantwortet.
Fristende: 06.10.2026
ACHTUNG
Die Vergabeunterlagen können unentgeltlich, uneingeschränkt, vollständig und direkt
unter www.evergabe-online.de abgerufen werden. Es besteht keine Pflicht zur
Registrierung auf der Vergabeplattform. Über Änderungen der Vergabeunterlagen,
Nachsendungen,Bieterfragen, Antwortschreiben u.ä. werden Sie jedoch nur bei
vorheriger Registrierungautomatisch unterrichtet.
Andernfalls sind Sie verpflichtet, sich eigenständig die erforderlichen Informationen zu
verschaffen.
„Informationen zur Datenerhebung gemäß Artikel 13 Datenschutz-Grundverordnung
(DSGVO) sind den Vergabeunterlagen aus dem beiliegenden Informationsblatt zu
entnehmen“."
25826982,1,LOT-0000,,,,Neubau Behelfsbahnsteige mit Personenüberführung/VA Schwindegg,,,"Provisorischer Außenbahnsteig VST Thann-Matzbach
Errichten eines temporären Bahnsteigs mit einer Höhe von 55 cm über SO und einer Baulänge von 250 m sowie einer Bahnsteigbreite von 2,75 m in Modulbauweise. Neubau von zwei Wetterschutzanlagen und einer Personenüberführung mit einer lichten Weite von 16,5 m sowie Treppenaufgängen.

Neubau Behelfsbahnsteige mit Personenüberführung/VA Schwindegg"
25818322,2,LOT-0000,,,,Bau eines RKW-Nebenanschlussgleises mit Bahnannahmegebäude und zwei Lagersilos,,,"Los 3 - Stahlbau-, Dach- und Wandarbeiten

Bau eines RKW-Nebenanschlussgleises mit Bahnannahmegebäude und zwei Lagersilos"
25822876,1,LOT-0000,,,,Öffentliche Ausschreibung der Lieferung und Montage von Innentüren an der Schule Hiddinghausen für den Ennepe-Ruhr-Kreis,,,"Stahlbauarbeiten an der Schule Hiddinghausen für den Ennepe-Ruhr-Kreis

Öffentliche Ausschreibung der Lieferung und Montage von Innentüren an der Schule Hiddinghausen für den Ennepe-Ruhr-Kreis"
25822880,1,LOT-0000,,,,Energetische Sanierung Turnhalle GOBS Börgermoor,,,"Elektroarbeiten

Energetische Sanierung Turnhalle GOBS Börgermoor"
25822884,1,LOT-0000,,,,Rathauskomplex - Beleuchtungsumstellung auf LED Teil 1,,,"Elektroinstallationsarbeiten - Beleuchtungsumstellung auf LED

Rathauskomplex - Beleuchtungsumstellung auf LED Teil 1"
25822892,1,LOT-0000,,,,Gemeinde Laer - Neubau Umkleidegebäude - Fliesenlegerarbeiten,,,"Fliesenlegerarbeiten

Gemeinde Laer - Neubau Umkleidegebäude - Fliesenlegerarbeiten"
25822900,1,LOT-0000,,,,Energetische Sanierung Turnhalle GOBS Börgermoor,,,"Heizung/Lüftung/Sanitär

Energetische Sanierung Turnhalle GOBS Börgermoor"
25822904,1,LOT-0000,,,,"Asphaltarbeiten, Deckenüberzug Konrad-Adenauer-Ring, Kreuzung Moselstraße",,,"Asphaltarbeiten, Deckenüberzug Konrad-Adenauer-Ring, Kreuzung Moselstraße

Asphaltarbeiten, Deckenüberzug Konrad-Adenauer-Ring, Kreuzung Moselstraße"
25822908,1,LOT-0000,,,,Neubau Jugendzentrum in 76863 Herxheim; PV-Anlage,,,"PV-Anlage

Neubau Jugendzentrum in 76863 Herxheim; PV-Anlage"
25822912,1,LOT-0000,,,,"Tarmstedt, Gewerk 2 Brunnenstation für HB 6N",,,"Gewerk 2 Brunnenstation

Tarmstedt, Gewerk 2 Brunnenstation für HB 6N"
25822916,1,LOT-0000,,,,BA CatLab Photovoltaik,,,"Photovoltaikinstallation

BA CatLab Photovoltaik"
25822920,1,LOT-0000,,,,"Abbruch des Werkstattgebäudes mit Sozial-, Lager- und Büroräumen auf dem ZKW-Gelände",,,"Baufeldfreimachung inkl. Gebäudeschadstoffsanierung, Entkernung und Rückbau eines Werkstattgebäudes mit Sozial-, Lager- und Büroräumen

Abbruch des Werkstattgebäudes mit Sozial-, Lager- und Büroräumen auf dem ZKW-Gelände"
25822924,1,LOT-0000,,,,Sanierung und Anbau Festhalle Oberkirchen - Schwingboden Bühnenbereich,,,"Schwingboden Bühnenbereich

Sanierung und Anbau Festhalle Oberkirchen - Schwingboden Bühnenbereich"
25822928,1,LOT-0000,,,,Sanierung und Anbau Festhalle Oberkirchen - Brandschutzvorhänge,,,"Brandschutzvorhänge

Sanierung und Anbau Festhalle Oberkirchen - Brandschutzvorhänge"
25822932,1,LOT-0000,,,,Deutzer Brücke – Kabelzug Speisemaste und Masterneuerung,,,"Deutzer Brücke – Kabelzug Speisemaste und Masterneuerung

Deutzer Brücke – Kabelzug Speisemaste und Masterneuerung"
25822952,1,LOT-0000,,,,Gemeinde Löcknitz - Erneuerung der Laufbahn auf dem Sportplatz,,,"Erneuerung Laufbahn Sportplatz

Gemeinde Löcknitz - Erneuerung der Laufbahn auf dem Sportplatz"
25822956,1,LOT-0000,,,,"DLR Krummendeich, 21732 Krummendeich: Experimentalturbine - Kabelinfrastruktur (26-0280_B)",,,"Kabelinfrastruktur

DLR Krummendeich, 21732 Krummendeich: Experimentalturbine - Kabelinfrastruktur (26-0280_B)"
25822964,1,LOT-0000,,,,BV Beräumung ehem. RAW-Gelände Stadt Malchin,,,"Abriss- und Entsorgungsarbeiten

BV Beräumung ehem. RAW-Gelände Stadt Malchin"
25822852,1,LOT-0000,,,,Neubau Brunnen HB 6N - Wasserwerk Tarmstedt,,,"Brunnenbau

Neubau Brunnen HB 6N - Wasserwerk Tarmstedt"
25822856,1,LOT-0000,,,,Sanierung Zufahrt und Eingangsbereich Abfallentsorgungsanlage Höfer,,,"Sanierung Zufahrt und Eingangsbereich Abfallentsorgungsanlage Höfer

Sanierung Zufahrt und Eingangsbereich Abfallentsorgungsanlage Höfer"
25825368,1,LOT-0000,,,,Öffentliche Ausschreibung der Lieferung und Montage von Innentüren an der Schule Hiddinghausen für den Ennepe-Ruhr-Kreis,,,"Stahlbauarbeiten an der Schule Hiddinghausen für den Ennepe-Ruhr-Kreis

Öffentliche Ausschreibung der Lieferung und Montage von Innentüren an der Schule Hiddinghausen für den Ennepe-Ruhr-Kreis"
25825372,1,LOT-0000,,,,Energetische Sanierung Turnhalle GOBS Börgermoor,,,"Elektroarbeiten

Energetische Sanierung Turnhalle GOBS Börgermoor"
25825376,1,LOT-0000,,,,Rathauskomplex - Beleuchtungsumstellung auf LED Teil 1,,,"Elektroinstallationsarbeiten - Beleuchtungsumstellung auf LED

Rathauskomplex - Beleuchtungsumstellung auf LED Teil 1"
25825384,1,LOT-0000,,,,Gemeinde Laer - Neubau Umkleidegebäude - Fliesenlegerarbeiten,,,"Fliesenlegerarbeiten

Gemeinde Laer - Neubau Umkleidegebäude - Fliesenlegerarbeiten"
25825392,1,LOT-0000,,,,Energetische Sanierung Turnhalle GOBS Börgermoor,,,"Heizung/Lüftung/Sanitär

Energetische Sanierung Turnhalle GOBS Börgermoor"
25825396,1,LOT-0000,,,,"Asphaltarbeiten, Deckenüberzug Konrad-Adenauer-Ring, Kreuzung Moselstraße",,,"Asphaltarbeiten, Deckenüberzug Konrad-Adenauer-Ring, Kreuzung Moselstraße

Asphaltarbeiten, Deckenüberzug Konrad-Adenauer-Ring, Kreuzung Moselstraße"
25825400,1,LOT-0000,,,,"Tarmstedt, Gewerk 2 Brunnenstation für HB 6N",,,"Gewerk 2 Brunnenstation

Tarmstedt, Gewerk 2 Brunnenstation für HB 6N"
25825404,1,LOT-0000,,,,BA CatLab Photovoltaik,,,"Photovoltaikinstallation

BA CatLab Photovoltaik"
25825408,1,LOT-0000,,,,"Abbruch des Werkstattgebäudes mit Sozial-, Lager- und Büroräumen auf dem ZKW-Gelände",,,"Baufeldfreimachung inkl. Gebäudeschadstoffsanierung, Entkernung und Rückbau eines Werkstattgebäudes mit Sozial-, Lager- und Büroräumen

Abbruch des Werkstattgebäudes mit Sozial-, Lager- und Büroräumen auf dem ZKW-Gelände"
25825412,1,LOT-0000,,,,Sanierung und Anbau Festhalle Oberkirchen - Schwingboden Bühnenbereich,,,"Schwingboden Bühnenbereich

Sanierung und Anbau Festhalle Oberkirchen - Schwingboden Bühnenbereich"
25825416,1,LOT-0000,,,,Sanierung und Anbau Festhalle Oberkirchen - Brandschutzvorhänge,,,"Brandschutzvorhänge

Sanierung und Anbau Festhalle Oberkirchen - Brandschutzvorhänge"
25825420,1,LOT-0000,,,,Deutzer Brücke ? Kabelzug Speisemaste und Masterneuerung,,,"Deutzer Brücke ? Kabelzug Speisemaste und Masterneuerung

Deutzer Brücke ? Kabelzug Speisemaste und Masterneuerung"
25825432,1,LOT-0000,,,,"DLR Krummendeich, 21732 Krummendeich: Experimentalturbine - Kabelinfrastruktur (26-0280_B)",,,"Kabelinfrastruktur

DLR Krummendeich, 21732 Krummendeich: Experimentalturbine - Kabelinfrastruktur (26-0280_B)"
25825440,1,LOT-0000,,,,BV Beräumung ehem. RAW-Gelände Stadt Malchin,,,"Abriss- und Entsorgungsarbeiten

BV Beräumung ehem. RAW-Gelände Stadt Malchin"
25821438,2,LOT-0000,,,,Bau eines RKW-Nebenanschlussgleises mit Bahnannahmegebäude und zwei Lagersilos,,,"Los 3 - Stahlbau-, Dach- und Wandarbeiten

Bau eines RKW-Nebenanschlussgleises mit Bahnannahmegebäude und zwei Lagersilos"
25825348,1,LOT-0000,,,,Neubau Brunnen HB 6N - Wasserwerk Tarmstedt,,,"Brunnenbau

Neubau Brunnen HB 6N - Wasserwerk Tarmstedt"
25825352,1,LOT-0000,,,,Sanierung Zufahrt und Eingangsbereich Abfallentsorgungsanlage Höfer,,,"Sanierung Zufahrt und Eingangsbereich Abfallentsorgungsanlage Höfer

Sanierung Zufahrt und Eingangsbereich Abfallentsorgungsanlage Höfer"
25817140,2,LOT-0000,,,,Errichtung Feststeg und Schutzpfähle,,,"Errichtung einer Feststeganlage mit Haltepfählen und Einbringung von Schutzpfählen vor den Vorhangplatten

Errichtung Feststeg und Schutzpfähle"
25635804,1,LOT-0000,,,,Neubau Jugendzentrum in 76863 Herxheim; PV-Anlage,,,"PV-Anlage

Neubau Jugendzentrum in 76863 Herxheim; PV-Anlage"
25750966,2,LOT-0000,,,,Gemeinde Löcknitz - Erneuerung der Laufbahn auf dem Sportplatz,,,"Erneuerung Laufbahn Sportplatz

Gemeinde Löcknitz - Erneuerung der Laufbahn auf dem Sportplatz"
25744564,2,LOT-0000,,,,Rahmenvertrag 2026-2028 Gewerk: Zimmerarbeiten LB 634,,,Rahmenvertrag 2026-2028 Gewerk: Zimmerarbeiten LB 634
25723776,3,LOT-0000,,,,Bau LSW Neukieritzsch,,,"Bauleistungen zur Errichtung von drei Lärmschutzwänden (LSW 1?3) im Bereich Neukieritzsch an den Strecken 6362 und 6385 im Rahmen des Lärmsanierungsprogramms an bestehenden Schienenwegen des Bundes ? Vergabe in einem Gesamtlos.

Bau LSW Neukieritzsch"
25823454,1,LOT-0000,,,,"Baustelleneinrichtung, Ergänzungsbau Grundschule Müncheberg",,,"Baustelleneinrichtung, Ergänzungsbau Grundschule Müncheberg"
25719552,1,LOT-0000,,,,VB_27_GE_ GOS Winden-Grenze Frankreich,,,"27_Winden-Grenze Frankreich
3.620 m Gleiserneuerung ohne Schiene maschinell, 312 m Gleiserneuerung ohne Schiene konventionell, 31,3 m Planumsverbesserung mit vollständiger Bettungserneuerung (konventionell), Bettungsreinigung (maschinell). einschl. Sicherungsleistungen (Verbundvergabe) und IH-Arbeiten

VB_27_GE_ GOS Winden-Grenze Frankreich"
25823356,1,LOT-0000,,,,Techniker Krankenkasse München - Schlosserarbeiten,,,Techniker Krankenkasse München - Schlosserarbeiten
25823352,1,LOT-0000,,,,Techniker Krankenkasse München - Fassadenarbeiten,,,Techniker Krankenkasse München - Fassadenarbeiten
25827156,1,LOT-0000,,,,Ersterschließung Tiefbau,,,"Tiefbau und Entwässerungskanalarbeiten, Verkehrswegebau-, Asphaltarbeiten, Erdbauarbeiten, Baustelleneinrichtung"
25822756,1,LOT-0000,,,,Tischlerarbeiten,,,"a) Öffentlicher Auftraggeber (Vergabestelle)

Name und Anschrift:
HANSEAT Verein für Wassersport e.V.
Kaemmererufer 28
22303 Hamburg
Telefon:
Fax:
E-Mail:
hanseat@kvlgroup.com
Internet:

b)

Vergabeverfahren:
Öffentliche Ausschreibung, VOB/A
Vergabenummer:
037_KVL_01-2026-0009

c) Angaben zum elektronischen Vergabeverfahren und zur Ver- und Entschlüsselung der Unterlagen

Zugelassene Angebotsabgabe
elektronisch
in Textform

d) Art des Auftrags

Ausführung von Bauleistungen

e) Ort der Ausführung

22303

f) Art und Umfang der Leistung, ggf. aufgeteilt nach Losen

Art der Leistung:
Tischlerarbeiten, u.a. Innentüren, Einbauten, Küche
Umfang der Leistung:
Tischlerarbeiten, u.a. Innentüren, Einbauten, Küche

g) Angaben über den Zweck der baulichen Anlage oder des Auftrags, wenn auch Planungsleistungen gefordert werden

Zweck der baulichen Anlage:
Zweck des Auftrags:

h) Aufteilung in Lose (Art und Umfang der Lose siehe Buchstabe f)

Vergabe nach Losen:
Nein

i) Ausführungsfristen

Beginn der Ausführung:
Fertigstellung oder Dauer der Leistungen:
weitere Fristen:

j) Nebenangebote

nicht zugelassen

k) mehrere Hauptangebote

nicht zugelassen

l) Bereitstellung/Anforderung der Vergabeunterlagen

Vergabeunterlagen werden elektronisch zur Verfügung gestellt
unter:
https://www.evergabe.de/unterlagen/54321-Tender-19fcd12c4da-11672c7a9ea2ffac
Maßnahmen zum Schutz vertraulicher Informationen:
Nein
Nachforderung:
Fehlende Unterlagen, deren Vorlage mit dem Angebot gefordert war, werden nachgefordert

o) Ablauf der Angebotsfrist

am:
06.10.2026
um:
10:00 Uhr
Ablauf der Bindefrist am:
07.12.2026

p)

Adresse für elektronische Angebote (URL): https://www.evergabe.de
Anschrift für schriftliche Angebote: -ENTFÄLLT- (es sind ausschließlich elektronische Angebote zugelassen)

q) Sprache, in der die Angebote abgefasst sein müssen

Deutsch

r) Zuschlagskriterien

nachfolgende Zuschlagskriterien, ggf. einschl. Gewichtung:
Niedrigster Preis

s) Eröffnungstermin

Der Eröffnungstermin entfällt, es sind ausschließlich elektronische Angebote zugelassen.
Ort:
Hamburg
Personen, die bei der Eröffnung anwesend sein dürfen:

t) geforderte Sicherheiten



u) Wesentliche Finanzierungs- und Zahlungsbedingungen und/oder Hinweise auf die maßgeblichen Vorschriften, in denen sie enthalten sind



v) Rechtsform der/Anforderung an Bietergemeinschaften

gesamtschuldnerisch haftend

w) Beurteilung der Eignung

Präqualifizierte Unternehmen führen den Nachweis der Eignung durch den Eintrag in die Liste des Vereins für die Präqualifikation von Bauunternehmen e.V. (Präqualifikationsverzeichnis). Bei Einsatz von Nachunternehmen ist auf gesondertes Verlangen nachzuweisen, dass diese präqualifiziert sind oder die Voraussetzung für die Präqualifikation erfüllen.
Nicht präqualifizierte Unternehmen haben als vorläufigen Nachweis der Eignung mit dem Angebot das ausgefüllte Formblatt ''Eigenerklärung zur Eignung'' vorzulegen. Bei Einsatz von Nachunternehmen sind auf gesondertes Verlangen die Eigenerklärungen auch für diese abzugeben. Sind die Nachunternehmen präqualifiziert, reicht die Angabe der Nummer, unter der diese in der Liste des Vereins für die Präqualifikation von Bauunternehmen e.V. (Präqualifikationsverzeichnis) geführt werden.
Gelangt das Angebot in die engere Wahl, sind die Eigenerklärungen (auch die der Nachunternehmen) auf gesondertes Verlangen durch Vorlage der in der ''Eigenerklärung zur Eignung'' genannten Bescheinigungen zuständiger Stellen zu bestätigen. Bescheinigungen, die nicht in deutscher Sprache abgefasst sind, ist eine Übersetzung in die deutsche Sprache beizufügen.
Das Formblatt 'Eigenerklärung zur Eignung' ist erhältlich:
Siehe Vergabeunterlagen
Darüber hinaus hat der Bieter zum Nachweis seiner Fachkunde folgende Angaben gemäß § 6a Abs. 3 VOB/A zu machen:

x) Nachprüfung behaupteter Verstöße

Nachprüfungsstelle (§ 21 VOB/A):
Vergabekammer bei der Behörde für Stadtentwicklung und Wohnen Hamburg
Neuenfelder Straße 19
21109 Hamburg

y) Sonstige Angaben




Tischler/ Innenausbau/ Einbaumöbel,Fenster/ Türen (Holz),Türen (Rauchschutz/ Brandschutz),Großküchen-/ Hotellerietechnik"
25822708,1,LOT-0000,,,,Neubau RW Kirchberg - Los 03 - Gerüstbauarbeiten,,,"a) Öffentlicher Auftraggeber (Vergabestelle)

Name und Anschrift:
Rettungszweckverband ""Südwestsachsen""
Poeppigstraße 6
08529 Plauen
Telefon:
+49 37415470
Fax:
+49 3741547111
E-Mail:
vergabe@rettzv-sws.de
Internet:
https://www.rettzv-sws.de/

b)

Vergabeverfahren:
Öffentliche Ausschreibung, VOB/A
Vergabenummer:
IM001_ML_Ö_2026_06-L003

c) Angaben zum elektronischen Vergabeverfahren und zur Ver- und Entschlüsselung der Unterlagen

Zugelassene Angebotsabgabe
elektronisch
in Textform
mit fortgeschrittener/m Signatur/Siegel
mit qualifizierter/m Signatur/Siegel

d) Art des Auftrags

Ausführung von Bauleistungen

e) Ort der Ausführung

08107 Kirchberg

f) Art und Umfang der Leistung, ggf. aufgeteilt nach Losen

Art der Leistung:
Los 03 - Gerüstbauarbeiten
Umfang der Leistung:
Die Leistung des vorliegenden Leistungsverzeichnisses
umfasst unter Anderem nachfolgende Arbeiten:
Arbeits- und Schutzgerüst als Standgerüst, längenorientiert ca. 880 m³
Fanggerüst ca. 130 m
Arbeits- und Schutzgerüst als Raumgerüst, flächenorientiert ca. 1.430 m³
Gerüstverbreiterung mit Konsolen ca. 800 m
Vorgebauter Treppenturm ca. 1 Stück
Treppenaufgang einläufig ca. 3 Stück
Überbrückungen ca. 24 Stück

g) Angaben über den Zweck der baulichen Anlage oder des Auftrags, wenn auch Planungsleistungen gefordert werden

Zweck der baulichen Anlage:
Rettungswache für Rettungsdienst/Krankentransport
Zweck des Auftrags:
Gerüstbauarbeiten

h) Aufteilung in Lose (Art und Umfang der Lose siehe Buchstabe f)

Vergabe nach Losen:
Nein

i) Ausführungsfristen

Beginn der Ausführung:
23.11.2026
Fertigstellung oder Dauer der Leistungen:
20.08.2027
weitere Fristen:
Es ist geplant, das Gerüst ab ca. Mitte/Ende November 2026 baubegleitend zu errichten.

j) Nebenangebote

nur in Verbindung mit einem Hauptangebot zugelassen

k) mehrere Hauptangebote

nicht zugelassen

l) Bereitstellung/Anforderung der Vergabeunterlagen

Vergabeunterlagen werden elektronisch zur Verfügung gestellt
unter:
https://www.evergabe.de/unterlagen/54321-Tender-1a0a4839598-337f3333c71dc7f1
Maßnahmen zum Schutz vertraulicher Informationen:
Nein
Nachforderung:
Fehlende Unterlagen, deren Vorlage mit dem Angebot gefordert war, werden teilweise nachgefordert
und zwar folgende Unterlagen: Es werden keine Unterlagen die zur Preisbildung notwendig sind nachgefordert, d.h. es dürfen ausschließlich Zertifikate, Datenblätter o. ä. und nur auf Anforderung nachgereicht werden.

o) Ablauf der Angebotsfrist

am:
16.10.2026
um:
10:00 Uhr
Ablauf der Bindefrist am:
20.11.2026

p)

Adresse für elektronische Angebote (URL): https://www.evergabe.de
Anschrift für schriftliche Angebote: -ENTFÄLLT- (es sind ausschließlich elektronische Angebote zugelassen)

q) Sprache, in der die Angebote abgefasst sein müssen

Deutsch

r) Zuschlagskriterien

nachfolgende Zuschlagskriterien, ggf. einschl. Gewichtung:
Niedrigster Preis

s) Eröffnungstermin

Der Eröffnungstermin entfällt, es sind ausschließlich elektronische Angebote zugelassen.
Ort:
Geschäftsstelle RettZV SWS
Poeppigstraße 6
08529 Plauen
Personen, die bei der Eröffnung anwesend sein dürfen:
nicht zutreffend

t) geforderte Sicherheiten

nicht zutreffend

u) Wesentliche Finanzierungs- und Zahlungsbedingungen und/oder Hinweise auf die maßgeblichen Vorschriften, in denen sie enthalten sind

Gemäß §16 VOB/B in der aktuellen Fassung

v) Rechtsform der/Anforderung an Bietergemeinschaften

gesamtschuldnerisch haftend mit bevollmächtigtem Vertreter

w) Beurteilung der Eignung

Präqualifizierte Unternehmen führen den Nachweis der Eignung durch den Eintrag in die Liste des Vereins für die Präqualifikation von Bauunternehmen e.V. (Präqualifikationsverzeichnis). Bei Einsatz von Nachunternehmen ist auf gesondertes Verlangen nachzuweisen, dass diese präqualifiziert sind oder die Voraussetzung für die Präqualifikation erfüllen.
Nicht präqualifizierte Unternehmen haben als vorläufigen Nachweis der Eignung mit dem Angebot das ausgefüllte Formblatt ''Eigenerklärung zur Eignung'' vorzulegen. Bei Einsatz von Nachunternehmen sind auf gesondertes Verlangen die Eigenerklärungen auch für diese abzugeben. Sind die Nachunternehmen präqualifiziert, reicht die Angabe der Nummer, unter der diese in der Liste des Vereins für die Präqualifikation von Bauunternehmen e.V. (Präqualifikationsverzeichnis) geführt werden.
Gelangt das Angebot in die engere Wahl, sind die Eigenerklärungen (auch die der Nachunternehmen) auf gesondertes Verlangen durch Vorlage der in der ''Eigenerklärung zur Eignung'' genannten Bescheinigungen zuständiger Stellen zu bestätigen. Bescheinigungen, die nicht in deutscher Sprache abgefasst sind, ist eine Übersetzung in die deutsche Sprache beizufügen.
Das Formblatt 'Eigenerklärung zur Eignung' ist erhältlich:
Es sind die individuellen Eigenerklärungs-Vordrucke des RettZV SWS aus den Vergabeunterlagen zu nutzen.
Darüber hinaus hat der Bieter zum Nachweis seiner Fachkunde folgende Angaben gemäß § 6a Abs. 3 VOB/A zu machen:

x) Nachprüfung behaupteter Verstöße

Nachprüfungsstelle (§ 21 VOB/A):
Referat 39 - Landesdirektion Sachsen
Altchemnitzer Straße 41
09105 Chemnitz

y) Sonstige Angaben




Gerüste (allgemein)"
25823406,1,LOT-0000,,,,"VE 22 Freianlagen, Stadtteilbibliothek &quot;Am Stern&quot; 14480 Potsdam",,,"VE 22 Freianlagen, Stadtteilbibliothek &quot;Am Stern&quot; 14480 Potsdam"
25823012,1,LOT-0000,,,,"Zollamt Soltau, Neubau eines Zollamtes, Errichtung Gefahrenmelde- und Alarmanlage",,,"Zollamt Soltau, Neubau eines Zollamtes, Errichtung Gefahrenmelde- und Alarmanlage"
25825852,1,LOT-0000,,,,26T0218 (LBB NL Idar-Oberstein) LB 680 - Heizanlagen und Zentrale Wassererwärmungsanlagen  RHK,,,26T0218 (LBB NL Idar-Oberstein) LB 680 - Heizanlagen und Zentrale Wassererwärmungsanlagen  RHK
25822632,1,LOT-0000,,,,Neubau kommunaler Bauhof - Los 4: Malerarbeiten,,,"a) Auftraggeber:  Offizielle Bezeichnung: Stadtverwaltung Pirna; Bereich/Abteilung: Fachdienst Stadtsanierung, Förderung &amp;amp;amp; Vergabe; Straße, Hausnummer: Am Markt 1/2; Postleitzahl: 01796; Ort: Pirna; Land: DE; Telefon: +49 3501556356; Internet-Adresse: www.pirna.de; E-Mail: stefan.weiss@pirna.de
b) Vergabeart: Öffentliche Ausschreibung
c) Angebote können nur elektronisch abgegeben werden.
d) Art des Auftrages: Bauvertrag nach VOB/B
e) Ort(e) der Ausführung: Straße, Hausnummer: Lohmener Straße 15b; Postleitzahl: 01796; Ort: Pirna; Land: DE
f) Art und Umfang der Leistung: ca. 410 m² Glasgewebe mit Anstrich, ca. 2.800m Dispersionsfarbe an Wänden und Decken, ca. 310 m² 2K-Beschichtung von Fußböden, ca. 80m² Lackierung von Metallteilen
g) Es werden keine Planungsleistungen gefordert
h) Aufteilung in mehrere Lose: nein
i) Ausführungsfristen: Beginn: 12.10.2026, Ende: 06.11.2026
j) Gegebenenfalls Angaben nach § 8 Absatz 2 Nummer 3 zur Nichtzulassung von Nebenangeboten: Entfällt, da Nebenangebote zugelassen sind.
k) Gegebenenfalls Angaben nach § 8 Absatz 2 Nummer 4 zur Nichtzulassung der Abgabe mehrerer Hauptangebote: Entfällt, da die Abgabe mehrerer Hauptangebote zugelassen ist.
 l) Stelle, bei der die Vergabeunterlagen angefordert werden können: Die Vergabeunterlagen werden auf der Vergabeplattform evergabe.de bereitgestellt. Ein unentgeltlicher Abruf ohne Registrierung ist möglich unter https://www.evergabe.de/unterlagen/3454516/zustellweg-auswaehlen.
m) Kosten für Vervielfältigungen der Vergabeunterlagen: entfällt
n) entfällt
o) Frist für den Eingang der Angebote: 28.09.2026, 13:30 Uhr; Bindefrist: 16.10.2026
p) Elektronische Angebote sind auf der Vergabeplattform evergabe.de abzugeben.
q) Angebote sind abzufassen in: Deutsch
r) Zuschlagskriterien, sofern diese nicht in den Vergabeunterlagen genannt werden und gegebenenfalls deren Gewichtung: Die Zuschlagskriterien sind in den Vergabeunterlagen genannt.
s) Eröffnungstermin: Datum: 28.09.2026, 13:30 Uhr; Ort: ---; Personen, die anwesend sein dürfen: nicht zugelassen
t) Sicherheiten: siehe Vergabeunterlagen
u) Finanzierungs- und Zahlungsbedingungen: Abschlags- und Schlusszahlung nach VOB/B und den Zusätzlichen Vertragsbedingungen
v) Rechtsform einer Bietergemeinschaft: gesamtschuldnerisch haftend mit bevollmächtigtem Vertreter
w) Verlangte Nachweise für die Beurteilung der Eignung: Der Bieter hat eine Bescheinigung über den Eintrag in die Liste des Vereins für die Präqualifikation von Bauunternehmen e.V. (Präqualifikationsverzeichnis) oder das ausgefüllte Formblatt 124 „Eigenerklärungen zur Eignung“ einzureichen. Bescheinigungen anderer Präqualifizierungsstellen werden anerkannt, wenn hinterlegte Dokumente einsehbar sind und in der Bescheinigung angegeben wird, welche Eignungskriterien anhand welcher Dokumente bei der Präqualifizierung geprüft wurden. Die Eigenerklärungen des Formblattes 124 müssen nachträglich mit entsprechenden Nachweisen untersetzt werden, sollte das Angebot in die engere Wahl kommen.
x) Vergabenachprüfstelle: Offizielle Bezeichnung: Landkreis Sächsische Schweiz-Osterzgebirge - Amt für Finanzverwaltung, Vergabestelle; Straße, Hausnummer: Schloßhof 2/4; Postleitzahl: 01796; Ort: Pirna; Land: DE; E-Mail: vergabestelle@landratsamt-pirna.de

Maler"
25822628,1,LOT-0000,,,,Neubau kommunaler Bauhof - Los 3: Bodenlegerarbeiten,,,"a) Auftraggeber:  Offizielle Bezeichnung: Stadtverwaltung Pirna; Bereich/Abteilung: Fachdienst Stadtsanierung, Förderung &amp;amp;amp; Vergabe; Straße, Hausnummer: Am Markt 1/2; Postleitzahl: 01796; Ort: Pirna; Land: DE; Telefon: +49 3501556356; Internet-Adresse: www.pirna.de; E-Mail: stefan.weiss@pirna.de
b) Vergabeart: Öffentliche Ausschreibung
c) Angebote können nur elektronisch abgegeben werden.
d) Art des Auftrages: Bauvertrag nach VOB/B
e) Ort(e) der Ausführung: Straße, Hausnummer: Lohmener Straße 15b; Postleitzahl: 01796; Ort: Pirna; Land: DE
f) Art und Umfang der Leistung: Bodenlegerarbeiten inkl. Untergrundvorbereitung, ca. 370m² Fußbodenbelag aus Linoleum
g) Es werden keine Planungsleistungen gefordert
h) Aufteilung in mehrere Lose: nein
i) Ausführungsfristen: Beginn: 12.10.2026, Ende: 06.11.2026
j) Gegebenenfalls Angaben nach § 8 Absatz 2 Nummer 3 zur Nichtzulassung von Nebenangeboten: Entfällt, da Nebenangebote zugelassen sind.
k) Gegebenenfalls Angaben nach § 8 Absatz 2 Nummer 4 zur Nichtzulassung der Abgabe mehrerer Hauptangebote: Entfällt, da die Abgabe mehrerer Hauptangebote zugelassen ist.
 l) Stelle, bei der die Vergabeunterlagen angefordert werden können: Die Vergabeunterlagen werden auf der Vergabeplattform evergabe.de bereitgestellt. Ein unentgeltlicher Abruf ohne Registrierung ist möglich unter https://www.evergabe.de/unterlagen/3454510/zustellweg-auswaehlen.
m) Kosten für Vervielfältigungen der Vergabeunterlagen: entfällt
n) entfällt
o) Frist für den Eingang der Angebote: 28.09.2026, 13:30 Uhr; Bindefrist: 16.10.2026
p) Elektronische Angebote sind auf der Vergabeplattform evergabe.de abzugeben.
q) Angebote sind abzufassen in: Deutsch
r) Zuschlagskriterien, sofern diese nicht in den Vergabeunterlagen genannt werden und gegebenenfalls deren Gewichtung: Die Zuschlagskriterien sind in den Vergabeunterlagen genannt.
s) Eröffnungstermin: Datum: 28.09.2026, 13:30 Uhr; Ort: ---; Personen, die anwesend sein dürfen: nicht zugelassen
t) Sicherheiten: siehe Vergabeunterlagen
u) Finanzierungs- und Zahlungsbedingungen: Abschlags- und Schlusszahlung nach VOB/B und den Zusätzlichen Vertragsbedingungen
v) Rechtsform einer Bietergemeinschaft: gesamtschuldnerisch haftend mit bevollmächtigtem Vertreter
w) Verlangte Nachweise für die Beurteilung der Eignung: Der Bieter hat eine Bescheinigung über den Eintrag in die Liste des Vereins für die Präqualifikation von Bauunternehmen e.V. (Präqualifikationsverzeichnis) oder das ausgefüllte Formblatt 124 „Eigenerklärungen zur Eignung“ einzureichen. Bescheinigungen anderer Präqualifizierungsstellen werden anerkannt, wenn hinterlegte Dokumente einsehbar sind und in der Bescheinigung angegeben wird, welche Eignungskriterien anhand welcher Dokumente bei der Präqualifizierung geprüft wurden. Die Eigenerklärungen des Formblattes 124 müssen nachträglich mit entsprechenden Nachweisen untersetzt werden, sollte das Angebot in die engere Wahl kommen.
x) Vergabenachprüfstelle: Offizielle Bezeichnung: Landkreis Sächsische Schweiz-Osterzgebirge - Amt für Finanzverwaltung, Vergabestelle; Straße, Hausnummer: Schloßhof 2/4; Postleitzahl: 01796; Ort: Pirna; Land: DE; E-Mail: vergabestelle@landratsamt-pirna.de

Fußbodenbeläge"
25822624,1,LOT-0000,,,,Neubau kommunaler Bauhof - Los 2: Fliesenlegerarbeiten,,,"a) Auftraggeber:  Offizielle Bezeichnung: Stadtverwaltung Pirna; Bereich/Abteilung: Fachdienst Stadtsanierung, Förderung &amp;amp;amp; Vergabe; Straße, Hausnummer: Am Markt 1/2; Postleitzahl: 01796; Ort: Pirna; Land: DE; Telefon: +49 3501556356; Internet-Adresse: www.pirna.de; E-Mail: stefan.weiss@pirna.de
b) Vergabeart: Öffentliche Ausschreibung
c) Angebote können nur elektronisch abgegeben werden.
d) Art des Auftrages: Bauvertrag nach VOB/B
e) Ort(e) der Ausführung: Straße, Hausnummer: Lohmener Straße 15b; Postleitzahl: 01796; Ort: Pirna; Land: DE
f) Art und Umfang der Leistung: Fliesenlegearbeiten inkl. Untergrundvorbereitung, ca. 330m² Feinsteinzeug Fußboden, ca. 200m² Wandfliesen
g) Es werden keine Planungsleistungen gefordert
h) Aufteilung in mehrere Lose: nein
i) Ausführungsfristen: Beginn: 12.10.2026, Ende: 06.11.2026
j) Gegebenenfalls Angaben nach § 8 Absatz 2 Nummer 3 zur Nichtzulassung von Nebenangeboten: Entfällt, da Nebenangebote zugelassen sind.
k) Gegebenenfalls Angaben nach § 8 Absatz 2 Nummer 4 zur Nichtzulassung der Abgabe mehrerer Hauptangebote: Entfällt, da die Abgabe mehrerer Hauptangebote zugelassen ist.
 l) Stelle, bei der die Vergabeunterlagen angefordert werden können: Die Vergabeunterlagen werden auf der Vergabeplattform evergabe.de bereitgestellt. Ein unentgeltlicher Abruf ohne Registrierung ist möglich unter https://www.evergabe.de/unterlagen/3454501/zustellweg-auswaehlen.
m) Kosten für Vervielfältigungen der Vergabeunterlagen: entfällt
n) entfällt
o) Frist für den Eingang der Angebote: 28.09.2026, 13:30 Uhr; Bindefrist: 16.10.2026
p) Elektronische Angebote sind auf der Vergabeplattform evergabe.de abzugeben.
q) Angebote sind abzufassen in: Deutsch
r) Zuschlagskriterien, sofern diese nicht in den Vergabeunterlagen genannt werden und gegebenenfalls deren Gewichtung: Die Zuschlagskriterien sind in den Vergabeunterlagen genannt.
s) Eröffnungstermin: Datum: 28.09.2026, 13:30 Uhr; Ort: ---; Personen, die anwesend sein dürfen: nicht zugelassen
t) Sicherheiten: siehe Vergabeunterlagen
u) Finanzierungs- und Zahlungsbedingungen: Abschlags- und Schlusszahlung nach VOB/B und den Zusätzlichen Vertragsbedingungen
v) Rechtsform einer Bietergemeinschaft: gesamtschuldnerisch haftend mit bevollmächtigtem Vertreter
w) Verlangte Nachweise für die Beurteilung der Eignung: Der Bieter hat eine Bescheinigung über den Eintrag in die Liste des Vereins für die Präqualifikation von Bauunternehmen e.V. (Präqualifikationsverzeichnis) oder das ausgefüllte Formblatt 124 „Eigenerklärungen zur Eignung“ einzureichen. Bescheinigungen anderer Präqualifizierungsstellen werden anerkannt, wenn hinterlegte Dokumente einsehbar sind und in der Bescheinigung angegeben wird, welche Eignungskriterien anhand welcher Dokumente bei der Präqualifizierung geprüft wurden. Die Eigenerklärungen des Formblattes 124 müssen nachträglich mit entsprechenden Nachweisen untersetzt werden, sollte das Angebot in die engere Wahl kommen.
x) Vergabenachprüfstelle: Offizielle Bezeichnung: Landkreis Sächsische Schweiz-Osterzgebirge - Amt für Finanzverwaltung, Vergabestelle; Straße, Hausnummer: Schloßhof 2/4; Postleitzahl: 01796; Ort: Pirna; Land: DE; E-Mail: vergabestelle@landratsamt-pirna.de

Fliesen/ Platten"
25822620,1,LOT-0000,,,,Lehranlage - MSR Technologie,,,"a) Zur Angebotsabgabe auffordernde Stelle: Name des Auftraggebers: Innung Sanitär- und Heizungstechnik Jade; Straße, Hausnummer: Am Hillernsen Hamm 16; Postleitzahl: 26441; Ort: Jever; Land: Deutschland; Den Zuschlag erteilende Stelle: s.o.; Stelle, bei der die Angebote oder Teilnahmeanträge einzureichen sind: s.o.
b) Vergabeart: Öffentliche Ausschreibung
c) Form, in der Teilnahmeanträge oder Angebote einzureichen sind: Angebote können nur elektronisch abgegeben werden; Anschrift, an die die Angebote elektronisch zu übermitteln sind: www.evergabe.de 
d) Art und Umfang der Leistung: MSR Technologie; Orte der Leistungserbringung: Straße, Hausnummer: Am Hillernsen Hamm 16; Postleitzahl: 26441; Ort: Jever; Land: Deutschland
e) Ggf. Anzahl, Größe und Art der einzelnen Lose: entfällt, da keine losweise Vergabe
f) Nebenangebote sind nicht zugelassen 
g) Ausführungsfrist: Beginn: 30.09.2026; Ende: 31.12.2026
h) Die Vergabeunterlagen werden auf der Vergabeplattform evergabe.de bereitgestellt.
i) Angebotsfrist: 23.09.2026, 12:00 Uhr; Bindefrist: 23.10.2026
j) Höhe etwa geforderter Sicherheitsleistungen: nicht angegeben
k) Wesentliche Zahlungsbedingungen oder Angabe der Unterlagen, in denen sie enthalten sind: siehe Dokumentation
l) Mit dem Angebot oder dem Teilnahmeantrag vorzulegenden Unterlagen, die die Auftraggeber für die Beurteilung der Eignung des Bewerbers oder Bieters verlangen: nicht angegeben
m) Kosten für Vervielfältigungen der Vergabeunterlagen: entfällt
n) Angabe der Zuschlagskriterien, sofern diese nicht in den Vergabeunterlagen genannt werden: entfällt, siehe Vergabeunterlagen


EMSR-Ausrüstung"
25825660,1,LOT-0000,,,,"Neubau eines Geh-/Radweges im Zuge der Kreisstraße 57, Abschnitt1 innerhalb und außerhalb der OD Brilon-Altenbüren",,,"Neubau eines Geh-/Radweges im Zuge der Kreisstraße 57, Abschnitt1 innerhalb und außerhalb der OD Brilon-Altenbüren"
25823334,1,LOT-0000,,,,Umbau und Erweiterung der Kita Arche Noah - Gemeinde Hattstedt - Außenanlagen,,,Umbau und Erweiterung der Kita Arche Noah - Gemeinde Hattstedt - Außenanlagen
25827188,1,LOT-0000,,,,"D - TUD JAN Jante-Bau  , Trockenbauarbeiten Hauptgebäude",,,"Trockenbauarbeiten Hauptgebäude

D - TUD JAN Jante-Bau  , Trockenbauarbeiten Hauptgebäude"
25823104,1,LOT-0000,,,,BBS Ammerland - Neubau Trakt 9 - mobile Heizungsanlage,,,BBS Ammerland - Neubau Trakt 9 - mobile Heizungsanlage
25823326,1,LOT-0000,,,,Dachsanierung Ein- und Ausfahrtsharfe Abstellhalle Btf. Reick,,,Dachsanierung Ein- und Ausfahrtsharfe Abstellhalle Btf. Reick
25827084,1,LOT-0000,,,,Innenliegender Sonnenschutz - Vorhänge,,,"Rolladen, Sonnenschutz, Verdunkelung, Markisen"
25823348,1,LOT-0000,,,,Techniker Krankenkasse München - Sonnenschutzarbeiten,,,Techniker Krankenkasse München - Sonnenschutzarbeiten
25827184,1,LOT-0000,,,,"D - Dresden, Elektroinstallationsleistungen: Sicherheitsbeleuchtung und Wallboxen",,,"Elektroinstallationsleistungen: Sicherheitsbeleuchtung und Wallboxen

D - Dresden, Elektroinstallationsleistungen: Sicherheitsbeleuchtung und Wallboxen"
25823344,1,LOT-0000,,,,Techniker Krankenkasse München - Flachdach- und Spenglerarbeiten,,,Techniker Krankenkasse München - Flachdach- und Spenglerarbeiten
25823446,1,LOT-0000,,,,FFW Rüthnick Sanierung Sanitärtrakt,,,FFW Rüthnick Sanierung Sanitärtrakt
25827180,1,LOT-0000,,,,D - Leipzig - RLT-Anlagen,,,"RLT-Anlagen

D - Leipzig - RLT-Anlagen"
25827176,1,LOT-0000,,,,"Sächsisches Krankenhaus Rodewisch, Dachsanierung Geb. B21",,,"Dachdeckungsarbeiten

Sächsisches Krankenhaus Rodewisch, Dachsanierung Geb. B21"
25825462,1,LOT-0000,,,,Neubau FGÜ 0662-03-2018 B7 OD Netra Landstraße,,,"Neubau FGÜ 0662-03-2018 B7 OD Netra Landstraße

Neubau FGÜ 0662-03-2018 B7 OD Netra Landstraße"
25826954,1,LOT-0000,,,,2026_2670-30014-01-Z202_Abbruch,,,"Bei der Bebauung handelt es sich um eine Seniorenresidenz aus drei Gebäudeteilen (Blöcke A, B und C)
inkl. Tiefgarage sowie einen Geräteschuppen/ Garage. Die Planunterlagen datieren auf das Jahr 1982. Das
genaue Datum der Errichtung des Objekts ist nicht bekannt. Es ist davon auszugehen, daß es zeitnah im
Anschluß an die Erstellung der Planungsunterlagen errichtet wurde.

Bausoll ist die vollständige Schadstoffsanierung und Demontage der baulichen oberirdischen sowie der unterirdischen Anlagen auf der vorstehend benannten Liegenschaft inklusive aller hierfür erforderlichen Arbeiten. Weiterhin sind Leistungen zur Herstellung der Baugrube, Fällarbeiten und Beräumung der Außenanlagen zu erbringen.

Die Sanierung kann beginnen, jedoch darf der mineralische Abbruch erst nach erfolgter Medientrennung durchgeführt werden. Die Medientrennung wird voraussichtlich im Oktober abgeschlossen sein.

2026_2670-30014-01-Z202_Abbruch"
25826978,1,LOT-0000,,,,Energetische Sanierung Besucherbergwerk und Museum Kleinenbremen - Maurer- und Verblendarbeiten,,,"Energetische Sanierung Besucherbergwerk und Museum Kleinenbremen - Maurer- und Verblendarbeiten

Energetische Sanierung Besucherbergwerk und Museum Kleinenbremen - Maurer- und Verblendarbeiten"
25822616,1,LOT-0000,,,,Lehranlage Elektrolyse & Wartung,,,"Der Auftraggeber Innung Sanitär- und Heizungstechnik Jade, Am Hillersen Hamm 16, 26441 Jever, Deutschland gibt in dem Vergabeverfahren mit der Vergabenummer 1904 zu der am 29.06.2026 07:12 Uhr auf www.evergabe.de (Vergabe-ID: 3411874) veröffentlichten Bekanntmachung mit dem Titel ""Lehranlage Elektrolyse & Wartung"" folgendes bekannt:
Das Verfahren wir aufgehoben und in anderer Konstellation wieder bekannt gemacht.


Gebäudeautomatisierung                                          ,Solartechnik,Maschinen zur Energieerzeugung"
25825844,1,LOT-0000,,,,"26T0217 (LBB NL Idar-Oberstein) LB 680 - Heizanlagen und Zentrale Wassererwärmungsanlagen BIR, KUS",,,"26T0217 (LBB NL Idar-Oberstein) LB 680 - Heizanlagen und Zentrale Wassererwärmungsanlagen BIR, KUS"
25826950,1,LOT-0000,,,,Brekelbaums Park 10 - aktive Komponenten,,,"SBH | Schulbau Hamburg hat als Landesbetrieb der Freien und Hansestadt Hamburg (nachstehend SBH genannt) die Aufgabe, die Schulimmobilien unter Berücksichtigung der schulischen Belange nach wirtschaftlichen Grundsätzen zu planen, zu bauen, zu unterhalten und zu bewirtschaften und die mehr als 400 Schulen an die Behörde für Schule und Berufsbildung (BSB) zu vermieten. 
--------------- 
Ziel der Maßnahme ist die Schaffung einer leistungsfähigen, ausfallsicheren und zukunftsfähigen Netzwerk- und WLAN-Infrastruktur für das pädagogische Netz sowie die Sicherstellung eines stabilen Betriebs digitaler Lehr- und Lernumgebungen.
--------------- 
Hier: aktive Komponenten
---------------
Gegenstand der Vergabe ist die Lieferung, Montage, Konfiguration und Inbetriebnahme aktiver Netzwerkkomponenten für das pädagogische Netz. Hierzu gehören insbesondere Core- und Access-Switche, WLAN-Access-Points, USV-Anlagen, SFP Module sowie das erforderliche Patch- und Zubehörmaterial. Die Komponenten sind in die bestehende Infrastruktur zu integrieren und in Abstimmung mit dem schulischen IT Betrieb betriebsfertig in Betrieb zu nehmen. Darüber hinaus sind die erforderlichen Funktionsprüfungen sowie die Erstellung einer vollständigen technischen Dokumentation Bestandteil der Leistung.

Brekelbaums Park 10 - aktive Komponenten"
25826974,1,LOT-0000,,,,Instandsetzung einer Mauer Los1 und einer Treppenanlage Los 2 auf Friedhöfen,,,"Los1 Instandsetzung einer historischen Sandsteinmauer; Los 2 Neuversetzung einer vorhandenen Treppenanlage mit Geländer Sanierung

Instandsetzung einer Mauer Los1 und einer Treppenanlage Los 2 auf Friedhöfen"
25822584,1,LOT-0000,,,,Umbau Werkstatt zum Feuerwehrstandort in 01612 Glaubitz- Dach- und Zimmererarbeiten,,,"a) Auftraggeber:  Offizielle Bezeichnung: VG Nünchritz-Glaubitz, i. A. der Gemeinde Glaubitz; Bereich/Abteilung: Bauamt; Straße, Hausnummer: Glaubitzer Straße 10; Postleitzahl: 01612; Ort: Nünchritz; Land: DE; Telefon: +49 352655000; Fax: +49 3526550053; E-Mail: post@nuenchritz.de
b) Vergabeart: Öffentliche Ausschreibung
c) Angebote können nur elektronisch abgegeben werden.
d) Art des Auftrages: Ausführung von Bauleistungen
e) Ort(e) der Ausführung: Offizielle Bezeichnung: Feuerwehrstandort Glaubitz; Straße, Hausnummer: Am Dorfteich 12; Postleitzahl: 01612; Ort: Glaubitz; Land: DE
f) Art und Umfang der Leistung: Baulos 03 – Dach- und Zimmererarbeiten:
ca. 11 Stück Holzdachbinder ca. 11,60 m lang demontieren und lagern
ca. 165 m Dachstuhlhölzer demontieren und lagern
ca. 80 m² Decken- und Gesimsverkleidung entfernen und entsorgen
ca. 8,9 m³ Lieferung von Bauholz KVH, z. T. Sichtholz
ca. 2,3 m³ Lieferung von Bauholz BSH
ca. 630 m Abbund Bauholz, z. T. Sichtholz
ca. 108 m² Verlegen Dachschalung ESB und MSH
ca. 129 m² Dachdichtung FPO mit PUR-Dämmung auf Holz
ca. 802 m² Dachdeckung Betonsteine, incl. Lattung und Untersperrbahn entfernen
ca. 140 m Dachrinne und Fallrohre demontieren und entsorgen
ca. 155 m Dachbleche entfernen und entsorgen
ca. 802 m² Unterdeckung aus Holzfaserplatten d= 35 und 60 mm
ca. 802 m² Unterspannbahn mit Lattung
ca. 800 m² Betondachstein-Deckung
ca.   94 m Ortgangausbildung
ca. 108 m Dachrinne, Titan-Zink, incl. Rinneneinhang, Tropfblech und Fallrohre
ca.   39 m Dachkehle und Wandanschluss, Titan-Zink
g) Es werden keine Planungsleistungen gefordert
h) Aufteilung in mehrere Lose: nein
i) Ausführungsfristen: Beginn: 08.03.2027, Ende: 16.07.2027,
j) Gegebenenfalls Angaben nach § 8 Absatz 2 Nummer 3 zur Nichtzulassung von Nebenangeboten: Entfällt, da Nebenangebote zugelassen sind.
k) Gegebenenfalls Angaben nach § 8 Absatz 2 Nummer 4 zur Nichtzulassung der Abgabe mehrerer Hauptangebote: Die Abgabe mehrerer Hauptangebote ist nicht zugelassen. Nebenangebote zulässig nur in Verbindung mit einem Hauptangebot.
 l) Stelle, bei der die Vergabeunterlagen angefordert werden können: Die Vergabeunterlagen werden auf der Vergabeplattform evergabe.de bereitgestellt. Ein unentgeltlicher Abruf ohne Registrierung ist möglich unter https://www.evergabe.de/unterlagen/3454355/zustellweg-auswaehlen.
m) Kosten für Vervielfältigungen der Vergabeunterlagen: entfällt
n) entfällt
o) Frist für den Eingang der Angebote: 20.10.2026, 13:00 Uhr; Bindefrist: 20.11.2026
p) Elektronische Angebote sind auf der Vergabeplattform evergabe.de abzugeben.
q) Angebote sind abzufassen in: Deutsch
r) Zuschlagskriterien, sofern diese nicht in den Vergabeunterlagen genannt werden und gegebenenfalls deren Gewichtung: Die Zuschlagskriterien sind in den Vergabeunterlagen genannt.
s) Eröffnungstermin: Datum: 20.10.2026, 13:00 Uhr; Ort: Rathaus Nünchritz; Personen, die anwesend sein dürfen: keine - nur elektronische Angebotsabgabe möglich
t) Sicherheiten: gemäß § 9 VOB/A und § 17 VOB/B
u) Finanzierungs- und Zahlungsbedingungen: gemäß § 16 VOB/B
v) Rechtsform einer Bietergemeinschaft: Gesamtschuldnerisch haftend mit bevollmächtigtem Vertreter
w) Verlangte Nachweise für die Beurteilung der Eignung: Der Bieter hat zum Nachweis seiner Fachkunde, Leistungsfähigkeit und Zuverlässigkeit Angaben zu machen gemäß § 8 Nr. 3 Abs. 1 Buchstabe a bis f VOB/A. Der Bewerber hat eine Bescheinigung 
der Berufsgenossenschaft/Handelsregister / Berufsregister vorzulegen. Bieter, die nicht Ihren Sitz in der BRD haben, haben eine Bescheinigung des für sie zuständigen Versicherungsträgers vorzulegen.
x) Vergabenachprüfstelle: Offizielle Bezeichnung: Landratsamt Meißen; Bereich/Abteilung: VOB-stelle; Straße, Hausnummer: Brauhausstraße 21; Postleitzahl: 01662; Ort: Meißen; Land: DE

Zimmerer/ Holzbau,Dachdeckung/ Dachabdichtung,Klempner,Baustoffe (Hochbau)"
25823072,1,LOT-0000,,,,Landkreis Northeim - Bauhof - Herstellung Beton-Waschplatz  mit Abscheideanlage und Warnanlage,,,Landkreis Northeim - Bauhof - Herstellung Beton-Waschplatz  mit Abscheideanlage und Warnanlage
25823056,1,LOT-0000,,,,"Instandsetzung Regenwasserkanal Soltau, Celler Straße",,,"Instandsetzung Regenwasserkanal Soltau, Celler Straße"
25827172,1,LOT-0000,,,,D - Leipzig - Heizungs- und Sanitärinstallationen,,,"Heizungs- und Sanitärinstallationen

D - Leipzig - Heizungs- und Sanitärinstallationen"
25823478,1,LOT-0000,,,,Rathaus Maikammer - Tischlerarbeiten,,,Rathaus Maikammer - Tischlerarbeiten
25823784,1,LOT-0000,,,,Sanierung und Erweiterung BGH Reichelsheim,,,"Trauf- und Dachrandbekleidung

Dachdeckerarbeiten"
25776550,2,LOT-0000,,,,Neubau Zaunanlagen S-Bahn Hamburg Elbbrücken,,,"Die geplante Zaunanlage mit einer Gesamtlänge von ca. 1.099 m soll zwischen den S-Bahn-Stationen Elbbrücken und Veddel parallel zu den Gleisanlagen unter laufendem Bahnbetrieb errichtet werden. Die Sicherung der Maßnahme sowie die Bauüberwachung werden durch den Auftraggeber gestellt.

Neubau Zaunanlagen S-Bahn Hamburg Elbbrücken"
25823306,1,LOT-0000,,,,Teilmodernisierung der Aufzugsanlagen in der VBG Bezirksverwaltung Würzburg,,,Teilmodernisierung der Aufzugsanlagen in der VBG Bezirksverwaltung Würzburg
25823474,1,LOT-0000,,,,Rathaus Maikammer - Außenputzarbeiten,,,Rathaus Maikammer - Außenputzarbeiten
25825840,1,LOT-0000,,,,"26T0216 (LBB NL Idar-Oberstein) LB 680 - Heizanlagen und Zentrale Wassererwärmungsanlagen KH, BIN",,,"26T0216 (LBB NL Idar-Oberstein) LB 680 - Heizanlagen und Zentrale Wassererwärmungsanlagen KH, BIN"
25823294,1,LOT-0000,,,,Straßenbeleuchtung Harmsdorf - Tiefbau,,,Straßenbeleuchtung Harmsdorf - Tiefbau
25826942,1,LOT-0000,,,,Wartung und Instandhaltung der Straßenbeleuchtung,,,"Regelmäßige Wartung und Instandhaltung der Straßenbeleuchtung sowie Reparatur nach Ausfällen und Unfällen und Ergänzung.

Wartung und Instandhaltung der Straßenbeleuchtung"
25827168,1,LOT-0000,,,,"D-SLUB Interim Haus F, 11 Tischlerarbeiten Haus F",,,"11 Tischlerarbeiten Haus F

D-SLUB Interim Haus F, 11 Tischlerarbeiten Haus F"
25822608,1,LOT-0000,,,,"Haus 30 Ausbau DG, Los 3 Holzbau und Zimmerer",,,"a) Auftraggeber:  Offizielle Bezeichnung: Universitätsklinikum Carl Gustav Carus Dresden an der Technischen Universität Dresden; Straße, Hausnummer: Fetscherstraße 74; Postleitzahl: 01307; Ort: Dresden; Land: DE; Telefon: +49 35145817883; E-Mail: BUT-A2@ukdd.de
b) Vergabeart: Öffentliche Ausschreibung
c) Angebote können nur elektronisch abgegeben werden.
d) Art des Auftrages: Haus 30 Ausbau DG, Los 3 Holzbau und Zimmerer
e) Ort(e) der Ausführung: Postleitzahl: 01307; Ort: Dresden; Land: DE
f) Art und Umfang der Leistung: Ertüchtigung Dachkonstruktion 
- 8,5m³ Mittelpfetten als Brettschichtholz GL 24h DIN EN 14080, Oberfläche Industriequalität 
liefern, Querschnitt 10/36cm, abbinden und aufstellen/ verlegen 
- 9,5m³ Kehlbalken als Konstruktionsvollholz, nicht sichtbar, Festigkeitsklasse C 24 Querschnitt 
6/20cm, abbinden und aufstellen/ verlegen 
- 4,5m³ Riegel/ Stützen zur Abstützung der Mittelpfetten als Konstruktionsvollholz, nicht 
sichtbar, Festigkeitsklasse C 24, verschiedene Querschnitte, abbinden und aufstellen/ 
verlegen 
- 270m² Holzständerwände tragend, mit Rahmen aus Furnierschichtholz DIN EN 14374, 
Regelquerschnitt-Breite 80 mm, Regelquerschnitt-Höhe 100 mm, Achsabstand der Ständer 
über 60 bis 62,5 cm, 
- 165m² Innenwandbekleidung, einlagig, aus OSB/3, Dicke 18 mm 
- 200m² Unterboden aus OSB/3 DIN EN 300, einlagig, Dicke 22 mm 
- 1,2m³ Dachkonstruktion aus Konstruktionsvollholz, Festigkeitsklasse C 24, verschiedene 
Querschnitte, abbinden und aufstellen/ verlegen 
- 3,5m³ Füllhölzer für Bestandsbinder, Bretter Dicke 30 mm, Breite 120 mm zuschneiden und 
einbauen 
- 1.470m Lattung 30/50mm liefern und als Aussteifung in Nagelbrettbindern verlegen 

 

Einbau Dachgaupen 
- 9 St. Gaupen B=1,075m für Dachneigung 42,18° auf Konstruktionsvollholz, Festigkeitsklasse C 
24, unterschiedliche Querschnitte 16/16, 16/12/, 16/10, 10/12, 10/10, 6/20, 12/12 liefern, 
abbinden und aufstellen/ verlegen 
- 9 St. Gaupen B=1,5m für Dachneigung 40,62° auf Konstruktionsvollholz, Festigkeitsklasse C 
24, unterschiedliche Querschnitte 16/16, 16/12/, 16/10, 10/12, 10/10, 6/20, 12/12 liefern, 
abbinden und aufstellen/ verlegen 
- 2 St. Gaupen B=1,075m für Dachneigung 49,9° auf Konstruktionsvollholz, Festigkeitsklasse C 
24, unterschiedliche Querschnitte 16/16, 16/12/, 16/10, 10/12, 10/10, 6/20, 12/12 liefern, 
abbinden und aufstellen/ verlegen 
- 205m² Innenwand- und Deckenbekleidung, einlagig, aus OSB/3 D=15mm 
- 205m² Wärmedämmschicht aus Holzfasern, als Platte, Dämmschichtdicke 160 mm
g) Es werden keine Planungsleistungen gefordert
h) Aufteilung in mehrere Lose: nein
i) Ausführungsfristen: Beginn: 09.11.2026, Ende: 30.04.2027
j) Gegebenenfalls Angaben nach § 8 Absatz 2 Nummer 3 zur Nichtzulassung von Nebenangeboten: Nebenangebote sind nicht zugelassen. Mit der Zulassung von Nebenangeboten bzw. mehreren Hauptangeboten entsteht für die Vergabestelle ein erheblicher Mehraufwand. Gegen diesen Mehraufwand entscheidet sich die Vergabestelle. 
Daher wird hiermit festgelegt, keine Nebenangebote bzw. mehrerer Hauptangebote zuzulassen.

k) Gegebenenfalls Angaben nach § 8 Absatz 2 Nummer 4 zur Nichtzulassung der Abgabe mehrerer Hauptangebote: Die Abgabe mehrerer Hauptangebote ist nicht zugelassen. Mit der Zulassung von Nebenangeboten bzw. mehreren Hauptangeboten entsteht für die Vergabestelle ein erheblicher Mehraufwand. Gegen diesen Mehraufwand entscheidet sich die Vergabestelle. 
Daher wird hiermit festgelegt, keine Nebenangebote bzw. mehrerer Hauptangebote zuzulassen.

 l) Stelle, bei der die Vergabeunterlagen angefordert werden können: Die Vergabeunterlagen werden auf der Vergabeplattform evergabe.de bereitgestellt. Ein unentgeltlicher Abruf ohne Registrierung ist möglich unter https://www.evergabe.de/unterlagen/3454451/zustellweg-auswaehlen.
m) Kosten für Vervielfältigungen der Vergabeunterlagen: entfällt
n) entfällt
o) Frist für den Eingang der Angebote: 28.09.2026, 11:00 Uhr; Bindefrist: 28.11.2026
p) Elektronische Angebote sind auf der Vergabeplattform evergabe.de abzugeben.
q) Angebote sind abzufassen in: Deutsch
r) Zuschlagskriterien, sofern diese nicht in den Vergabeunterlagen genannt werden und gegebenenfalls deren Gewichtung: Die Zuschlagskriterien sind in den Vergabeunterlagen genannt.
s) Eröffnungstermin: Datum: 28.09.2026, 11:00 Uhr; Ort: Geschäftsbereich Bau und Technik, Abt. Ausschreibung/Vergabe/Abrechnung, 01307 Dresden, Schubertstr. 18, Haus 62, 1.OG, Submissionsraum.; Personen, die anwesend sein dürfen: Bieter sind nicht zugelassen.
t) Sicherheiten: nicht angegeben
u) Finanzierungs- und Zahlungsbedingungen: Zahlungsbedingungen gem. Vergabeunterlagen.
v) Rechtsform einer Bietergemeinschaft: gesamtschuldnerisch haftend mit bevollmächtigtem Vertreter.
w) Verlangte Nachweise für die Beurteilung der Eignung: Der Bieter hat mit seinem Angebot zum Nachweis seiner Fachkunde, Leistungsfähigkeit und Zuverlässigkeit eine direkt abrufbare Eintragung in die allgemein zugängliche Liste des Vereins für Präqualifikation von Bauunternehmen e.V. (Präqualifikationsverzeichnis) nachzuweisen. Der Nachweis der Eignung kann auch durch Eigenerklärungen gemäß Formblatt 124 (Eigenerklärungen zur Eignung) erbracht werden. Das Formblatt 124 liegt den Vergabeunterlagen bei.
x) Vergabenachprüfstelle: Offizielle Bezeichnung: Universitätsklinikum Carl Gustav Carus Dresden an der Technischen Universität Dresden; Straße, Hausnummer: Fetscherstraße 74; Postleitzahl: 01307; Ort: Dresden; Land: DE; E-Mail: BUT-A2@ukdd.de

Zimmerer/ Holzbau"
25822604,1,LOT-0000,,,,HWSK22 in Olbernhau - VGE1.4.1-WehrBlechwalzwerk / VGE1.3.4-Böschungsinstandsetzung BT 3.92L,,,"Der Auftraggeber Landestalsperrenverwaltung des Freistaates Sachsen Betrieb Freiberger Mulde/Zschopau, Rauenstein 6A, 09514 Pockau-Lengefeld, Deutschland gibt in dem Vergabeverfahren mit der Vergabenummer FMZ-2026-52 zu der am 27.08.2026 12:03 Uhr auf www.evergabe.de (Vergabe-ID: 3445523) veröffentlichten Bekanntmachung mit dem Titel ""HWSK22 in Olbernhau - VGE1.4.1-WehrBlechwalzwerk / VGE1.3.4-Böschungsinstandsetzung BT 3.92L"" folgende Berichtigung bekannt:
In Folge der Bieteranfrage NR.06 in Verbindung mit der Bieteranfrage Nr.05 wird die Angebotsfrist verlängert. 
Die Angebotsfrist endet am 21.09.2026, 11:00 Uhr. Analog verschiebt sich das Ende der Bindefrist auf den 19.11.2026. Die Ausführungsfristen gemäß Formblatt 214 bleiben unberührt.


Wasserbau,Fels-/ Hang-/ Böschungssicherung,Hochwasserschutz/ Deiche"
25822994,1,LOT-0000,,,,Aufwertung Spielplatz Grünäcker Sindelfingen - Garten- und Landschaftsbauarbeiten,,,Aufwertung Spielplatz Grünäcker Sindelfingen - Garten- und Landschaftsbauarbeiten
25659566,4,LOT-0000,,,,Gleis und Weichenerneuerung Bodenwöhr Strecke; 5800,,,"Gleis und Weichenerneuerung Bodenwöhr Strecke; 5800

Gleis und Weichenerneuerung Bodenwöhr Strecke; 5800"
25825610,1,LOT-0000,,,,BLB NRW AC/Bergheim/AC FA Bergheim Dachsanierung/40-11-1333-24-001/Schadstoffsanierung_005-26-00236_L2,,,BLB NRW AC/Bergheim/AC FA Bergheim Dachsanierung/40-11-1333-24-001/Schadstoffsanierung_005-26-00236_L2
25823366,1,LOT-0000,,,,Optimierung der Fischaufstiegsanlagen Unteres Puhlstromwehr (Unterspreewald),,,Optimierung der Fischaufstiegsanlagen Unteres Puhlstromwehr (Unterspreewald)
25825606,1,LOT-0000,,,,"BLB NRW D/ Wuppertal ( WE2179)  D-BUW, ENB Experimentierhalle Physik/VE380 Malerarbeiten",,,"BLB NRW D/ Wuppertal ( WE2179)  D-BUW, ENB Experimentierhalle Physik/VE380 Malerarbeiten"
25823060,1,LOT-0000,,,,Bedarfsampelanlage L109/Kohkamp der Gemeinde Wallenhorst,,,Bedarfsampelanlage L109/Kohkamp der Gemeinde Wallenhorst
25825602,1,LOT-0000,,,,"BLB NRW / NL BB / BAuA (WB 7700) / H2,3 und 4 Ertüchtigung Brandmeldeanlage / 080-26-00644",,,"BLB NRW / NL BB / BAuA (WB 7700) / H2,3 und 4 Ertüchtigung Brandmeldeanlage / 080-26-00644"
25822800,1,LOT-0000,,,,Sanierung Alte Bäckerei in Volkstedt (Nebengebäude) - Los 3 - Zimmerer- und Dachdeckerarbeiten,,,"a) Öffentlicher Auftraggeber (Vergabestelle)

Name und Anschrift:
Stadtverwaltung Lutherstadt Eisleben
Markt 1
06295 Lutherstadt Eisleben
Telefon:
+49 3475/655-231
Fax:
+49 3475/-655-125
E-Mail:
vergabestelle@lutherstadt-eisleben.de
Internet:
www.eisleben.eu

b)

Vergabeverfahren:
Öffentliche Ausschreibung, VOB/A
Vergabenummer:
11109-ZV-2026/16

c) Angaben zum elektronischen Vergabeverfahren und zur Ver- und Entschlüsselung der Unterlagen

Zugelassene Angebotsabgabe
elektronisch
in Textform
mit fortgeschrittener/m Signatur/Siegel
mit qualifizierter/m Signatur/Siegel

d) Art des Auftrags

Ausführung von Bauleistungen

e) Ort der Ausführung

06295 Lutherstadt Eisleben OT Volkstedt

f) Art und Umfang der Leistung, ggf. aufgeteilt nach Losen

Art der Leistung:
Los 3 - Zimmerer- und Dachdeckerarbeiten
Umfang der Leistung:
Die Lutherstadt Eisleben plant im OT Volkstedt an der ""Alten Bäckerei"" die Sanierung des ehemaligen Pferdestalls.
Die Baustelle befindet sich im Innenhof der öffentlich erschlossenen Schulstraße 29 in Volkstedt.
Im Gewerk Los 03 -Zimmer- und Dachdeckerarbeiten sind folgende Leistungen zu erbringen.
Los 3- Zimmerer- u. Dachdeckerarbeiten
13 Stück Fachwerkbinder lt. Statik herstellen, liefern, richten
20 m Auflager, Mauerlatte Bohle liefern und mit Gewindestangen befestigen
30 m Fachwerk für beide Giebelbinder herstellen und montieren
70 m² Aussteifung über Deckenbalken mit OSB-Platten 25mm herstellen
50 kg Verbindungsmittel
30 m Windrispenband
1 St. Aufrichten in fix und fertiger Arbeit
21 m Traufbrett d=40mm, b=150mm liefern, verlegen
30 m² Stulpschalung Außenwand liefern, zuschneiden, montieren
1 St. Dachtür herstellen, montieren

g) Angaben über den Zweck der baulichen Anlage oder des Auftrags, wenn auch Planungsleistungen gefordert werden

Zweck der baulichen Anlage:
Zweck des Auftrags:

h) Aufteilung in Lose (Art und Umfang der Lose siehe Buchstabe f)

Vergabe nach Losen:
Nein

i) Ausführungsfristen

Beginn der Ausführung:
07.12.2026
Fertigstellung oder Dauer der Leistungen:
22.12.2026
weitere Fristen:

j) Nebenangebote

nicht zugelassen

k) mehrere Hauptangebote

nicht zugelassen

l) Bereitstellung/Anforderung der Vergabeunterlagen

Vergabeunterlagen werden elektronisch zur Verfügung gestellt
unter:
https://www.evergabe.de/unterlagen/54321-Tender-1a0a471b4d4-1f6d156b8363e7ce
Maßnahmen zum Schutz vertraulicher Informationen:
Nein
Nachforderung:
Fehlende Unterlagen, deren Vorlage mit dem Angebot gefordert war, werden nachgefordert

o) Ablauf der Angebotsfrist

am:
29.09.2026
um:
08:20 Uhr
Ablauf der Bindefrist am:
13.11.2026

p)

Adresse für elektronische Angebote (URL): https://www.evergabe.de
Anschrift für schriftliche Angebote: -ENTFÄLLT- (es sind ausschließlich elektronische Angebote zugelassen)

q) Sprache, in der die Angebote abgefasst sein müssen

Deutsch

r) Zuschlagskriterien

nachfolgende Zuschlagskriterien, ggf. einschl. Gewichtung:
Niedrigster Preis

s) Eröffnungstermin

Der Eröffnungstermin entfällt, es sind ausschließlich elektronische Angebote zugelassen.
Ort:
Stadtverwaltung Lutherstadt Eisleben
Markt 1
06295 Lutherstadt Eisleben
Personen, die bei der Eröffnung anwesend sein dürfen:

t) geforderte Sicherheiten



u) Wesentliche Finanzierungs- und Zahlungsbedingungen und/oder Hinweise auf die maßgeblichen Vorschriften, in denen sie enthalten sind



v) Rechtsform der/Anforderung an Bietergemeinschaften



w) Beurteilung der Eignung

Präqualifizierte Unternehmen führen den Nachweis der Eignung durch den Eintrag in die Liste des Vereins für die Präqualifikation von Bauunternehmen e.V. (Präqualifikationsverzeichnis). Bei Einsatz von Nachunternehmen ist auf gesondertes Verlangen nachzuweisen, dass diese präqualifiziert sind oder die Voraussetzung für die Präqualifikation erfüllen.
Nicht präqualifizierte Unternehmen haben als vorläufigen Nachweis der Eignung mit dem Angebot das ausgefüllte Formblatt ''Eigenerklärung zur Eignung'' vorzulegen. Bei Einsatz von Nachunternehmen sind auf gesondertes Verlangen die Eigenerklärungen auch für diese abzugeben. Sind die Nachunternehmen präqualifiziert, reicht die Angabe der Nummer, unter der diese in der Liste des Vereins für die Präqualifikation von Bauunternehmen e.V. (Präqualifikationsverzeichnis) geführt werden.
Gelangt das Angebot in die engere Wahl, sind die Eigenerklärungen (auch die der Nachunternehmen) auf gesondertes Verlangen durch Vorlage der in der ''Eigenerklärung zur Eignung'' genannten Bescheinigungen zuständiger Stellen zu bestätigen. Bescheinigungen, die nicht in deutscher Sprache abgefasst sind, ist eine Übersetzung in die deutsche Sprache beizufügen.
Das Formblatt 'Eigenerklärung zur Eignung' ist erhältlich:
https://service.eisleben.eu/index.php?NavID=3918.83
Formblatt 124 - Eigenerklärung zur Eignung
Darüber hinaus hat der Bieter zum Nachweis seiner Fachkunde folgende Angaben gemäß § 6a Abs. 3 VOB/A zu machen:
Zusammen mit dem Angebot die folgenden Erklärungen, für welche die
entsprechenden Formblätter den Vergabeunterlagen beiliegen:
Bewerbererklärung gemäß RdErI. des MW vom 21.11.2008 - 41-32570/3
Eigenerklärung zur Eignung
Auf gesondertes Verlangen sind folgende Unterlagen einzureichen:
Urkalkulation, Bescheinigungen der in der Eigenerklärung zur Eignung genannten zuständigen Stellen
Folgenden Erklärungen auch für Nachunternehmer, für welche die
entsprechenden Formblätter den Vergabeunterlagen beiliegen:
Eigenerklärung zur Eignung
Bewerbererklärung gemäß RdErI. des MW vom 21.11.2008 - 41-32570/3 vom
Nachunternehmer

x) Nachprüfung behaupteter Verstöße

Nachprüfungsstelle (§ 21 VOB/A):
Landkreis Mansfeld-Südharz Fachbereich 3 - Zentrale Vergabestelle
Rudolf-Breitscheidt-Straße 20/22
06526 Sangerhausen

y) Sonstige Angaben




Zimmerer/ Holzbau,Dachdeckung/ Dachabdichtung"
25823470,1,LOT-0000,,,,"VG Cochem, Stadt Cochem - Felssicherung Burgfrieden und Burgberg",,,"VG Cochem, Stadt Cochem - Felssicherung Burgfrieden und Burgberg"
25826918,1,LOT-0000,,,,Verbundvergabe Komplex Kargow/Möllenhagen 2027,,,"Verbundvergabe Komplex Kargow/Möllenhagen 2027 -- IC 2027 B-38 S169 Ost Rostock-Lalendorf-Neustrelitz

Verbundvergabe Komplex Kargow/Möllenhagen 2027"
25822796,1,LOT-0000,,,,Sanierung Alte Bäckerei in Volkstedt (Nebengebäude) - Los 2 - Bauhauptgewerke,,,"a) Öffentlicher Auftraggeber (Vergabestelle)

Name und Anschrift:
Stadtverwaltung Lutherstadt Eisleben
Markt 1
06295 Lutherstadt Eisleben
Telefon:
+49 3475/655-231
Fax:
+49 3475/-655-125
E-Mail:
vergabestelle@lutherstadt-eisleben.de
Internet:
www.eisleben.eu

b)

Vergabeverfahren:
Öffentliche Ausschreibung, VOB/A
Vergabenummer:
11109-ZV-2026/15

c) Angaben zum elektronischen Vergabeverfahren und zur Ver- und Entschlüsselung der Unterlagen

Zugelassene Angebotsabgabe
elektronisch
in Textform
mit fortgeschrittener/m Signatur/Siegel
mit qualifizierter/m Signatur/Siegel

d) Art des Auftrags

Ausführung von Bauleistungen

e) Ort der Ausführung

06295 Luterstadt Eisleben OT Volkstedt

f) Art und Umfang der Leistung, ggf. aufgeteilt nach Losen

Art der Leistung:
Los 2 - Bauhauptgewerke
Umfang der Leistung:
Die Lutherstadt Eisleben plant im OT Volkstedt an der ""Alten Bäckerei"" die Sanierung des ehemaligen Pferdestalls.
Die Baustelle befindet sich im Innenhof der öffentlich erschlossenen Schulstraße 29 in Volkstedt.
Im Gewerk Los 02 - Bauhauptgewerk sind folgende Leistungen sind im zu erbringen.
Los 2-Bauhauptgewerk
100 m² Fassadengerüst
1.500 m²/Wo Vorhaltung Fassadengerüst
35 m Brüstungsgeländer als Dachfangschutz
450mWo Dachfang, Gebrauchsüberlassung
4 m² Abbruch Wandecke Außenmauerwerk, Zwischenlagern für spätere Verwendung
25 m Abbruch Mauerkrone Außenmauerwerk, Zwischenlagern für spätere Verwendung
41 m Ringbalken aus Stahlbeton lt. Statik herstellen inkl. Schalung
1 Stück Türsturz mit Stahlträgern herstellen

g) Angaben über den Zweck der baulichen Anlage oder des Auftrags, wenn auch Planungsleistungen gefordert werden

Zweck der baulichen Anlage:
Zweck des Auftrags:

h) Aufteilung in Lose (Art und Umfang der Lose siehe Buchstabe f)

Vergabe nach Losen:
Nein

i) Ausführungsfristen

Beginn der Ausführung:
10.11.2026
Fertigstellung oder Dauer der Leistungen:
04.12.2026
weitere Fristen:

j) Nebenangebote

nicht zugelassen

k) mehrere Hauptangebote

nicht zugelassen

l) Bereitstellung/Anforderung der Vergabeunterlagen

Vergabeunterlagen werden elektronisch zur Verfügung gestellt
unter:
https://www.evergabe.de/unterlagen/54321-Tender-1a0a46327dc-7cc997cb18485106
Maßnahmen zum Schutz vertraulicher Informationen:
Nein
Nachforderung:
Fehlende Unterlagen, deren Vorlage mit dem Angebot gefordert war, werden nachgefordert

o) Ablauf der Angebotsfrist

am:
29.09.2026
um:
08:10 Uhr
Ablauf der Bindefrist am:
06.11.2026

p)

Adresse für elektronische Angebote (URL): https://www.evergabe.de
Anschrift für schriftliche Angebote: -ENTFÄLLT- (es sind ausschließlich elektronische Angebote zugelassen)

q) Sprache, in der die Angebote abgefasst sein müssen

Deutsch

r) Zuschlagskriterien

nachfolgende Zuschlagskriterien, ggf. einschl. Gewichtung:
Niedrigster Preis

s) Eröffnungstermin

Der Eröffnungstermin entfällt, es sind ausschließlich elektronische Angebote zugelassen.
Ort:
Stadtverwaltung Lutherstadt Eisleben
Markt 1
06295 Luth. Eisleben
Personen, die bei der Eröffnung anwesend sein dürfen:

t) geforderte Sicherheiten



u) Wesentliche Finanzierungs- und Zahlungsbedingungen und/oder Hinweise auf die maßgeblichen Vorschriften, in denen sie enthalten sind



v) Rechtsform der/Anforderung an Bietergemeinschaften



w) Beurteilung der Eignung

Präqualifizierte Unternehmen führen den Nachweis der Eignung durch den Eintrag in die Liste des Vereins für die Präqualifikation von Bauunternehmen e.V. (Präqualifikationsverzeichnis). Bei Einsatz von Nachunternehmen ist auf gesondertes Verlangen nachzuweisen, dass diese präqualifiziert sind oder die Voraussetzung für die Präqualifikation erfüllen.
Nicht präqualifizierte Unternehmen haben als vorläufigen Nachweis der Eignung mit dem Angebot das ausgefüllte Formblatt ''Eigenerklärung zur Eignung'' vorzulegen. Bei Einsatz von Nachunternehmen sind auf gesondertes Verlangen die Eigenerklärungen auch für diese abzugeben. Sind die Nachunternehmen präqualifiziert, reicht die Angabe der Nummer, unter der diese in der Liste des Vereins für die Präqualifikation von Bauunternehmen e.V. (Präqualifikationsverzeichnis) geführt werden.
Gelangt das Angebot in die engere Wahl, sind die Eigenerklärungen (auch die der Nachunternehmen) auf gesondertes Verlangen durch Vorlage der in der ''Eigenerklärung zur Eignung'' genannten Bescheinigungen zuständiger Stellen zu bestätigen. Bescheinigungen, die nicht in deutscher Sprache abgefasst sind, ist eine Übersetzung in die deutsche Sprache beizufügen.
Das Formblatt 'Eigenerklärung zur Eignung' ist erhältlich:
https://service.eisleben.eu/index.php?NavID=3918.83
Formblatt 124 - Eigenerklärung zur Eignung
Darüber hinaus hat der Bieter zum Nachweis seiner Fachkunde folgende Angaben gemäß § 6a Abs. 3 VOB/A zu machen:
Zusammen mit dem Angebot die folgenden Erklärungen, für welche die
entsprechenden Formblätter den Vergabeunterlagen beiliegen:
Bewerbererklärung gemäß RdErI. des MW vom 21.11.2008 - 41-32570/3
Eigenerklärung zur Eignung
Auf gesondertes Verlangen sind folgende Unterlagen einzureichen:
Urkalkulation, Bescheinigungen der in der Eigenerklärung zur Eignung genannten zuständigen Stellen
Folgenden Erklärungen auch für Nachunternehmer, für welche die
entsprechenden Formblätter den Vergabeunterlagen beiliegen:
Eigenerklärung zur Eignung
Bewerbererklärung gemäß RdErI. des MW vom 21.11.2008 - 41-32570/3 vom
Nachunternehmer

x) Nachprüfung behaupteter Verstöße

Nachprüfungsstelle (§ 21 VOB/A):
Landkreis Mansfeld-Südharz Fachbereich 3 - Zentrale Vergabestelle
Rudolf-Breitscheidt-Straße 20/22
06526 Sangerhausen

y) Sonstige Angaben




Baumeisterarbeiten,Abbruch/ Rückbau,Gerüste (allgemein)"
25822990,1,LOT-0000,,,,"Jagdbergstraße (Kuppingen) und Schloßstraße (Gültstein) - Tief-, Rohrleitungs- und Straßenbauarbeiten",,,"Jagdbergstraße (Kuppingen) und Schloßstraße (Gültstein) - Tief-, Rohrleitungs- und Straßenbauarbeiten"
25807478,2,LOT-0000,,,,JUZENA_Fenster und Türen (Außen),,,"Das Bestandsgebäude ist ein Jugendzentrum in Hamburg-Allermöhe aus dem Baujahr 1997 und besteht aus drei funktional miteinander verbundenen Gebäudeteilen in Massivbauweise aus Mauerwerk und Stahlbeton. Die Nutzung umfasst Aufenthaltsbereiche, Gruppenräume, einen Mehrzwecksaal, Büroflächen sowie Nebenräume einschließlich Sanitär- und Lagerbereiche.
Gegenstand der Ausschreibung im Gewerk Fenster- und Außentürarbeiten sind sämtliche erforderlichen Arbeiten an den Fenster-, Fassadenöffnungs- und Außentürelementen im Bestand sowie die Herstellung der öffnungsschließenden Bauteile für einen zusätzlichen Gebäudeteil. Dies umfasst insbesondere Liefer-, Montage- und Anschlussarbeiten sowie Maßnahmen zur energetischen, einbruchhemmenden und bauphysikalischen Ertüchtigung der Öffnungselemente und ihrer Bauanschlüsse. Die vorhandenen Fenster- und Außentürelemente sind bereits ausgebaut und entsorgt; Ausbau- und Entsorgungsleistungen sind nicht Bestandteil dieser Ausschreibung.
Neubau Gebäudeteil:
? Lieferung und Montage der Fenster-, Festverglasungs- und Außentürelemente mit Beschlägen
? Verglasungen nach Anforderungen an Wärme-, Schall-, Sonnenschutz und Absturzsicherung
? Befestigung nach Montageplanung, dichte Bauanschlüsse, Fensterbänke innen und außen
? Barrierefreie Schwellen, Panik- und Verriegelungsbeschläge, Anarbeitung an den Bestand
Fenster- und Außentürarbeiten im Bestand:
? Aufmaß, Herrichtung der Laibungen, Anpassung der Öffnungsmaße mit dem Rohbau
? Einbau neuer Elemente mit verbesserten U-Werten und einbruchhemmender Ausführung
? Dichte Anschlüsse an Bestandsbauteile, Fensterbänke innen und außen
? Witterungssichere Provisorien, Schutz angrenzender Bauteile
Lage und Ausbildung sämtlicher Öffnungen und Anschlüsse sind auf Grundlage der Ausführungsplanung und in Abstimmung mit der Fachplanung der Technischen Gebäudeausrüstung festzulegen; die Ausführung hat nach den geltenden Normen zu erfolgen.
Zum Leistungsumfang gehören außerdem:
? Werk- und Montagepläne sowie Aufmaß sämtlicher Öffnungen vor Fertigung
? Laufende Abstimmung der Anschlussdetails mit Fachplanern und Nachbargewerken
? Nachweise und Dokumentation, Einweisung und Übergabe der Wartungsunterlagen

JUZENA_Fenster und Türen (Außen)"
25822792,1,LOT-0000,,,,Sanierung Alte Bäckerei in Volkstedt (Nebengebäude) - Los 1 - Abbrucharbeiten,,,"a) Öffentlicher Auftraggeber (Vergabestelle)

Name und Anschrift:
Stadtverwaltung Lutherstadt Eisleben
Markt 1
06295 Lutherstadt Eisleben
Telefon:
+49 3475/655-231
Fax:
+49 3475/-655-125
E-Mail:
vergabestelle@lutherstadt-eisleben.de
Internet:
www.eisleben.eu

b)

Vergabeverfahren:
Öffentliche Ausschreibung, VOB/A
Vergabenummer:
11109-ZV-2026/14

c) Angaben zum elektronischen Vergabeverfahren und zur Ver- und Entschlüsselung der Unterlagen

Zugelassene Angebotsabgabe
elektronisch
in Textform
mit fortgeschrittener/m Signatur/Siegel
mit qualifizierter/m Signatur/Siegel

d) Art des Auftrags

Ausführung von Bauleistungen

e) Ort der Ausführung

06295 Lutherstadt Eisleben OT Volkstedt

f) Art und Umfang der Leistung, ggf. aufgeteilt nach Losen

Art der Leistung:
Los 1 - Abbrucharbeiten
Umfang der Leistung:
Die Lutherstadt Eisleben plant im OT Volkstedt an der ""Alten Bäckerei"" die Sanierung des ehemaligen Pferdestalls.
Die Baustelle befindet sich im Innenhof der öffentlich erschlossenen Schulstraße 29 in Volkstedt. Es soll das alte Flachdach zurückgebaut und durch ein neues Satteldach ersetzt werden
Im Gewerk Los 01 - Abbruch sind folgende Leistungen im zu erbringen.
Los 1-Abbruch
5 m² Sträucher roden
100 m² Bewuchs Weinranken Fassade/Dach entfernen
75 m² Wellasbestplatten Dach abbrechen/entsorgen
15 m Dachrinnen/Fallrohre abbrechen/entsorgen
70 m² Holzbalkendecke mit Lehmfüllung abbrechen/entsorgen

g) Angaben über den Zweck der baulichen Anlage oder des Auftrags, wenn auch Planungsleistungen gefordert werden

Zweck der baulichen Anlage:
Zweck des Auftrags:

h) Aufteilung in Lose (Art und Umfang der Lose siehe Buchstabe f)

Vergabe nach Losen:
Nein

i) Ausführungsfristen

Beginn der Ausführung:
03.11.2026
Fertigstellung oder Dauer der Leistungen:
09.11.2026
weitere Fristen:

j) Nebenangebote

nicht zugelassen

k) mehrere Hauptangebote

nicht zugelassen

l) Bereitstellung/Anforderung der Vergabeunterlagen

Vergabeunterlagen werden elektronisch zur Verfügung gestellt
unter:
https://www.evergabe.de/unterlagen/54321-Tender-1a0a451297f-5525a3006d35da15
Maßnahmen zum Schutz vertraulicher Informationen:
Nein
Nachforderung:
Fehlende Unterlagen, deren Vorlage mit dem Angebot gefordert war, werden nachgefordert

o) Ablauf der Angebotsfrist

am:
29.09.2026
um:
08:00 Uhr
Ablauf der Bindefrist am:
30.10.2026

p)

Adresse für elektronische Angebote (URL): https://www.evergabe.de
Anschrift für schriftliche Angebote: -ENTFÄLLT- (es sind ausschließlich elektronische Angebote zugelassen)

q) Sprache, in der die Angebote abgefasst sein müssen

Deutsch

r) Zuschlagskriterien

nachfolgende Zuschlagskriterien, ggf. einschl. Gewichtung:
Niedrigster Preis

s) Eröffnungstermin

Der Eröffnungstermin entfällt, es sind ausschließlich elektronische Angebote zugelassen.
Ort:
Stadtverwaltung Lutherstadt Eisleben
Markt 1
06295 Luth. Eisleben
Personen, die bei der Eröffnung anwesend sein dürfen:

t) geforderte Sicherheiten



u) Wesentliche Finanzierungs- und Zahlungsbedingungen und/oder Hinweise auf die maßgeblichen Vorschriften, in denen sie enthalten sind



v) Rechtsform der/Anforderung an Bietergemeinschaften



w) Beurteilung der Eignung

Präqualifizierte Unternehmen führen den Nachweis der Eignung durch den Eintrag in die Liste des Vereins für die Präqualifikation von Bauunternehmen e.V. (Präqualifikationsverzeichnis). Bei Einsatz von Nachunternehmen ist auf gesondertes Verlangen nachzuweisen, dass diese präqualifiziert sind oder die Voraussetzung für die Präqualifikation erfüllen.
Nicht präqualifizierte Unternehmen haben als vorläufigen Nachweis der Eignung mit dem Angebot das ausgefüllte Formblatt ''Eigenerklärung zur Eignung'' vorzulegen. Bei Einsatz von Nachunternehmen sind auf gesondertes Verlangen die Eigenerklärungen auch für diese abzugeben. Sind die Nachunternehmen präqualifiziert, reicht die Angabe der Nummer, unter der diese in der Liste des Vereins für die Präqualifikation von Bauunternehmen e.V. (Präqualifikationsverzeichnis) geführt werden.
Gelangt das Angebot in die engere Wahl, sind die Eigenerklärungen (auch die der Nachunternehmen) auf gesondertes Verlangen durch Vorlage der in der ''Eigenerklärung zur Eignung'' genannten Bescheinigungen zuständiger Stellen zu bestätigen. Bescheinigungen, die nicht in deutscher Sprache abgefasst sind, ist eine Übersetzung in die deutsche Sprache beizufügen.
Das Formblatt 'Eigenerklärung zur Eignung' ist erhältlich:
https://service.eisleben.eu/index.php?NavID=3918.83
Formblatt 124 - Eigenerklärung zur Eignung
Darüber hinaus hat der Bieter zum Nachweis seiner Fachkunde folgende Angaben gemäß § 6a Abs. 3 VOB/A zu machen:
Zusammen mit dem Angebot die folgenden Erklärungen, für welche die
entsprechenden Formblätter den Vergabeunterlagen beiliegen:
Bewerbererklärung gemäß RdErI. des MW vom 21.11.2008 - 41-32570/3
Eigenerklärung zur Eignung
Auf gesondertes Verlangen sind folgende Unterlagen einzureichen:
Urkalkulation, Bescheinigungen der in der Eigenerklärung zur Eignung genannten zuständigen Stellen
Folgenden Erklärungen auch für Nachunternehmer, für welche die
entsprechenden Formblätter den Vergabeunterlagen beiliegen:
Eigenerklärung zur Eignung
Bewerbererklärung gemäß RdErI. des MW vom 21.11.2008 - 41-32570/3 vom
Nachunternehmer

x) Nachprüfung behaupteter Verstöße

Nachprüfungsstelle (§ 21 VOB/A):
Landkreis Mansfeld-Südharz Fachbereich 3 - Zentrale Vergabestelle
Rudolf-Breitscheidt-Straße 20/22
06526 Sangerhausen

y) Sonstige Angaben




Abbruch/ Rückbau,Dachdeckung/ Dachabdichtung,Klempner,Asbestentsorgung/ Asbestsanierung,Entsorgung von Abbruchmaterialien,Entsorgung von Gefahrstoffen/ Schadstoffen/ Sondermüll"
25822592,1,LOT-0000,,,,Lieferleistungen Weichen,,,"a) Zur Angebotsabgabe auffordernde Stelle: Name des Auftraggebers: Cargill GmbH; Straße, Hausnummer: Klötzerstraße 28 - 32; Postleitzahl: 01587; Ort: Riesa; Land: Deutschland; E-Mail: Bhuvaneswari_Singaravelu@cargill.com; Telefonnummer: +49 35257080; Fax: +49 3525733363; Internetadresse: https://www.cargill.de/de/home; Den Zuschlag erteilende Stelle: s.o.; Stelle, bei der die Angebote oder Teilnahmeanträge einzureichen sind: s.o.
b) Vergabeart: Öffentliche Ausschreibung
c) Form, in der Teilnahmeanträge oder Angebote einzureichen sind: Angebote können nur elektronisch abgegeben werden; Anschrift, an die die Angebote elektronisch zu übermitteln sind: www.evergabe.de 
d) Art und Umfang der Leistung: Herstellung und Lieferung von Weichen für das Projekt der Erweiterung der Gleisanlage von der Cargill GmbH in Riesa, Sachsen.

Die in dieser Ausschreibung angefragte Leistung beinhaltet die Lieferleistungen der Weichen.
zum Lieferumfang gehören folgende Materialien: 
- einfache Weiche 49-150-1:6,65557-Fsch (Hh) - links - 2 Stück
- einfache Weiche 49-150-1:6,65557-Fsch (Hh) - rechts - 1 Stück
- alternativ sollen die Weichen als aufgearbeitete Weichen angeboten werden
- Weichenzeichnung

Genauere Informationen bitte aus der Leistungsbeschreibung entnehmen.; Orte der Leistungserbringung: Offizielle Bezeichnung: Cargill GmbH; Straße, Hausnummer: Klötzerstraße 28 - 32; Postleitzahl: 01587; Ort: Riesa; Land: Deutschland
e) Ggf. Anzahl, Größe und Art der einzelnen Lose: entfällt, da keine losweise Vergabe
f) Nebenangebote sind zugelassen 
g) Ausführungsfrist: Beginn: 12.10.2026; Ende: 18.01.2027; Erste Weiche N3 muss zum 18.01.2027 geliefert werden. Weichen N1 und N2 müssen spätestens zum 17.02.2027 geliefert werden.
h) Die Vergabeunterlagen werden auf der Vergabeplattform evergabe.de bereitgestellt.
i) Angebotsfrist: 29.09.2026, 13:00 Uhr; Bindefrist: 29.10.2026
j) Höhe etwa geforderter Sicherheitsleistungen: 5 % der Auftragssumme (inkl. Umsatzsteuer, ohne Nachträge)
k) Wesentliche Zahlungsbedingungen oder Angabe der Unterlagen, in denen sie enthalten sind: Zahlung der Rechnung erfolgt nach Lieferung der Weichen (nach Erfüllung der Leistung).
Zahlungsziel 30 Tage.
l) Mit dem Angebot oder dem Teilnahmeantrag vorzulegenden Unterlagen, die die Auftraggeber für die Beurteilung der Eignung des Bewerbers oder Bieters verlangen: Eigenerklärung zur Eignung Liefer-/Dienstleistungen
m) Kosten für Vervielfältigungen der Vergabeunterlagen: entfällt
n) Angabe der Zuschlagskriterien, sofern diese nicht in den Vergabeunterlagen genannt werden: entfällt, siehe Vergabeunterlagen


Gleise (Straßenbahn/ Eisenbahn)"
25825666,1,LOT-0000,,,,Umbau Kita Ev. Kirchengemeinde Malerarbeiten,,,Umbau Kita Ev. Kirchengemeinde Malerarbeiten
25825636,1,LOT-0000,,,,"Dach- und Deckensanierung Atrium Heriburg, Coesfeld: Dachdichtung- und Klempnerarbeiten",,,"Dach- und Deckensanierung Atrium Heriburg, Coesfeld: Dachdichtung- und Klempnerarbeiten"
25758778,3,LOT-0000,,,,A391 FBE AK BS-Nord - AS Wenden,,,"A391 FBE AK BS-Nord - AS Wenden, A391 FBE AK BS-Nord - AS Wenden

Bauleistung"
25823052,1,LOT-0000,,,,"26B20147 - MunLgr Zetel, Sanierung Blitzschutzanlagen, Hauptverteilung erneuern für mehrer Munitionslagerhäuser und Baustrom vorhalten",,,"26B20147 - MunLgr Zetel, Sanierung Blitzschutzanlagen, Hauptverteilung erneuern für mehrer Munitionslagerhäuser und Baustrom vorhalten"
25825586,1,LOT-0000,,,,GI - Schachtdeckenerneuerung - SKU Altmyhl,,,GI - Schachtdeckenerneuerung - SKU Altmyhl
25822652,1,LOT-0000,,,,NEU 55_Neubau Kindertageseinrichtung Herzberger Straße 31 - Los 13 Spielgeräte,,,"a) Öffentlicher Auftraggeber (Vergabestelle)

Name und Anschrift:
Landeshauptstadt Dresden, GB Wirtschaft, Digitales, Personal und Sicherheit, Zentrales Vergabebüro
Postfach 120020
01001 Dresden
Telefon:
Fax:
E-Mail:
zvb-vob@dresden.de
Internet:
https://www.dresden.de

b)

Vergabeverfahren:
Öffentliche Ausschreibung, VOB/A
Vergabenummer:
2026-GB311-00037

c) Angaben zum elektronischen Vergabeverfahren und zur Ver- und Entschlüsselung der Unterlagen

Zugelassene Angebotsabgabe
elektronisch
in Textform

d) Art des Auftrags

Planung und Ausführung von Bauleistungen

e) Ort der Ausführung

01239 Dresden

f) Art und Umfang der Leistung, ggf. aufgeteilt nach Losen

55_Neubau Kindertageseinrichtung Herzberger Straße 31,
Art der Leistung:
Los 13 Spielgeräte
Umfang der Leistung:
Spielgeräte in der Freianlage:
Herz 31: Station 1 - Balancierbereich, Station 2 - Matschanlage; Station 3 - Spielgerät Kinderkrippe; Station 4 - Spiellandschaft Kindergarten; Herz 33: Station 5 - Balancierbereich, Station 6 - Matschanlage, Station 7 - Spielgerät Kindergrippe, Station 8 - Spiellandschaft Kindergarten
+++Anhand der aufgeführten Bewertungskriterien und der Bewertungsmatrix wird aus den eingereichten Vorschlägen die beste konzeptionelle Lösung ermittelt. Die Bewertung erfolgt dazu durch eine Jury.+++
+++Als Kostenobergrenze sind 131.000 EUR netto zuzüglich 19 % Mwst. vorgegeben. Dieser Wert darf nicht überschritten werden. Unterschreitungen führen zu keinen Wettbewerbsvorteilen.+++
+++Folgende leistungsbezogene Unterlagen sind mit dem Angebot einzureichen und werden NICHT nachgefordert, da es die Zuschlagskriterien betreffen und somit der Wirtschaftlichkeitsbewertung des Angebotes dienen:
Lageplan mit Eintragung aller Spielgeräte (Inkl. aller zu den Spielgeräten dazugehörenden Fallschutzbereiche und Sicherheitsabstände) möglichst im Maßstab 1 : 100
jeweils 1 max. 2 aussagefähige Skizzen oder Ansichten oder 1 max. 2 Modellfotos zur Visualisierung des jeweiligen Spielgeräts, keine Referenzfotos
Erläuterungstext der Gesamtgestaltung und Idee (max. 4 Seiten DIN A4)
Beschreibung Spielwert, Berücksichtigung der gewünschten Spielfunktionen und Aufenthaltswert (max. 4 Seiten DIN A4)
ausgefülltes Leistungsverzeichnis GAEB-Datei X84
Angaben zur Länge der Mängelansprüchefrist in beigefügtem Formblatt.
Unvollständige Angebote können nicht gewertet werden!+++
+++Folgende Unterlagen sind auf gesondertes Verlangen der Vergabestelle vorzulegen: - Urkalkulation, Inhalt der Urkalkulation: Diese ist mindestens gemäß dem Inhalt nach Formblatt 223 - Aufgliederung der Einheitspreise von ALLEN Positionen zu erstellen, d. h.: LV-Position; Kurzbezeichnung; Menge; Mengeneinheit; Zeitansatz; Teilkosten einschl. Zusätze in Euro je Mengeneinheit (Löhne, Stoffe, Geräte, Sonstiges); angebotener Einheitspreis (Summe aus Löhne, Stoffe, Geräte, Sonstiges)+++

g) Angaben über den Zweck der baulichen Anlage oder des Auftrags, wenn auch Planungsleistungen gefordert werden

Zweck der baulichen Anlage:
Zweck des Auftrags:

h) Aufteilung in Lose (Art und Umfang der Lose siehe Buchstabe f)

Vergabe nach Losen:
Nein

i) Ausführungsfristen

Beginn der Ausführung:
07.01.2027
Fertigstellung oder Dauer der Leistungen:
16.07.2027
weitere Fristen:
weitere Fristen siehe Anlage 1 zum Formblatt 214 weitere besondere Vertragsbedingungen

j) Nebenangebote

nicht zugelassen

k) mehrere Hauptangebote

zugelassen

l) Bereitstellung/Anforderung der Vergabeunterlagen

Vergabeunterlagen werden elektronisch zur Verfügung gestellt
unter:
https://www.evergabe.de/unterlagen/54321-Tender-1a06bf27808-765c7f960904949b
Maßnahmen zum Schutz vertraulicher Informationen:
Nein
Nachforderung:
Fehlende Unterlagen, deren Vorlage mit dem Angebot gefordert war, werden teilweise nachgefordert
und zwar folgende Unterlagen: Fehlende Unterlagen, deren Vorlage mit dem Angebot gefordert war, werden teilweise nachgefordert und zwar folgende Unterlagen: siehe Formblatt 216 Punkt 1.1, 1.2 und 1.4. Nicht nachgefordert werden die Unterlagen aus Formblatt 216 Punkt 1.3

o) Ablauf der Angebotsfrist

am:
05.10.2026
um:
15:00 Uhr
Ablauf der Bindefrist am:
25.11.2026

p)

Adresse für elektronische Angebote (URL): https://www.evergabe.de
Anschrift für schriftliche Angebote: -ENTFÄLLT- (es sind ausschließlich elektronische Angebote zugelassen)

q) Sprache, in der die Angebote abgefasst sein müssen

Deutsch

r) Zuschlagskriterien

nachfolgende Zuschlagskriterien, ggf. einschl. Gewichtung:
1 Gesamtgestaltung und Idee (30%), 2 Spielwert, Funktionen (30%), 3 Berücksichtigung Altersgruppen und Befähigung (30%), 4 Mängelansprüchefrist (10%)

s) Eröffnungstermin

am:
05.10.2026
um:
15:00 Uhr
Ort:
entfällt, da ausschließlich elektronische Angebotsabgabe zugelassen
Personen, die bei der Eröffnung anwesend sein dürfen:
Beauftragte des Auftraggebers

t) geforderte Sicherheiten

siehe Vergabeunterlagen

u) Wesentliche Finanzierungs- und Zahlungsbedingungen und/oder Hinweise auf die maßgeblichen Vorschriften, in denen sie enthalten sind

siehe Vergabeunterlagen

v) Rechtsform der/Anforderung an Bietergemeinschaften

gesamtschuldnerisch haftende Bietergemeinschaft mit bevollmächtigtem Vertreter

w) Beurteilung der Eignung

Präqualifizierte Unternehmen führen den Nachweis der Eignung durch den Eintrag in die Liste des Vereins für die Präqualifikation von Bauunternehmen e.V. (Präqualifikationsverzeichnis). Bei Einsatz von Nachunternehmen ist auf gesondertes Verlangen nachzuweisen, dass diese präqualifiziert sind oder die Voraussetzung für die Präqualifikation erfüllen.
Nicht präqualifizierte Unternehmen haben als vorläufigen Nachweis der Eignung mit dem Angebot das ausgefüllte Formblatt ''Eigenerklärung zur Eignung'' vorzulegen. Bei Einsatz von Nachunternehmen sind auf gesondertes Verlangen die Eigenerklärungen auch für diese abzugeben. Sind die Nachunternehmen präqualifiziert, reicht die Angabe der Nummer, unter der diese in der Liste des Vereins für die Präqualifikation von Bauunternehmen e.V. (Präqualifikationsverzeichnis) geführt werden.
Gelangt das Angebot in die engere Wahl, sind die Eigenerklärungen (auch die der Nachunternehmen) auf gesondertes Verlangen durch Vorlage der in der ''Eigenerklärung zur Eignung'' genannten Bescheinigungen zuständiger Stellen zu bestätigen. Bescheinigungen, die nicht in deutscher Sprache abgefasst sind, ist eine Übersetzung in die deutsche Sprache beizufügen.
Das Formblatt 'Eigenerklärung zur Eignung' ist erhältlich:
Siehe Vergabeunterlagen; +++ZU BEACHTEN: 1. Der Bieter hat zum Nachweis seiner Fachkunde, Leistungsfähigkeit u. Zuverlässigkeit MIT ANGEBOTSABGABE die Eigenerklärung zur Eignung mit folgenden Angaben einzureichen: - Angaben zum Umsatz des Unternehmens jeweils bezogen auf die letzten drei abgeschlossenen Geschäftsjahre, soweit es Bauleistungen und andere Leistungen betrifft, die mit der zu vergebenden Leistung vergleichbar sind, unter Einschluss des Anteils bei gemeinsam mit anderen Unternehmen ausgeführten Aufträgen; - Angaben über die Ausführung von Leistungen in den letzten 5 Kalenderjahren, die mit der zu vergebenden Leistung vergleichbar sind (mind. 3 Eigenreferenzen; 1. Referenzgeber: Bauherr/Auftraggeber (Name, Anschrift, Telefonnummer/Mail-Adresse), 2. Bezeichnung des Bauvorhabens, 3. Ort der Ausführung (Ort, Straße), 4. Auftragssumme, 5. Ausführungszeit (Montat/Jahr von Baubeginn und Fertigstellung), 6. Kurzbezeichnung der Baumaßnahme einschließlich eventueller Besonderheiten der Ausführung, ggf. auch im Bezug auf besondere technische und gerätespezifische Anforderungen); - Angaben zur Zahl der in den letzten 3 abgeschlossenen Kalenderjahren jahresdurchschnittlich beschäftigten Arbeitskräfte, gegliedert nach Lohngruppen mit gesondert ausgewiesenem technischem Leitungspersonal; - Erklärung zur Eintragung bei Handwerkskammer bzw. Industrie- und Handelskammer (Name u. Ort der Instituiton, Mitgliedsnr., Gegenstand des Unternehmens); - Angaben zur Eintragung in das Handelsregister (Nr. u. Registergericht); - Erklärung zur Zahlung von Abgaben und Beiträgen sowie Sozialversicherung; - Angaben zur Zahlung von Beiträgen zur Unfallversicherung (Name des Versichrungsträgers und Nr.); - Angaben zur Zahlung von Beiträgen zur tariflichen Sozialkasse (Name der Sozialkasse); - Erklärung zu Freistellungsbescheinigung nach § 48 EStG; - Erklärung zu Insolvenzverfahren; - Erklärung zu Liquidation; - Erklärung zu schwerer Verfehlung nach § 6a Absatz 2 Nummer 7 VOB/A
2. Der Nachweis der Eignung kann auch durch Eintrag in die Liste des Vereins für die Präqualifikation von Bauunternehmen e.V. (Präqualifikationsnachweis VOB mittels PQ-Verein) geführt werden.
3. - Angabe, welche Teile des Auftrags der Unternehmer unter Umständen als Unteraufträge zu vergeben beabsichtigt.+++
Darüber hinaus hat der Bieter zum Nachweis seiner Fachkunde folgende Angaben gemäß § 6a Abs. 3 VOB/A zu machen:

x) Nachprüfung behaupteter Verstöße

Nachprüfungsstelle (§ 21 VOB/A):
(nach vorheriger Rüge beim Auftraggeber via Bietercockpit auf https://www.evergabe.de) Landesdirektion Sachsen, Referat 39 (E-Mail: post@lds.sachsen.de)
09105 Chemnitz (Besucheranschrift: Stauffenber; Diese elektronische Bekanntmachung auf https://www.evergabe.de ist die einzige amtliche Veröffentlichung. Eventuelle nachträgliche Informationen erfolgen ausschließlich über die Plattform evergabe.de.


Spielplätze,Landschaftsbau/ Außenanlagen,Spielplätze/ Freizeitanlagen (Ausstattung)"
25823772,1,LOT-0000,,,,Rahmenvereinbarung Zeitvertragsarbeiten Landschaftsbau | Campus Saarbrücken & Dudweiler,,,"Zeitvertragsarbeiten Landschaftsbau | Campus Saarbrücken & Dudweiler

Rahmenvereinbarung Zeitvertragsarbeiten Landschaftsbau | Campus Saarbrücken & Dudweiler"
25826946,1,LOT-0000,,,,Tief- und Rohbau Brandschutzertüchtigung Müllheizkraftwerk Neustadt i.H,,,"Im Rahmen der Brandschutzertüchtigung des Müllheizkraftwerkes Neustadt in Holstein wird die Löschanlage im Müllbunker sowie in den Trafoanlagen erneuert.
Damit im Zusammenhang sind folgende bauliche Anlagen neu zu erstellen :
- Löschwasserzentrale mit Schaumzumischung
- Löschwasserbehälter mit Pumpenhaus
- ein Lagerraum für Gas für die Inertisierungsanlage des Traforaumes sowie des Mittelspannungsraumes

Tief- und Rohbau Brandschutzertüchtigung Müllheizkraftwerk Neustadt i.H"
25822568,1,LOT-0000,,,,Erneuerung Zentralkälte | Erzgebirgsklinikum gGmbH Haus Annaberg,,,"Der Auftraggeber Erzgebirgsklinikum gGmbH, Chemnitzer Str. 15, 09456 Annaberg-Buchholz, Deutschland gibt in dem Vergabeverfahren mit der Vergabenummer VE01 zu der am 13.08.2026 07:06 Uhr auf www.evergabe.de (Vergabe-ID: 3437229) veröffentlichten Bekanntmachung mit dem Titel ""Erneuerung Zentralkälte | Erzgebirgsklinikum gGmbH Haus Annaberg"" folgende Berichtigung bekannt:
Die Abgabefrist wird auf den 21.09.2026 um 13:00 Uhr verlängert.


Klimatechnik-/ Lüftungstechnik,Kältetechnik"
25823254,1,LOT-0000,,,,"studierendenWERK BERLIN WH Danckelmannstr., Instandsetzung/Umbau der Sanitärbereiche und der Gemeinschaftsküchen, Abbrucharbeiten und Schadstoffsanierungsarbeiten",,,"studierendenWERK BERLIN WH Danckelmannstr., Instandsetzung/Umbau der Sanitärbereiche und der Gemeinschaftsküchen, Abbrucharbeiten und Schadstoffsanierungsarbeiten"
25825458,1,LOT-0000,,,,FB.RayBarracks.Entsorgung von Haufwerken,,,"Allgemeine Regelungen für Bauarbeiten jeder Art (DIN 18 299);

Entsorgung Haufwerke"
25822564,1,LOT-0000,,,,"Kompetenzzentrum Stein, Los 06 - Fenster, Außentüren, PR-Konstruktion",,,"a) Auftraggeber:  Offizielle Bezeichnung: Landratsamt Bautzen; Bereich/Abteilung: Zentrale Vergabestelle; Straße, Hausnummer: Bahnhofstraße 9; Postleitzahl: 02625; Ort: Bautzen; Land: DE; Telefon: +49 3591-5251-23312; Fax: +49 3591-5250-23312; Internet-Adresse: https://www.landkreis-bautzen.de; E-Mail: vergabe2@lra-bautzen.de
b) Vergabeart: Öffentliche Ausschreibung
c) Angebote können nur elektronisch abgegeben werden.
d) Art des Auftrages: Hochbau: Fenster, Außentüren, PR-Konstruktion
e) Ort(e) der Ausführung: Offizielle Bezeichnung: Kompetenzzentrum Stein; Straße, Hausnummer: August-Bebel-Straße 17; Postleitzahl: 01877; Ort: Demitz-Thumitz; Land: DE
f) Art und Umfang der Leistung: Der Landkreis Bautzen plant die Modernisierung und Weiterentwicklung der Sächsischen Steinmetzschule Demitz-Thumitz zum Kompetenzzentrum Stein.

Die Leistung umfasst die Lieferung und Montage von Aluminiumfenstern, Außentüren, Fensterbänken, außenliegenden Raffstores sowie Aluminium-Pfosten-Riegel-Fassaden einschließlich Verglasungen, Beschlägen, Befestigungen und Baukörperanschlüssen.

Für o.g. Los ist mit folgenden Grobmengen zu rechnen:
 
Aluminiumfenster:
• ca. 25 St Aluminiumfenster bzw. Festverglasungen in unterschiedlichen Abmessungen
• davon ca. 21 St Fenster/Festverglasungen im Anbau Schule
• ca. 4 St Kippfenster im CNC-Gebäude
• hochwärmegedämmte Aluminium-Profilsysteme
• Sonnenschutz- und Sicherheitsverglasungen entsprechend Einbausituation
• Oberfläche pulverbeschichtet, RAL 7043

Sonnenschutz:
• ca. 11 St motorisch betriebene Raffstores/Außenjalousien
• Aluminium-Z-Lamellen, Motorantrieb 230 V
• einschließlich Kästen, Führungsschienen, Halterungen und Funktionsprüfung

Fensterbänke:
• ca. 23 St Naturstein-Außenfensterbänke aus Lausitzer Granit
• ca. 23 St Naturstein-Innenfensterbänke aus Lausitzer Granit
• ca. 8 St weitere Fensterbänke im CNC-Gebäude

Außentüren:
• 3 St thermisch getrennte Aluminium-Außentüren, davon 1 St mit festverglastem Seitenteil
• 2 St Stahl-Außentürelemente im Bereich CNC-Gebäude/Schauer, davon 1 St einflügelig und 1 St zweiflügelig
• teilweise als Notausgangstüren mit Fluchttürbeschlägen
• einschließlich Türschließern, Beschlägen, Schwellen- und Baukörperanschlüssen

Pfosten-Riegel-Fassaden:
• ca. 60 m2 thermisch getrennte Aluminium-Pfosten-Riegel-Fassade
• 2 Fassadenbereiche mit jeweils ca. 30 m2
• sichtbare Profilbreite ca. 60 mm
• Mehrscheiben-Isolierverglasung sowie opake und wärmegedämmte Paneelfelder
• einschließlich Pfosten, Riegel, Druckleisten, Deckschalen, Konsolen, Befestigungen und Baukörperanschlüsse
• zusätzlich ca. 50 m Anschluss-, Sockel-, Laibungs- und Sturzbleche

Sonstige Leistungen:
• Werkstatt- und Montageplanung sowie Aufmaß und technische Bearbeitung
• erforderliche statische und bauphysikalische Nachweise
• Dokumentations-, Wartungs- und Bedienungsunterlagen
• Bauteilschutz bis zur Abnahme
• Nachjustierung der Fenster- und Türelemente nach ca. einem Jahr

Mit dem Angebot ist einzureichen:
• Formblatt (FB) 213 - Angebotsschreiben
• Teile der Leistungsbeschreibung: Leistungsverzeichnis/Leistungsprogramm (LV)
• Bieterangabenverzeichnis
• Produktdatenblätter angebotener Fabrikate/ Produkte, Prüfzeugnisse lt. LV
• ggf. GAEB-Datei 
• FB 124 - Eigenerklärung zur Eignung
• FB 221 und/ oder 222 - Angaben zur Preisermittlung

Folgende Erklärungen werden Ihnen zur Verfügung gestellt und sind dem Angebot im Bedarfsfall entsprechend der Aufforderung zur Abgabe eines Angebots (FB 631) beizufügen:
• FB 233 - Verzeichnis der Nachunternehmerleistungen
• FB 234 - Erklärung Bieter-/Arbeitsgemeinschaft
• FB 235 - Verzeichnis der Leistungen/Kapazitäten anderer Unternehmen

Konkretisierung Nachforderung (Punkt 3.3 FB 211):
Eine Nachforderung von Unterlagen ist teilweise ausgeschlossen.

Eine Nachforderung von Unterlagen erfolgt im Rahmen von § 16a VOB/A.
Eine Nachforderung des Angebotsschreibens sowie Teilen davon und/ oder des Leistungsverzeichnisses sowie Teilen davon erfolgt nicht.
Eine Nachforderung fehlender Preisangaben nach § 16a Abs. 2 VOB/A bleibt hiervon unberührt.

Hinweis zur Einreichung von Nebenangeboten:
Nebenangebote müssen auf einer besonderen Anlage eingereicht u. als solche deutlich gekennzeichnet werden (vgl. §13 Abs. 3 Satz 2 VOB/A). Sie sind nur in Verbindung mit einem Hauptangebot zugelassen.
Die Gleichwertigkeit der angebotenen mit der vorgegebenen Konstruktion ist durch Detailzeichnungen, Muster und System-Prüfzeugnisse mit Angebotsabgabe nachzuweisen.

Alle weiteren Einzelheiten entnehmen Sie bitte den beigefügten Verdingungsunterlagen.
g) Es werden Planungsleistungen gefordert: Werkplanung: bis 02.12.2026
h) Aufteilung in mehrere Lose: nein
i) Ausführungsfristen: Beginn: 23.11.2026, Ende: 26.02.2027, Werkplanung: bis 02.12.2026
j) Gegebenenfalls Angaben nach § 8 Absatz 2 Nummer 3 zur Nichtzulassung von Nebenangeboten: Entfällt, da Nebenangebote zugelassen sind.
k) Gegebenenfalls Angaben nach § 8 Absatz 2 Nummer 4 zur Nichtzulassung der Abgabe mehrerer Hauptangebote: Entfällt, da die Abgabe mehrerer Hauptangebote zugelassen ist.
 l) Stelle, bei der die Vergabeunterlagen angefordert werden können: Die Vergabeunterlagen werden auf der Vergabeplattform evergabe.de bereitgestellt. Ein unentgeltlicher Abruf ohne Registrierung ist möglich unter https://www.evergabe.de/unterlagen/3454354/zustellweg-auswaehlen.
m) Kosten für Vervielfältigungen der Vergabeunterlagen: entfällt
n) entfällt
o) Frist für den Eingang der Angebote: 07.10.2026, 10:00 Uhr; Bindefrist: 17.11.2026
p) Elektronische Angebote sind auf der Vergabeplattform evergabe.de abzugeben.
q) Angebote sind abzufassen in: Deutsch
r) Zuschlagskriterien, sofern diese nicht in den Vergabeunterlagen genannt werden und gegebenenfalls deren Gewichtung: Zuschlagskriterium ist, bei Erfüllung aller Anforderungen, der Preis.
s) Eröffnungstermin: Datum: 07.10.2026, 10:00 Uhr; Ort: elektronische Öffnung über eVergabe.de; Personen, die anwesend sein dürfen: keine
t) Sicherheiten: gem. Ausschreibungsunterlagen und VOB/B
u) Finanzierungs- und Zahlungsbedingungen: gem. Ausschreibungsunterlagen und VOB/B
v) Rechtsform einer Bietergemeinschaft: nicht angegeben
w) Verlangte Nachweise für die Beurteilung der Eignung: Präqualifizierte Unternehmen führen den Nachweis der Eignung durch den Eintrag in die Liste des Vereins für die Präqualifikation von Bauunternehmen e.V. (Präqualifikationsverzeichnis). Bei Einsatz von Nachunternehmen ist auf gesondertes Verlangen nachzuweisen, dass diese präqualifiziert sind oder die Voraussetzung für die Präqualifikation erfüllen. Nicht präqualifizierte Unternehmen haben als vorläufigen Nachweis der Eignung mit dem Angebot das ausgefüllte Formblatt 124 VHB Bund Ausgabe 2017 – Stand 2019 &#39;&#39;Eigenerklärung zur Eignung&#39;&#39; vorzulegen. Bei Einsatz von Nachunternehmen sind auf gesondertes Verlangen die Eigenerklärungen auch für diese abzugeben. Sind die Nachunternehmen präqualifiziert, reicht die Angabe der Nummer, unter der diese im Präqualifikationsverzeichnis (s.o.) geführt werden. Gelangt das Angebot in die engere Wahl, sind die Eigenerklärungen (auch die der Nachunternehmen) auf gesondertes Verlangen durch Vorlage der in der &#39;&#39;Eigenerklärung zur Eignung&#39;&#39; genannten Bescheinigungen zuständiger Stellen zu bestätigen. Bescheinigungen, die nicht in deutscher Sprache abgefasst sind, ist eine Übersetzung in die deutsche Sprache beizufügen. Das Formblatt &#39;Eigenerklärungen zur Eignung&#39; ist erhältlich: Siehe Vergabeunterlagen; ZU BEACHTEN: Der Bieter hat zum Nachweis seiner Fachkunde, Leistungsfähigkeit u. Zuverlässigkeit MIT ANGEBOTSABGABE die Eigenerklärung zur Eignung mit folgenden Angaben einzureichen: I. Verpflichtende Eignungsnachweise (Der Nachweis der Eignung kann auch mittels Präqualifikationsnachweis (s.o.) geführt werden.): 1.1. Angabe, dass nachweislich keine schwere Verfehlung begangen wurde, die die Zuverlässigkeit in Frage stellt; 1.2. Angaben zur Zahlung von Steuern, Abgaben und Beiträgen zur Sozialversicherung; 1.3. Angabe zu Insolvenzverfahren und Liquidation; 2.1. Angaben zu Registereintragungen; 2.2. Angabe zur Mitgliedschaft bei der Berufsgenossenschaft; 4.1. Vorlage geeigneter Referenzen über die Ausführung von Bauleistungen in den letzten 5 Kalenderjahren, die mit der zu vergebenden Leistung vergleichbar sind.; 4.2. Angabe zu Arbeitskräften + II. Ergänzende Eignungsnachweise: 1. Angabe der technischen Fachkräfte oder der technischen Stellen, die im Zusammenhang mit der Leistungserbringung eingesetzt werden sollen; 2. Beschreibung der technischen Ausrüstung des Unternehmens; 3. Beschreibung der Maßnahmen zur Qualitätssicherung des Unternehmens; 4. Angabe, welche Teile des Auftrags ich/wir an Unterauftrag-/Nachunternehmer vergeben beabsichtige(n). +++ HINWEIS: Gem. § 3 Abs. 1 SächsVergabeG ist grundsätzlich die Eigenerklärung vorzulegen. Bitte verwenden Sie hierfür das Ihnen zur Verfügung gestellte Formblatt 124 - Eigenerklärung zur Eignung der Angebotsheftung.
x) Vergabenachprüfstelle: Offizielle Bezeichnung: Landesdirektion Sachsen, Dienststelle Dresden; Bereich/Abteilung: Referat 39; Straße, Hausnummer: Stauffenbergallee 2; Postleitzahl: 01099; Ort: Dresden; Land: DE

Türen (Rauchschutz/ Brandschutz),Naturstein/ Steinmetz,Fenster/ Türen (Metall),Pfosten-Riegel-Fassade,Sonnenschutzeinrichtungen (außen),Verglasung,Beschläge"
25823764,1,LOT-0000,,,,,,,küchentechnische Anlage
25822740,1,LOT-0000,,,,Reichenbach bis Betonstraße (mit Radweg) - 3.BA und Reichenbach-Behringen Radweg,,,"Die Vergabestelle gibt bekannt, dass die Ausschreibung: ""Reichenbach bis Betonstraße (mit Radweg) - 3.BA und Reichenbach-Behringen Radweg"" mit der Vergabenummer: ""210023 - III"" in der Vergabeart: ""Öffentliche Ausschreibung"" aufgehoben wurde.

Straßenbau/ Tiefbau/ Erschließung (Komplettleistung),Straßenbau,Fußwege/ Radwege,Entwässerungskanäle,Trinkwasserleitungen"
25822560,1,LOT-0000,,,,Umbau Werkstatt zum Feuerwehrstandort in 01612 Glaubitz- Blitzschutzarbeiten,,,"a) Auftraggeber:  Offizielle Bezeichnung: VG Nünchritz-Glaubitz, i. A. der Gemeinde Glaubitz; Bereich/Abteilung: Bauamt; Straße, Hausnummer: Glaubitzer Straße 10; Postleitzahl: 01612; Ort: Nünchritz; Land: DE; Telefon: +49 352655000; Fax: +49 3526550053; E-Mail: post@nuenchritz.de
b) Vergabeart: Öffentliche Ausschreibung
c) Angebote können nur elektronisch abgegeben werden.
d) Art des Auftrages: Ausführung von Bauleistungen
e) Ort(e) der Ausführung: Offizielle Bezeichnung: Feuerwehrstandort Glaubitz; Straße, Hausnummer: Am Dorfteich 12; Postleitzahl: 01612; Ort: Glaubitz; Land: DE
f) Art und Umfang der Leistung: 400 m	Erdung Ringerder Stahl niro Fl30
270 m 	Erdung Funktionspotenzialausgleich Rd10-St
75 St	Verbinder Kl.N Kreuzverbindung Stahl niro
60 St	Verbindungsklemme für Bewehrungen
200 m	Fangltg Rd8-Al Flachdach
260 m	Fangltg Rd8-Al Grad und First
130 m 	Abltg Rd10-Al Wand sichtbar
5 St 	CUI-Abltg 3,5m
20 St 	Gittermatten für Potentialsteuerung
g) Es werden keine Planungsleistungen gefordert
h) Aufteilung in mehrere Lose: nein
i) Ausführungsfristen: Beginn: 02.11.2026, Ende: 30.10.2027, 1. Tiefbau: der umlaufende Ringerder muss in 4 zeitlich versetzen Bauabschnitten verlegt werden.     2. Rohbau: Das Gebäude wird in 4 zeitlich versetzen Bauabschnitten umgebaut. Die Verlegung der einzelnen neuen Fundamterder erfolgt damit auch in 4 zeitlich versetzten Bauabschnitten.      3. Fassade: Das Gebäude wird in 4 zeitlich versetzen Bauabschnitten umgebaut. Die Verlegung der einzelnen neuen Ableitungen erfolgt damit auch in 4 zeitlich versetzten Bauabschnitten.      4. Dachaufbau/Eindeckung: Das Gebäude wird in 4 zeitlich versetzen Bauabschnitten umgebaut. Die Verlegung der einzelnen neuen Fangleitungen erfolgt damit auch in 4 zeitlich versetzten Bauabschnitten. Dazu sind die verschiedenen Dachtypen (Flachdach und Schrägdach) zu beachten.     Dieser zeitliche Bauablauf ist zwingend bei der Kalkulation zu berücksichtigen und einzupreisen.
j) Gegebenenfalls Angaben nach § 8 Absatz 2 Nummer 3 zur Nichtzulassung von Nebenangeboten: Entfällt, da Nebenangebote zugelassen sind.
k) Gegebenenfalls Angaben nach § 8 Absatz 2 Nummer 4 zur Nichtzulassung der Abgabe mehrerer Hauptangebote: Die Abgabe mehrerer Hauptangebote ist nicht zugelassen. Nebenangebote zulässig nur in Verbindung mit einem Hauptangebot.
 l) Stelle, bei der die Vergabeunterlagen angefordert werden können: Die Vergabeunterlagen werden auf der Vergabeplattform evergabe.de bereitgestellt. Ein unentgeltlicher Abruf ohne Registrierung ist möglich unter https://www.evergabe.de/unterlagen/3454325/zustellweg-auswaehlen.
m) Kosten für Vervielfältigungen der Vergabeunterlagen: entfällt
n) entfällt
o) Frist für den Eingang der Angebote: 01.10.2026, 13:00 Uhr; Bindefrist: 30.10.2026
p) Elektronische Angebote sind auf der Vergabeplattform evergabe.de abzugeben.
q) Angebote sind abzufassen in: Deutsch
r) Zuschlagskriterien, sofern diese nicht in den Vergabeunterlagen genannt werden und gegebenenfalls deren Gewichtung: Die Zuschlagskriterien sind in den Vergabeunterlagen genannt.
s) Eröffnungstermin: Datum: 01.10.2026, 13:00 Uhr; Ort: Rathaus Nünchritz; Personen, die anwesend sein dürfen: keine - nur elektronische Angebotsabgabe möglich
t) Sicherheiten: gemäß § 9 VOB/A und § 17 VOB/B
u) Finanzierungs- und Zahlungsbedingungen: gemäß § 16 VOB/B
v) Rechtsform einer Bietergemeinschaft: Gesamtschuldnerisch haftend mit bevollmächtigtem Vertreter
w) Verlangte Nachweise für die Beurteilung der Eignung: Der Bieter hat zum Nachweis seiner Fachkunde, Leistungsfähigkeit und Zuverlässigkeit Angaben zu machen gemäß § 8 Nr. 3 Abs. 1 Buchstabe a bis f VOB/A. Der Bewerber hat eine Bescheinigung der Berufs- genossenschaft/Handelsregister / Berufsregister vorzulegen. Bieter, die nicht Ihren Sitz in der BRD haben, haben eine Bescheinigung des für sie zuständigen Versicherungsträgers vorzulegen.
x) Vergabenachprüfstelle: Offizielle Bezeichnung: Landratsamt Meißen; Bereich/Abteilung: VOB-stelle; Straße, Hausnummer: Brauhausstraße 21; Postleitzahl: 01662; Ort: Meißen; Land: DE

Blitzschutz"
25825442,1,LOT-0000,,,,"Neubau Straßenmeisterei Mittenwalde, Los Herstellung Winkelstützwand - Westgrenze",,,"Neubau Straßenmeisterei Mittenwalde, Los Herstellung Winkelstützwand - Westgrenze

Neubau Straßenmeisterei Mittenwalde, Los Herstellung Winkelstützwand - Westgrenze"
25826926,1,LOT-0000,,,,Barrierefreie Gestaltung von verschiedenen Haltestellen - Straßenbau,,,"Barrierefreie Gestaltung von verschiedenen Haltestellen - Straßenbau

Barrierefreie Gestaltung von verschiedenen Haltestellen - Straßenbau"
25771066,2,LOT-0000,,,,ÖSR_Löningen_Innentüren_und_Stahlzargen,,,"Lieferung und Einbau von Innentüren und Stahlzargen. Weitere Informationen sind dem LV zu entnehmen.

ÖSR_Löningen_Innentüren_und_Stahlzargen"
25823162,1,LOT-0000,,,,LJV Ausbau Kugelstände - Neubau Trafostand - Elektrotechnik,,,LJV Ausbau Kugelstände - Neubau Trafostand - Elektrotechnik
25822700,1,LOT-0000,,,,Sanierung Spielplatz und Umfeld Kranzberg,,,"a) Öffentlicher Auftraggeber (Vergabestelle)

Name und Anschrift:
Stadtverwaltung Werdau
Markt 10-18
08412 Werdau
Telefon:
+49 3761594-325
Fax:
E-Mail:
2.22reich@werdau.de
Internet:
www.werdau.de

b)

Vergabeverfahren:
Öffentliche Ausschreibung, VOB/A
Vergabenummer:
26-030-51.11.01.00-A003-Rei

c) Angaben zum elektronischen Vergabeverfahren und zur Ver- und Entschlüsselung der Unterlagen

Zugelassene Angebotsabgabe
elektronisch
in Textform

d) Art des Auftrags

Ausführung von Bauleistungen

e) Ort der Ausführung

08412 Werdau

f) Art und Umfang der Leistung, ggf. aufgeteilt nach Losen

Art der Leistung:
Los 003/26 Landschaftsbauarbeiten
Umfang der Leistung:
Abbruch:
Aushub 330 m³, Betonborde/Palisaden entfernen 205 m, Betonpflaster lösen 140 m², Spiel- und Sportgeräte demontieren 3 Stk, Zaun demontieren 65 m, Sand- und Kieskasten abbrechen 110 m²
Neubau / Wiederherstellung:
Geländemodellierung ca. 95 m³, Betonborde setzen 130 m, Pflasterwege/-flächen 170 m², Sandkasten 20 m³, Kieskasten 30 m³, Robinien-Einfassung 53 m, Holzdeck 5 m², Treppe 8 Stufen, Handlauf ca. 5 m, Zaun 65 m, Spiel- und Sportelemente 4 Stk, Bänke 2 Stk, Abfallbehälter 1 Stk, Fahrradbügel 2 Stk, Podest Hangrutsche 1 Stk, Findlinge 2 Stk, Rasenfläche 700 m², Strauchflächen 320 m², Hochstämme Bäume 4 Stk, Rosen 140 Stk, Wurzelstock fräsen 6 Stk

g) Angaben über den Zweck der baulichen Anlage oder des Auftrags, wenn auch Planungsleistungen gefordert werden

Zweck der baulichen Anlage:
Zweck des Auftrags:

h) Aufteilung in Lose (Art und Umfang der Lose siehe Buchstabe f)

Vergabe nach Losen:
Nein

i) Ausführungsfristen

Beginn der Ausführung:
02.11.2026
Fertigstellung oder Dauer der Leistungen:
16.04.2027
weitere Fristen:
Fertigstellung bis 18.12.2026 Titel 01-11
Fertigstellung bis 16.04.2027 Titel 12-13

j) Nebenangebote

nur in Verbindung mit einem Hauptangebot zugelassen

k) mehrere Hauptangebote

nicht zugelassen

l) Bereitstellung/Anforderung der Vergabeunterlagen

Vergabeunterlagen werden elektronisch zur Verfügung gestellt
unter:
https://www.evergabe.de/unterlagen/54321-Tender-1a09ff7a678-6c0d75b98eb6c51e
Maßnahmen zum Schutz vertraulicher Informationen:
Nein
Nachforderung:
Fehlende Unterlagen, deren Vorlage mit dem Angebot gefordert war, werden nachgefordert

o) Ablauf der Angebotsfrist

am:
02.10.2026
um:
10:00 Uhr
Ablauf der Bindefrist am:
02.11.2026

p)

Adresse für elektronische Angebote (URL): https://www.evergabe.de
Anschrift für schriftliche Angebote: -ENTFÄLLT- (es sind ausschließlich elektronische Angebote zugelassen)

q) Sprache, in der die Angebote abgefasst sein müssen

Deutsch

r) Zuschlagskriterien

nachfolgende Zuschlagskriterien, ggf. einschl. Gewichtung:
Niedrigster Preis

s) Eröffnungstermin

Der Eröffnungstermin entfällt, es sind ausschließlich elektronische Angebote zugelassen.
Ort:
Stadt Werdau
Markt 10
08412 Werdau
Personen, die bei der Eröffnung anwesend sein dürfen:

t) geforderte Sicherheiten



u) Wesentliche Finanzierungs- und Zahlungsbedingungen und/oder Hinweise auf die maßgeblichen Vorschriften, in denen sie enthalten sind



v) Rechtsform der/Anforderung an Bietergemeinschaften

gesamtschuldnerisch haftend

w) Beurteilung der Eignung

Präqualifizierte Unternehmen führen den Nachweis der Eignung durch den Eintrag in die Liste des Vereins für die Präqualifikation von Bauunternehmen e.V. (Präqualifikationsverzeichnis). Bei Einsatz von Nachunternehmen ist auf gesondertes Verlangen nachzuweisen, dass diese präqualifiziert sind oder die Voraussetzung für die Präqualifikation erfüllen.
Nicht präqualifizierte Unternehmen haben als vorläufigen Nachweis der Eignung mit dem Angebot das ausgefüllte Formblatt ''Eigenerklärung zur Eignung'' vorzulegen. Bei Einsatz von Nachunternehmen sind auf gesondertes Verlangen die Eigenerklärungen auch für diese abzugeben. Sind die Nachunternehmen präqualifiziert, reicht die Angabe der Nummer, unter der diese in der Liste des Vereins für die Präqualifikation von Bauunternehmen e.V. (Präqualifikationsverzeichnis) geführt werden.
Gelangt das Angebot in die engere Wahl, sind die Eigenerklärungen (auch die der Nachunternehmen) auf gesondertes Verlangen durch Vorlage der in der ''Eigenerklärung zur Eignung'' genannten Bescheinigungen zuständiger Stellen zu bestätigen. Bescheinigungen, die nicht in deutscher Sprache abgefasst sind, ist eine Übersetzung in die deutsche Sprache beizufügen.
Das Formblatt 'Eigenerklärung zur Eignung' ist erhältlich:
Darüber hinaus hat der Bieter zum Nachweis seiner Fachkunde folgende Angaben gemäß § 6a Abs. 3 VOB/A zu machen:

x) Nachprüfung behaupteter Verstöße

Nachprüfungsstelle (§ 21 VOB/A):
Landesdirektion Sachsen, Referat 39
Stauffenbergallee 2
01099 Dresden

y) Sonstige Angaben




Spielplätze,Landschaftsbau/ Außenanlagen,Spielplätze/ Freizeitanlagen (Ausstattung)"
25823044,1,LOT-0000,,,,B437 Nachrüstung FRS Jade-Schwei,,,B437 Nachrüstung FRS Jade-Schwei
25826922,1,LOT-0000,,,,Neubau Feuerwehrgerätehaus in der Ortsgemeinde Konken; hier: Gewerk - Industrieparkett,,,"Die Verbandsgemeinde Kusel-Altenglan beabsichtigt den Neubau eines Feuerwehrgerätehauses in der Ortsgemeinde Konken.
Bei dieser Ausschreibung handelt es sich um die Leistungen "" Industrieparkett"".


Hauptmassen:
Hochkantlamellenparkett: 110,00 m²


Wichtiger Hinweis: 
Bieterfragen während der Angebotsphase sind spätestens bis drei volle Werktage vor der Submission über die Vergabeplattform oder per Mail einzureichen, um eine fundierte Beantwortung zu gewährleisten.


Näheres entnehmen Sie bitte den beigefügten Vergabeunterlagen!

Neubau Feuerwehrgerätehaus in der Ortsgemeinde Konken; hier: Gewerk - Industrieparkett"
25825706,1,LOT-0000,,,,Erweiterte Rohbauarbeiten für den Umbau einer Lüftungsanlage - Freizeitbad monte mare Rheinbach,,,Erweiterte Rohbauarbeiten für den Umbau einer Lüftungsanlage - Freizeitbad monte mare Rheinbach
25826914,1,LOT-0000,,,,Generalmodernisierung Hl. Geist Spital Landshut: Aufzug Vorwegmaßnahme,,,"Vorwegmaßnahme Aufzug

Generalmodernisierung Hl. Geist Spital Landshut: Aufzug Vorwegmaßnahme"
25826004,1,LOT-0000,,,,Vergebener Auftrag: Sanierung Trinkwasser Nebel und 1. BA Eisenbahnstraße (Sanierung Trinkwasser Nebel),,,Vergebener Auftrag: Sanierung Trinkwasser Nebel und 1. BA Eisenbahnstraße (Sanierung Trinkwasser Nebel)
25826008,1,LOT-0000,,,,Vergebener Auftrag: Sanierung Trinkwasser Nebel und 1. BA Eisenbahnstraße (Sanierung Trinkwasser BA1 Eisenbahn),,,Vergebener Auftrag: Sanierung Trinkwasser Nebel und 1. BA Eisenbahnstraße (Sanierung Trinkwasser BA1 Eisenbahn)
25823466,1,LOT-0000,,,,Baumscheiben Arnulfstraße,,,Baumscheiben Arnulfstraße
25825702,1,LOT-0000,,,,Neubau einer 1-Feld Sporthalle am Burgholzweg: Trockenbau,,,Neubau einer 1-Feld Sporthalle am Burgholzweg: Trockenbau
25823370,1,LOT-0000,,,,Teilsanierung Eichbuschteiche,,,Teilsanierung Eichbuschteiche
25826886,1,LOT-0000,,,,"Aufpflasterungen an der Eichenstraße, Teil 1, Straßenbau",,,"Pflasterarbeiten im Bestand, Rückbau Asphaltoberflächen

Aufpflasterungen an der Eichenstraße, Teil 1, Straßenbau"
25826906,1,LOT-0000,,,,Neubau eines Wohnmobilstellplatzes mit 24 Wohnmobil-Stellplätzen in 54589 Stadtkyll,,,"Die Ortsgemeinde Stadtkyll beabsichtigt im Zuge der Neugestaltung der Kyll und Kurparkgestaltung im Bereich der bisherigen Festplatzwiesen einen Wohnmobil-Stellplatz für 24 Wohnmobile zu errichten.

Neubau eines Wohnmobilstellplatzes mit 24 Wohnmobil-Stellplätzen in 54589 Stadtkyll"
25823040,1,LOT-0000,,,,"26A10235 - Physikalisch-Technische Bundesanstalt (PTB) Braunschweig, Bauunterhaltung - Schering-Bau Hochspannungshalle - Demontage und Errichtung einer Krananlage",,,"26A10235 - Physikalisch-Technische Bundesanstalt (PTB) Braunschweig, Bauunterhaltung - Schering-Bau Hochspannungshalle - Demontage und Errichtung einer Krananlage"
25823748,1,LOT-0000,,,,A10 Ersatzneubau BW57 Fahrzeugrückhaltesysteme beide RF,,,"A10 Ersatzneubau BW57 Fahrzeugrückhaltesysteme beide RF

Fahrzeugrückhaltesysteme"
25823170,1,LOT-0000,,,,Trockenbauarbeiten,,,Trockenbauarbeiten
25825296,1,LOT-0000,,,,VG - Neubau FwGH Salmtal - Druckluftanlage,,,"Druckluftanlage

VG - Neubau FwGH Salmtal - Druckluftanlage"
25822552,1,LOT-0000,,,,"Transparenzbekanntmachung Kompetenzzentrum Stein, Los 17 - CNC Fräse (3. Ausschreibung)",,,"1. Allgemeine Informationen: Titel: Transparenzbekanntmachung Kompetenzzentrum Stein, Los 17 - CNC Fräse (3. Ausschreibung); Vergabenummer: 26 288 2; Die Bekanntmachung erfolgt wegen bestehender Binnenmarktrelevanz: ja
2. Auftraggeber: Name des Auftraggebers: Landratsamt Bautzen; Straße, Hausnummer: Bahnhofstraße 9; PLZ: 02625; Ort: Bautzen; Land: Deutschland; Telefon: +49 3591-5251-23312; Fax: +49 3591-5250-23312; E-Mail: vergabe2@lra-bautzen.de; Internet-Adresse: https://www.landkreis-bautzen.de
3. Vergabeverfahren: Voraussichtliche Vergabeart/Rechtsrahmen: Beschränkte Ausschreibung ohne Teilnahmewettbewerb - VOB/A
4. Auftragsgegenstand: Angaben zum Auftragsgegenstand: Der Landkreis Bautzen plant die Modernisierung und Weiterentwicklung der Sächsischen Steinmetzschule Demitz-Thumitz zum Kompetenzzentrum Stein.

Hierfür erfolgt ein Neubau eines CNC-Gebäudes als spezieller Werkstatt- und Maschinenbereich zur Bearbeitung von Natur- und Kunststein.
Der Bereich umfasst die Unterbringung und Integration der CNC-Technik einschließlich der notwendigen baulichen, medientechnischen und logistischen Voraussetzungen (z. B. Einbringung/Handling schwerer Werkstücke, Versorgungsanschlüsse, Arbeitssicherheit).
Für die Ausbildung der Steinmetze benötigt die Schule das Lehrmittel bzw. die Maschine, um die Lehrplaninhalte entsprechend vermitteln zu können.
5. Ausführungsort: Offizielle Bezeichnung: Kompetenzzentrum Stein; Straße, Hausnummer: August-Bebel-Straße 17; PLZ: 01877; Ort: Demitz-Thumitz; Land: Deutschland
6. Art und Umfang der Leistung: CPV-Code: 45214800; Art und voraussichtlicher Umfang der Leistung: In diesem Los sind mit folgenden Grobmengen zu rechnen:
Lieferung, Montage, betriebsbereite Aufstellung und Inbetriebnahme einer 5-Achs-CNC-Brückensäge für die Sächsische Steinmetzschule einschließlich Arbeitstisch, Sicherheitseinrichtungen, Steuerung, CAM-Software, Einweisung, Dokumentation, Transport und Wartungsleistungen.
	
Wesentliche Leistungen
Der Leistungsumfang umfasst eine 5-Achs-CNC-Brückensäge mit Drehkopfsystem und einer Steuerung der aktuellen Generation oder technisch gleichwertig sowie einen stationären Arbeitstisch mit Abmessungen von ca. 3.000 x 2.000 mm und einer symmetrischen Tischbelastung von mindestens 4 t. Bestandteil der Leistung sind außerdem der Sägeblattschutz, die Maschinenabsicherung und überwachte vordere Schutztüren. Zum Leistungsumfang gehören weiterhin Montage, Aufstellung, Inbetriebnahme, Funktionsprüfung und Einweisung vor Ort, eine CAM-Software für die Natursteinbearbeitung als Dauerlizenz einschließlich Installation, der Transport frei Verwendungsstelle sowie eine deutschsprachige Maschinendokumentation. Ebenfalls einzukalkulieren sind die Software-Wartung sowie Service und Wartung der Maschine für einen Zeitraum von vier Jahren.
	
Verbindliche techn. Anforderungen
Die nachfolgend zusammengefassten Anforderungen sind verbindlich.
Die Schnitttiefe muss mindestens 200 mm betragen. Die Maschine muss einen Sägeblattbereich von 400 bis 650 mm vollständig abdecken. Der Sägemotor muss für den Betriebsmodus S6 ausgelegt sein. Gefordert werden eine Schutzart von mindestens IP66, eine Isolationsklasse von mindestens H, eine Vibrationsklasse von mindestens G2.5 sowie ein Rundlauf von maximal 0,01 mm.
Der Fahrweg der X-Achse muss mindestens 2.800 mm, der Fahrweg der Y-Achse mindestens 3.400 mm und der Fahrweg der Z-Achse mindestens 580 mm betragen. Die Drehachse muss einen Verfahrbereich von mindestens 360° und die Schwenkachse mindestens einen Bereich von -1° bis +91° abdecken. Die maximale Verfahrgeschwindigkeit muss für die X- und Y-Achse jeweils mindestens 40 m/min und für die Z-Achse mindestens 8 m/min betragen. Für die Dreh- und Schwenkachse werden jeweils mindestens 80°/s gefordert.
An allen fünf Bewegungsachsen sind Absolutwertgeber vorzusehen; nach dem Einschalten darf keine Referenzfahrt erforderlich sein. Die vorderen Schutztüren müssen mit VSG-Schutzfeldern ausgestattet sein. Weiterhin ist ein kabelloses und sicherheitstechnisch zugelassenes Funk-Handsteuerpult einschließlich Ladestation und Ersatzakku vorzusehen.
Die Aufstellung muss unter den vorgegebenen Gebäude- und Bodenrandbedingungen möglich sein. Gesonderte tragende Betonwände und Änderungen an tragenden Gebäudeteilen sind nicht zulässig.
7. Ausführungszeitraum: Voraussichtlicher Zeitraum der Ausführung: Einbau vor Ort ab: 01.03.2027
Leistungsende: 30.04.2027
8. Zusätzliche Angaben: Teilnehmerkreis: Keine Angabe; Sonstiges: Mit einer Interessenbekundung einer Teilnahme an der Ausschreibung ist die Eignung nachzuweisen.

Präqualifizierte Unternehmen führen den Nachweis der Eignung durch den Eintrag in die Liste des Vereins für die Präqualifikation von Bauunternehmen e.V. (Präqualifikationsverzeichnis). Bei Einsatz von Nachunternehmen ist auf gesondertes Verlangen nachzuweisen, dass diese präqualifiziert sind oder die Voraussetzung für die Präqualifikation erfüllen.

Nicht präqualifizierte Unternehmen können diesen Nachweis wie folgt führen:
1. Umsatz des Unternehmens in den letzten drei abgeschlossenen Geschäftsjahren, soweit er Bauleistungen und andere Leistungen betrifft, die mit der zu vergebenden Leistung vergleichbar sind unter Einschluss des Anteils bei gemeinsam mit anderen Unternehmen ausgeführten Leistungen
2. Vorlage geeigneter Referenzen über die Ausführung von Bauleistungen in den letzten 5 Kalenderjahren, die mit der zu vergebenden Leistung vergleichbar sind.; 
3. Angabe, dass nachweislich keine schwere Verfehlung begangen wurde, die die Zuverlässigkeit in Frage stellt; 
4. Angaben zur Zahlung von Steuern, Abgaben und Beiträgen zur Sozialversicherung; 
5. Angabe zu Insolvenzverfahren und Liquidation; 
6. Angaben zu Registereintragungen; 
7. Angabe zur Mitgliedschaft bei der Berufsgenossenschaft; 
8. Angabe zu Arbeitskräften 
Ergänzende Eignungsnachweise: 
1. Angabe der technischen Fachkräfte oder der technischen Stellen, die im Zusammenhang mit der Leistungserbringung eingesetzt werden sollen; 
2. Beschreibung der technischen Ausrüstung des Unternehmens; 
3. Beschreibung der Maßnahmen zur Qualitätssicherung des Unternehmens; 
4. Angabe, welche Teile des Auftrags ich/wir an Unterauftrag-/Nachunternehmer vergeben beabsichtige(n).; Datum, bis zu dessen Ablauf die Bekanntmachung sichtbar bleiben soll: 09.10.2026
9. Dokumente: -

Werkzeugmaschinen"
25823032,1,LOT-0000,,,,"26B20145 - Nato - Marinefliegerstützpunkt Nordholz, Anbau Geb. 95B Cross Serviceing, Tischlerarbeiten",,,"26B20145 - Nato - Marinefliegerstützpunkt Nordholz, Anbau Geb. 95B Cross Serviceing, Tischlerarbeiten"
25823016,1,LOT-0000,,,,Baufeldfreimachung  - L381,,,Baufeldfreimachung  - L381
25823402,1,LOT-0000,,,,Errichtung der Beschilderung im Geltungsbereich der AGV Lauchhammer Ost / W.-Külz-Str. / Ki 1.6,,,Errichtung der Beschilderung im Geltungsbereich der AGV Lauchhammer Ost / W.-Külz-Str. / Ki 1.6
25822732,1,LOT-0000,,,,Los 11 - Malerarbeiten,,,"a) Öffentlicher Auftraggeber (Vergabestelle)

Name und Anschrift:
Gemeinde Südeichsfeld
Hauptstraße 22
99988 Südeichsfeld / OT Heyerode
Telefon:
036024/80220
Fax:
036024/8022220
E-Mail:
info@lg-suedeichsfeld.de
Internet:

b)

Vergabeverfahren:
Öffentliche Ausschreibung, VOB/A
Vergabenummer:
054_LuSt11

c) Angaben zum elektronischen Vergabeverfahren und zur Ver- und Entschlüsselung der Unterlagen

Zugelassene Angebotsabgabe
schriftlich

d) Art des Auftrags

Ausführung von Bauleistungen

e) Ort der Ausführung

99988 Südeichsfeld

f) Art und Umfang der Leistung, ggf. aufgeteilt nach Losen

Art der Leistung:
Malerarbeiten für den Anbau an ein Sportlerheim in Lengenfeld u. Stein
Umfang der Leistung:
ca. 300 m² Malervlies mit Anstrich
ca. 160 m² Mineralanstrich auf Putz oder Beton
7 Türstahlzargen beschichten

g) Angaben über den Zweck der baulichen Anlage oder des Auftrags, wenn auch Planungsleistungen gefordert werden

Zweck der baulichen Anlage:
Zweck des Auftrags:

h) Aufteilung in Lose (Art und Umfang der Lose siehe Buchstabe f)

Vergabe nach Losen:
Nein

i) Ausführungsfristen

Beginn der Ausführung:
26.04.2027
Fertigstellung oder Dauer der Leistungen:
28.05.2027
weitere Fristen:

j) Nebenangebote

nur in Verbindung mit einem Hauptangebot zugelassen

k) mehrere Hauptangebote

nicht zugelassen

l) Bereitstellung/Anforderung der Vergabeunterlagen

Vergabeunterlagen werden elektronisch zur Verfügung gestellt
unter:
https://www.evergabe.de/unterlagen/54321-Tender-1a0a07d42d6-377f7dc0a55c40e5
Maßnahmen zum Schutz vertraulicher Informationen:
Nein
Nachforderung:
Fehlende Unterlagen, deren Vorlage mit dem Angebot gefordert war, werden nachgefordert

o) Ablauf der Angebotsfrist

am:
29.09.2026
um:
10:30 Uhr
Ablauf der Bindefrist am:
29.10.2026

p)


Anschrift für schriftliche Angebote:
Vergabestelle s. a)

q) Sprache, in der die Angebote abgefasst sein müssen

Deutsch

r) Zuschlagskriterien

nachfolgende Zuschlagskriterien, ggf. einschl. Gewichtung:
Niedrigster Preis

s) Eröffnungstermin

am:
29.09.2026
um:
10:30
Ort:
Gemeinde Südeichsfeld, Hauptstr. 22,
99988 Südeichsfeld/OT Heyerode
Personen, die bei der Eröffnung anwesend sein dürfen:
Bieter und deren Bevollmächtigte

t) geforderte Sicherheiten

Sicherheit für die Vertragserfüllung ist in Höhe von 5 % der Auftragssumme
(inkl. Umsatzsteuer, ohne Nachträge) zu leisten, sofern die Auftragssumme mindestens 250.000,00 Euro ohne Umsatzsteuer beträgt.
Die für Mängelansprüche zu leistende Sicherheit beträgt 3 % der geprüften Schlussrechnungssumme. Weitere Regelungen siehe Vergabeunterlagen.

u) Wesentliche Finanzierungs- und Zahlungsbedingungen und/oder Hinweise auf die maßgeblichen Vorschriften, in denen sie enthalten sind

Zahlungsbedingungen gemäß VOB/B

v) Rechtsform der/Anforderung an Bietergemeinschaften

gesamtschuldnerisch haftend

w) Beurteilung der Eignung

Präqualifizierte Unternehmen führen den Nachweis der Eignung durch den Eintrag in die Liste des Vereins für die Präqualifikation von Bauunternehmen e.V. (Präqualifikationsverzeichnis). Bei Einsatz von Nachunternehmen ist auf gesondertes Verlangen nachzuweisen, dass diese präqualifiziert sind oder die Voraussetzung für die Präqualifikation erfüllen.
Nicht präqualifizierte Unternehmen haben als vorläufigen Nachweis der Eignung mit dem Angebot das ausgefüllte Formblatt ''Eigenerklärung zur Eignung'' vorzulegen. Bei Einsatz von Nachunternehmen sind auf gesondertes Verlangen die Eigenerklärungen auch für diese abzugeben. Sind die Nachunternehmen präqualifiziert, reicht die Angabe der Nummer, unter der diese in der Liste des Vereins für die Präqualifikation von Bauunternehmen e.V. (Präqualifikationsverzeichnis) geführt werden.
Gelangt das Angebot in die engere Wahl, sind die Eigenerklärungen (auch die der Nachunternehmen) auf gesondertes Verlangen durch Vorlage der in der ''Eigenerklärung zur Eignung'' genannten Bescheinigungen zuständiger Stellen zu bestätigen. Bescheinigungen, die nicht in deutscher Sprache abgefasst sind, ist eine Übersetzung in die deutsche Sprache beizufügen.
Das Formblatt 'Eigenerklärung zur Eignung' ist erhältlich:
Das Formblatt (Eigenerklärung zur Eignung) ist erhältlich unter:
https://thformular.thueringen.de/
thueform/cfs/eject/pdf/927.pdf?MANDANTID=18&FORMUID=VHB-101-DE-FL
und liegt den Vergabeunterlagen bei.
Darüber hinaus hat der Bieter zum Nachweis seiner Fachkunde folgende Angaben gemäß § 6a Abs. 3 VOB/A zu machen:

x) Nachprüfung behaupteter Verstöße

Nachprüfungsstelle (§ 21 VOB/A):
Vergabekammer des Freistaates Thüringen
Jorge-Semprún-Platz 4
99423 Weimar. • Auf die Möglichkeit der Beanstandung der beabsichtigten Vergabeentscheidung beim Auftraggeber nach § 14 Abs. 2 ThürVgG und die Kostenfolge nach § 14 Abs. 5 ThürVgG wird hingewiesen.

y) Sonstige Angaben




Putz,Maler"
25823654,1,LOT-0000,,,,Ausführung von Bauleistungen,,,Ausführung von Bauleistungen
25825652,1,LOT-0000,,,,"EAE Oxford Quartier, Bernings Kotten 16a, 48161 Münster, Neubau eines Gebäudes für die städtische Erstaufnahmeeinrichtung für Geflüchtete - Aluminiumelemente",,,"EAE Oxford Quartier, Bernings Kotten 16a, 48161 Münster, Neubau eines Gebäudes für die städtische Erstaufnahmeeinrichtung für Geflüchtete - Aluminiumelemente"
25822724,1,LOT-0000,,,,Los 9 - Innentüren,,,"a) Öffentlicher Auftraggeber (Vergabestelle)

Name und Anschrift:
Gemeinde Südeichsfeld
Hauptstraße 22
99988 Südeichsfeld / OT Heyerode
Telefon:
036024/80220
Fax:
036024/8022220
E-Mail:
info@lg-suedeichsfeld.de
Internet:

b)

Vergabeverfahren:
Öffentliche Ausschreibung, VOB/A
Vergabenummer:
054_LuSt09

c) Angaben zum elektronischen Vergabeverfahren und zur Ver- und Entschlüsselung der Unterlagen

Zugelassene Angebotsabgabe
schriftlich

d) Art des Auftrags

Ausführung von Bauleistungen

e) Ort der Ausführung

99988 Südeichsfeld,
OT Diedorf und Wendehausen

f) Art und Umfang der Leistung, ggf. aufgeteilt nach Losen

Art der Leistung:
Innentüren liefern und montieren für den Anbau an ein Sportlerheim in Lengenfeld u. Stein
Umfang der Leistung:
7 Stahlumfassungszargen
7 Innentüren
ca. 2m Sanitärtrennwand mit Tür

g) Angaben über den Zweck der baulichen Anlage oder des Auftrags, wenn auch Planungsleistungen gefordert werden

Zweck der baulichen Anlage:
Zweck des Auftrags:

h) Aufteilung in Lose (Art und Umfang der Lose siehe Buchstabe f)

Vergabe nach Losen:
Nein

i) Ausführungsfristen

Beginn der Ausführung:
19.04.2027
Fertigstellung oder Dauer der Leistungen:
28.05.2027
weitere Fristen:

j) Nebenangebote

nur in Verbindung mit einem Hauptangebot zugelassen

k) mehrere Hauptangebote

nicht zugelassen

l) Bereitstellung/Anforderung der Vergabeunterlagen

Vergabeunterlagen werden elektronisch zur Verfügung gestellt
unter:
https://www.evergabe.de/unterlagen/54321-Tender-1a0a070008c-1ee41cb438d198c1
Maßnahmen zum Schutz vertraulicher Informationen:
Nein
Nachforderung:
Fehlende Unterlagen, deren Vorlage mit dem Angebot gefordert war, werden nachgefordert

o) Ablauf der Angebotsfrist

am:
29.09.2026
um:
09:30 Uhr
Ablauf der Bindefrist am:
29.10.2026

p)


Anschrift für schriftliche Angebote:
Vergabestelle s. a)

q) Sprache, in der die Angebote abgefasst sein müssen

Deutsch

r) Zuschlagskriterien

nachfolgende Zuschlagskriterien, ggf. einschl. Gewichtung:
Niedrigster Preis

s) Eröffnungstermin

am:
29.09.2026
um:
09:30
Ort:
Gemeinde Südeichsfeld, Hauptstr. 22,
99988 Südeichsfeld/OT Heyerode
Personen, die bei der Eröffnung anwesend sein dürfen:
Bieter und deren Bevollmächtigte

t) geforderte Sicherheiten

Sicherheit für die Vertragserfüllung ist in Höhe von 5 % der Auftragssumme
(inkl. Umsatzsteuer, ohne Nachträge) zu leisten, sofern die Auftragssumme mindestens 250.000,00 Euro ohne Umsatzsteuer beträgt.
Die für Mängelansprüche zu leistende Sicherheit beträgt 3 % der geprüften Schlussrechnungssumme. Weitere Regelungen siehe Vergabeunterlagen.

u) Wesentliche Finanzierungs- und Zahlungsbedingungen und/oder Hinweise auf die maßgeblichen Vorschriften, in denen sie enthalten sind

Zahlungsbedingungen gemäß VOB/B

v) Rechtsform der/Anforderung an Bietergemeinschaften

gesamtschuldnerisch haftend

w) Beurteilung der Eignung

Präqualifizierte Unternehmen führen den Nachweis der Eignung durch den Eintrag in die Liste des Vereins für die Präqualifikation von Bauunternehmen e.V. (Präqualifikationsverzeichnis). Bei Einsatz von Nachunternehmen ist auf gesondertes Verlangen nachzuweisen, dass diese präqualifiziert sind oder die Voraussetzung für die Präqualifikation erfüllen.
Nicht präqualifizierte Unternehmen haben als vorläufigen Nachweis der Eignung mit dem Angebot das ausgefüllte Formblatt ''Eigenerklärung zur Eignung'' vorzulegen. Bei Einsatz von Nachunternehmen sind auf gesondertes Verlangen die Eigenerklärungen auch für diese abzugeben. Sind die Nachunternehmen präqualifiziert, reicht die Angabe der Nummer, unter der diese in der Liste des Vereins für die Präqualifikation von Bauunternehmen e.V. (Präqualifikationsverzeichnis) geführt werden.
Gelangt das Angebot in die engere Wahl, sind die Eigenerklärungen (auch die der Nachunternehmen) auf gesondertes Verlangen durch Vorlage der in der ''Eigenerklärung zur Eignung'' genannten Bescheinigungen zuständiger Stellen zu bestätigen. Bescheinigungen, die nicht in deutscher Sprache abgefasst sind, ist eine Übersetzung in die deutsche Sprache beizufügen.
Das Formblatt 'Eigenerklärung zur Eignung' ist erhältlich:
Das Formblatt (Eigenerklärung zur Eignung) ist erhältlich unter:
https://thformular.thueringen.de/
thueform/cfs/eject/pdf/927.pdf?MANDANTID=18&FORMUID=VHB-101-DE-FL
und liegt den Vergabeunterlagen bei.
Darüber hinaus hat der Bieter zum Nachweis seiner Fachkunde folgende Angaben gemäß § 6a Abs. 3 VOB/A zu machen:

x) Nachprüfung behaupteter Verstöße

Nachprüfungsstelle (§ 21 VOB/A):
Vergabekammer des Freistaates Thüringen
Jorge-Semprún-Platz 4
99423 Weimar. • Auf die Möglichkeit der Beanstandung der beabsichtigten Vergabeentscheidung beim Auftraggeber nach § 14 Abs. 2 ThürVgG und die Kostenfolge nach § 14 Abs. 5 ThürVgG wird hingewiesen.

y) Sonstige Angaben




Tischler/ Innenausbau/ Einbaumöbel,Fenster/ Türen (Holz),Fenster/ Türen (Kunststoff),Türen (Rauchschutz/ Brandschutz)"
25822728,1,LOT-0000,,,,Los 10 - Fliesenarbeiten,,,"a) Öffentlicher Auftraggeber (Vergabestelle)

Name und Anschrift:
Gemeinde Südeichsfeld
Hauptstraße 22
99988 Südeichsfeld / OT Heyerode
Telefon:
036024/80220
Fax:
036024/8022220
E-Mail:
info@lg-suedeichsfeld.de
Internet:

b)

Vergabeverfahren:
Öffentliche Ausschreibung, VOB/A
Vergabenummer:
054_LuSt10

c) Angaben zum elektronischen Vergabeverfahren und zur Ver- und Entschlüsselung der Unterlagen

Zugelassene Angebotsabgabe
schriftlich

d) Art des Auftrags

Ausführung von Bauleistungen

e) Ort der Ausführung

99988 Südeichsfeld

f) Art und Umfang der Leistung, ggf. aufgeteilt nach Losen

Art der Leistung:
Fliesenarbeiten für den Anbau an ein Sportlerheim in Lengenfeld u. Stein
Umfang der Leistung:
ca. 120 m² Bodenfliesen auf Dichtungsmatte
ca. 30 m² Wandfliesen
ca. 60m Sockelfliesen
3 Glasspiegel

g) Angaben über den Zweck der baulichen Anlage oder des Auftrags, wenn auch Planungsleistungen gefordert werden

Zweck der baulichen Anlage:
Zweck des Auftrags:

h) Aufteilung in Lose (Art und Umfang der Lose siehe Buchstabe f)

Vergabe nach Losen:
Nein

i) Ausführungsfristen

Beginn der Ausführung:
19.04.2027
Fertigstellung oder Dauer der Leistungen:
07.05.2027
weitere Fristen:

j) Nebenangebote

nur in Verbindung mit einem Hauptangebot zugelassen

k) mehrere Hauptangebote

nicht zugelassen

l) Bereitstellung/Anforderung der Vergabeunterlagen

Vergabeunterlagen werden elektronisch zur Verfügung gestellt
unter:
https://www.evergabe.de/unterlagen/54321-Tender-1a0a076a101-65ece569dde84044
Maßnahmen zum Schutz vertraulicher Informationen:
Nein
Nachforderung:
Fehlende Unterlagen, deren Vorlage mit dem Angebot gefordert war, werden nachgefordert

o) Ablauf der Angebotsfrist

am:
29.09.2026
um:
10:00 Uhr
Ablauf der Bindefrist am:
29.10.2026

p)


Anschrift für schriftliche Angebote:
Vergabestelle s. a)

q) Sprache, in der die Angebote abgefasst sein müssen

Deutsch

r) Zuschlagskriterien

nachfolgende Zuschlagskriterien, ggf. einschl. Gewichtung:
Niedrigster Preis

s) Eröffnungstermin

am:
29.09.2026
um:
10:00
Ort:
Gemeinde Südeichsfeld, Hauptstr. 22,
99988 Südeichsfeld/OT Heyerode
Personen, die bei der Eröffnung anwesend sein dürfen:
Bieter und deren Bevollmächtigte

t) geforderte Sicherheiten

Sicherheit für die Vertragserfüllung ist in Höhe von 5 % der Auftragssumme
(inkl. Umsatzsteuer, ohne Nachträge) zu leisten, sofern die Auftragssumme mindestens 250.000,00 Euro ohne Umsatzsteuer beträgt.
Die für Mängelansprüche zu leistende Sicherheit beträgt 3 % der geprüften Schlussrechnungssumme. Weitere Regelungen siehe Vergabeunterlagen.

u) Wesentliche Finanzierungs- und Zahlungsbedingungen und/oder Hinweise auf die maßgeblichen Vorschriften, in denen sie enthalten sind

Zahlungsbedingungen gemäß VOB/B

v) Rechtsform der/Anforderung an Bietergemeinschaften

gesamtschuldnerisch haftend

w) Beurteilung der Eignung

Präqualifizierte Unternehmen führen den Nachweis der Eignung durch den Eintrag in die Liste des Vereins für die Präqualifikation von Bauunternehmen e.V. (Präqualifikationsverzeichnis). Bei Einsatz von Nachunternehmen ist auf gesondertes Verlangen nachzuweisen, dass diese präqualifiziert sind oder die Voraussetzung für die Präqualifikation erfüllen.
Nicht präqualifizierte Unternehmen haben als vorläufigen Nachweis der Eignung mit dem Angebot das ausgefüllte Formblatt ''Eigenerklärung zur Eignung'' vorzulegen. Bei Einsatz von Nachunternehmen sind auf gesondertes Verlangen die Eigenerklärungen auch für diese abzugeben. Sind die Nachunternehmen präqualifiziert, reicht die Angabe der Nummer, unter der diese in der Liste des Vereins für die Präqualifikation von Bauunternehmen e.V. (Präqualifikationsverzeichnis) geführt werden.
Gelangt das Angebot in die engere Wahl, sind die Eigenerklärungen (auch die der Nachunternehmen) auf gesondertes Verlangen durch Vorlage der in der ''Eigenerklärung zur Eignung'' genannten Bescheinigungen zuständiger Stellen zu bestätigen. Bescheinigungen, die nicht in deutscher Sprache abgefasst sind, ist eine Übersetzung in die deutsche Sprache beizufügen.
Das Formblatt 'Eigenerklärung zur Eignung' ist erhältlich:
Das Formblatt (Eigenerklärung zur Eignung) ist erhältlich unter:
https://thformular.thueringen.de/
thueform/cfs/eject/pdf/927.pdf?MANDANTID=18&FORMUID=VHB-101-DE-FL
und liegt den Vergabeunterlagen bei.
Darüber hinaus hat der Bieter zum Nachweis seiner Fachkunde folgende Angaben gemäß § 6a Abs. 3 VOB/A zu machen:

x) Nachprüfung behaupteter Verstöße

Nachprüfungsstelle (§ 21 VOB/A):
Vergabekammer des Freistaates Thüringen
Jorge-Semprún-Platz 4
99423 Weimar. • Auf die Möglichkeit der Beanstandung der beabsichtigten Vergabeentscheidung beim Auftraggeber nach § 14 Abs. 2 ThürVgG und die Kostenfolge nach § 14 Abs. 5 ThürVgG wird hingewiesen.

y) Sonstige Angaben




Fliesen/ Platten"
25822720,1,LOT-0000,,,,Los 8 - Trockenbau,,,"a) Öffentlicher Auftraggeber (Vergabestelle)

Name und Anschrift:
Gemeinde Südeichsfeld
Hauptstraße 22
99988 Südeichsfeld / OT Heyerode
Telefon:
036024/80220
Fax:
036024/8022220
E-Mail:
info@lg-suedeichsfeld.de
Internet:

b)

Vergabeverfahren:
Öffentliche Ausschreibung, VOB/A
Vergabenummer:
054_LuSt08

c) Angaben zum elektronischen Vergabeverfahren und zur Ver- und Entschlüsselung der Unterlagen

Zugelassene Angebotsabgabe
schriftlich

d) Art des Auftrags

Ausführung von Bauleistungen

e) Ort der Ausführung

99988 Südeichsfeld,
OT Diedorf und Wendehausen

f) Art und Umfang der Leistung, ggf. aufgeteilt nach Losen

Art der Leistung:
Trockenbauarbeiten für den Anbau an ein Sportlerheim in Lengenfeld u. Stein
Umfang der Leistung:
ca. 4 m² Gipskartonständerwand
ca. 5 m² Installationstrennwand
ca. 13 m² Vorsatzschalen
ca. 16 m Dachbinderverkleidung
ca. 10 m Installationsverkofferungen

g) Angaben über den Zweck der baulichen Anlage oder des Auftrags, wenn auch Planungsleistungen gefordert werden

Zweck der baulichen Anlage:
Zweck des Auftrags:

h) Aufteilung in Lose (Art und Umfang der Lose siehe Buchstabe f)

Vergabe nach Losen:
Nein

i) Ausführungsfristen

Beginn der Ausführung:
14.12.2026
Fertigstellung oder Dauer der Leistungen:
25.03.2027
weitere Fristen:

j) Nebenangebote

nur in Verbindung mit einem Hauptangebot zugelassen

k) mehrere Hauptangebote

nicht zugelassen

l) Bereitstellung/Anforderung der Vergabeunterlagen

Vergabeunterlagen werden elektronisch zur Verfügung gestellt
unter:
https://www.evergabe.de/unterlagen/54321-Tender-1a0a068cafe-2014c879870bd956
Maßnahmen zum Schutz vertraulicher Informationen:
Nein
Nachforderung:
Fehlende Unterlagen, deren Vorlage mit dem Angebot gefordert war, werden nachgefordert

o) Ablauf der Angebotsfrist

am:
29.09.2026
um:
09:00 Uhr
Ablauf der Bindefrist am:
29.10.2026

p)


Anschrift für schriftliche Angebote:
Vergabestelle s. a)

q) Sprache, in der die Angebote abgefasst sein müssen

Deutsch

r) Zuschlagskriterien

nachfolgende Zuschlagskriterien, ggf. einschl. Gewichtung:
Niedrigster Preis

s) Eröffnungstermin

am:
29.09.2026
um:
09:00
Ort:
Gemeinde Südeichsfeld, Hauptstr. 22,
99988 Südeichsfeld/OT Heyerode
Personen, die bei der Eröffnung anwesend sein dürfen:
Bieter und deren Bevollmächtigte

t) geforderte Sicherheiten

Sicherheit für die Vertragserfüllung ist in Höhe von 5 % der Auftragssumme
(inkl. Umsatzsteuer, ohne Nachträge) zu leisten, sofern die Auftragssumme mindestens 250.000,00 Euro ohne Umsatzsteuer beträgt.
Die für Mängelansprüche zu leistende Sicherheit beträgt 3 % der geprüften Schlussrechnungssumme. Weitere Regelungen siehe Vergabeunterlagen.

u) Wesentliche Finanzierungs- und Zahlungsbedingungen und/oder Hinweise auf die maßgeblichen Vorschriften, in denen sie enthalten sind

Zahlungsbedingungen gemäß VOB/B

v) Rechtsform der/Anforderung an Bietergemeinschaften

gesamtschuldnerisch haftend

w) Beurteilung der Eignung

Präqualifizierte Unternehmen führen den Nachweis der Eignung durch den Eintrag in die Liste des Vereins für die Präqualifikation von Bauunternehmen e.V. (Präqualifikationsverzeichnis). Bei Einsatz von Nachunternehmen ist auf gesondertes Verlangen nachzuweisen, dass diese präqualifiziert sind oder die Voraussetzung für die Präqualifikation erfüllen.
Nicht präqualifizierte Unternehmen haben als vorläufigen Nachweis der Eignung mit dem Angebot das ausgefüllte Formblatt ''Eigenerklärung zur Eignung'' vorzulegen. Bei Einsatz von Nachunternehmen sind auf gesondertes Verlangen die Eigenerklärungen auch für diese abzugeben. Sind die Nachunternehmen präqualifiziert, reicht die Angabe der Nummer, unter der diese in der Liste des Vereins für die Präqualifikation von Bauunternehmen e.V. (Präqualifikationsverzeichnis) geführt werden.
Gelangt das Angebot in die engere Wahl, sind die Eigenerklärungen (auch die der Nachunternehmen) auf gesondertes Verlangen durch Vorlage der in der ''Eigenerklärung zur Eignung'' genannten Bescheinigungen zuständiger Stellen zu bestätigen. Bescheinigungen, die nicht in deutscher Sprache abgefasst sind, ist eine Übersetzung in die deutsche Sprache beizufügen.
Das Formblatt 'Eigenerklärung zur Eignung' ist erhältlich:
Das Formblatt (Eigenerklärung zur Eignung) ist erhältlich unter:
https://thformular.thueringen.de/
thueform/cfs/eject/pdf/927.pdf?MANDANTID=18&FORMUID=VHB-101-DE-FL
und liegt den Vergabeunterlagen bei.
Darüber hinaus hat der Bieter zum Nachweis seiner Fachkunde folgende Angaben gemäß § 6a Abs. 3 VOB/A zu machen:

x) Nachprüfung behaupteter Verstöße

Nachprüfungsstelle (§ 21 VOB/A):
Vergabekammer des Freistaates Thüringen
Jorge-Semprún-Platz 4
99423 Weimar. • Auf die Möglichkeit der Beanstandung der beabsichtigten Vergabeentscheidung beim Auftraggeber nach § 14 Abs. 2 ThürVgG und die Kostenfolge nach § 14 Abs. 5 ThürVgG wird hingewiesen.

y) Sonstige Angaben




Trockenbau"
25822712,1,LOT-0000,,,,Los 6 - Außenputzarbeiten,,,"a) Öffentlicher Auftraggeber (Vergabestelle)

Name und Anschrift:
Gemeinde Südeichsfeld
Hauptstraße 22
99988 Südeichsfeld / OT Heyerode
Telefon:
036024/80220
Fax:
036024/8022220
E-Mail:
info@lg-suedeichsfeld.de
Internet:

b)

Vergabeverfahren:
Öffentliche Ausschreibung, VOB/A
Vergabenummer:
054_LuSt06

c) Angaben zum elektronischen Vergabeverfahren und zur Ver- und Entschlüsselung der Unterlagen

Zugelassene Angebotsabgabe
schriftlich

d) Art des Auftrags

Ausführung von Bauleistungen

e) Ort der Ausführung

99988 Südeichsfeld,
OT Diedorf und Wendehausen

f) Art und Umfang der Leistung, ggf. aufgeteilt nach Losen

Art der Leistung:
Außenputzarbeiten für den Anbau an ein Sportlerheim in Lengenfeld unterm Stein
Umfang der Leistung:
ca. 10 m² diverse Dämmplatten in Kleinbereichen aufkleben
ca. 240 m² Außenputzsystem (Grundierung, LUP, Silikat-Oberputz, Anstrich)
ca. 20 m Sockel mit flexibler Dickbeschichtung u. Sockelputzsystem

g) Angaben über den Zweck der baulichen Anlage oder des Auftrags, wenn auch Planungsleistungen gefordert werden

Zweck der baulichen Anlage:
Zweck des Auftrags:

h) Aufteilung in Lose (Art und Umfang der Lose siehe Buchstabe f)

Vergabe nach Losen:
Nein

i) Ausführungsfristen

Beginn der Ausführung:
16.11.2026
Fertigstellung oder Dauer der Leistungen:
02.04.2027
weitere Fristen:

j) Nebenangebote

nur in Verbindung mit einem Hauptangebot zugelassen

k) mehrere Hauptangebote

nicht zugelassen

l) Bereitstellung/Anforderung der Vergabeunterlagen

Vergabeunterlagen werden elektronisch zur Verfügung gestellt
unter:
https://www.evergabe.de/unterlagen/54321-Tender-1a0a055344b-482ec3140326a5e6
Maßnahmen zum Schutz vertraulicher Informationen:
Nein
Nachforderung:
Fehlende Unterlagen, deren Vorlage mit dem Angebot gefordert war, werden nachgefordert

o) Ablauf der Angebotsfrist

am:
29.09.2026
um:
08:00 Uhr
Ablauf der Bindefrist am:
29.10.2026

p)


Anschrift für schriftliche Angebote:
Vergabestelle s. a)

q) Sprache, in der die Angebote abgefasst sein müssen

Deutsch

r) Zuschlagskriterien

nachfolgende Zuschlagskriterien, ggf. einschl. Gewichtung:
Niedrigster Preis

s) Eröffnungstermin

am:
29.09.2026
um:
08:00
Ort:
Gemeinde Südeichsfeld, Hauptstr. 22,
99988 Südeichsfeld/OT Heyerode
Personen, die bei der Eröffnung anwesend sein dürfen:
Bieter und deren Bevollmächtigte

t) geforderte Sicherheiten

Sicherheit für die Vertragserfüllung ist in Höhe von 5 % der Auftragssumme
(inkl. Umsatzsteuer, ohne Nachträge) zu leisten, sofern die Auftragssumme mindestens 250.000,00 Euro ohne Umsatzsteuer beträgt.
Die für Mängelansprüche zu leistende Sicherheit beträgt 3 % der geprüften Schlussrechnungssumme. Weitere Regelungen siehe Vergabeunterlagen.

u) Wesentliche Finanzierungs- und Zahlungsbedingungen und/oder Hinweise auf die maßgeblichen Vorschriften, in denen sie enthalten sind

Zahlungsbedingungen gemäß VOB/B

v) Rechtsform der/Anforderung an Bietergemeinschaften

gesamtschuldnerisch haftend

w) Beurteilung der Eignung

Präqualifizierte Unternehmen führen den Nachweis der Eignung durch den Eintrag in die Liste des Vereins für die Präqualifikation von Bauunternehmen e.V. (Präqualifikationsverzeichnis). Bei Einsatz von Nachunternehmen ist auf gesondertes Verlangen nachzuweisen, dass diese präqualifiziert sind oder die Voraussetzung für die Präqualifikation erfüllen.
Nicht präqualifizierte Unternehmen haben als vorläufigen Nachweis der Eignung mit dem Angebot das ausgefüllte Formblatt ''Eigenerklärung zur Eignung'' vorzulegen. Bei Einsatz von Nachunternehmen sind auf gesondertes Verlangen die Eigenerklärungen auch für diese abzugeben. Sind die Nachunternehmen präqualifiziert, reicht die Angabe der Nummer, unter der diese in der Liste des Vereins für die Präqualifikation von Bauunternehmen e.V. (Präqualifikationsverzeichnis) geführt werden.
Gelangt das Angebot in die engere Wahl, sind die Eigenerklärungen (auch die der Nachunternehmen) auf gesondertes Verlangen durch Vorlage der in der ''Eigenerklärung zur Eignung'' genannten Bescheinigungen zuständiger Stellen zu bestätigen. Bescheinigungen, die nicht in deutscher Sprache abgefasst sind, ist eine Übersetzung in die deutsche Sprache beizufügen.
Das Formblatt 'Eigenerklärung zur Eignung' ist erhältlich:
Das Formblatt (Eigenerklärung zur Eignung) ist erhältlich unter:
https://thformular.thueringen.de/
thueform/cfs/eject/pdf/927.pdf?MANDANTID=18&FORMUID=VHB-101-DE-FL
und liegt den Vergabeunterlagen bei.
Darüber hinaus hat der Bieter zum Nachweis seiner Fachkunde folgende Angaben gemäß § 6a Abs. 3 VOB/A zu machen:

x) Nachprüfung behaupteter Verstöße

Nachprüfungsstelle (§ 21 VOB/A):
Vergabekammer des Freistaates Thüringen
Jorge-Semprún-Platz 4
99423 Weimar. • Auf die Möglichkeit der Beanstandung der beabsichtigten Vergabeentscheidung beim Auftraggeber nach § 14 Abs. 2 ThürVgG und die Kostenfolge nach § 14 Abs. 5 ThürVgG wird hingewiesen.

y) Sonstige Angaben




Putz,Fassadensanierung/ Vollwärmeschutz,Maler"
25822716,1,LOT-0000,,,,Los 7 - Innenputz,,,"a) Öffentlicher Auftraggeber (Vergabestelle)

Name und Anschrift:
Gemeinde Südeichsfeld
Hauptstraße 22
99988 Südeichsfeld / OT Heyerode
Telefon:
036024/80220
Fax:
036024/8022220
E-Mail:
info@lg-suedeichsfeld.de
Internet:

b)

Vergabeverfahren:
Öffentliche Ausschreibung, VOB/A
Vergabenummer:
054_LuSt07

c) Angaben zum elektronischen Vergabeverfahren und zur Ver- und Entschlüsselung der Unterlagen

Zugelassene Angebotsabgabe
schriftlich

d) Art des Auftrags

Ausführung von Bauleistungen

e) Ort der Ausführung

99988 Südeichsfeld,
OT Diedorf und Wendehausen

f) Art und Umfang der Leistung, ggf. aufgeteilt nach Losen

Art der Leistung:
Innenputzarbeiten für den Anbau an ein Sportlerheim in Lengenfeld u. Stein
Umfang der Leistung:
ca. 80 m² Kalkzementfeinputz
ca. 300 m² Kalkgipsputz
diverse Mengen Putzschienen, Schleppstreifen, Armierungen

g) Angaben über den Zweck der baulichen Anlage oder des Auftrags, wenn auch Planungsleistungen gefordert werden

Zweck der baulichen Anlage:
Zweck des Auftrags:

h) Aufteilung in Lose (Art und Umfang der Lose siehe Buchstabe f)

Vergabe nach Losen:
Nein

i) Ausführungsfristen

Beginn der Ausführung:
16.11.2026
Fertigstellung oder Dauer der Leistungen:
02.04.2027
weitere Fristen:

j) Nebenangebote

nur in Verbindung mit einem Hauptangebot zugelassen

k) mehrere Hauptangebote

nicht zugelassen

l) Bereitstellung/Anforderung der Vergabeunterlagen

Vergabeunterlagen werden elektronisch zur Verfügung gestellt
unter:
https://www.evergabe.de/unterlagen/54321-Tender-1a0a061f452-1a38a0fa7ccce28d
Maßnahmen zum Schutz vertraulicher Informationen:
Nein
Nachforderung:
Fehlende Unterlagen, deren Vorlage mit dem Angebot gefordert war, werden nachgefordert

o) Ablauf der Angebotsfrist

am:
29.09.2026
um:
08:30 Uhr
Ablauf der Bindefrist am:
29.10.2026

p)


Anschrift für schriftliche Angebote:
Vergabestelle s. a)

q) Sprache, in der die Angebote abgefasst sein müssen

Deutsch

r) Zuschlagskriterien

nachfolgende Zuschlagskriterien, ggf. einschl. Gewichtung:
Niedrigster Preis

s) Eröffnungstermin

am:
29.09.2026
um:
08:30
Ort:
Gemeinde Südeichsfeld, Hauptstr. 22,
99988 Südeichsfeld/OT Heyerode
Personen, die bei der Eröffnung anwesend sein dürfen:
Bieter und deren Bevollmächtigte

t) geforderte Sicherheiten

Sicherheit für die Vertragserfüllung ist in Höhe von 5 % der Auftragssumme
(inkl. Umsatzsteuer, ohne Nachträge) zu leisten, sofern die Auftragssumme mindestens 250.000,00 Euro ohne Umsatzsteuer beträgt.
Die für Mängelansprüche zu leistende Sicherheit beträgt 3 % der geprüften Schlussrechnungssumme. Weitere Regelungen siehe Vergabeunterlagen.

u) Wesentliche Finanzierungs- und Zahlungsbedingungen und/oder Hinweise auf die maßgeblichen Vorschriften, in denen sie enthalten sind

Zahlungsbedingungen gemäß VOB/B

v) Rechtsform der/Anforderung an Bietergemeinschaften

gesamtschuldnerisch haftend

w) Beurteilung der Eignung

Präqualifizierte Unternehmen führen den Nachweis der Eignung durch den Eintrag in die Liste des Vereins für die Präqualifikation von Bauunternehmen e.V. (Präqualifikationsverzeichnis). Bei Einsatz von Nachunternehmen ist auf gesondertes Verlangen nachzuweisen, dass diese präqualifiziert sind oder die Voraussetzung für die Präqualifikation erfüllen.
Nicht präqualifizierte Unternehmen haben als vorläufigen Nachweis der Eignung mit dem Angebot das ausgefüllte Formblatt ''Eigenerklärung zur Eignung'' vorzulegen. Bei Einsatz von Nachunternehmen sind auf gesondertes Verlangen die Eigenerklärungen auch für diese abzugeben. Sind die Nachunternehmen präqualifiziert, reicht die Angabe der Nummer, unter der diese in der Liste des Vereins für die Präqualifikation von Bauunternehmen e.V. (Präqualifikationsverzeichnis) geführt werden.
Gelangt das Angebot in die engere Wahl, sind die Eigenerklärungen (auch die der Nachunternehmen) auf gesondertes Verlangen durch Vorlage der in der ''Eigenerklärung zur Eignung'' genannten Bescheinigungen zuständiger Stellen zu bestätigen. Bescheinigungen, die nicht in deutscher Sprache abgefasst sind, ist eine Übersetzung in die deutsche Sprache beizufügen.
Das Formblatt 'Eigenerklärung zur Eignung' ist erhältlich:
Das Formblatt (Eigenerklärung zur Eignung) ist erhältlich unter:
https://thformular.thueringen.de/
thueform/cfs/eject/pdf/927.pdf?MANDANTID=18&FORMUID=VHB-101-DE-FL
und liegt den Vergabeunterlagen bei.
Darüber hinaus hat der Bieter zum Nachweis seiner Fachkunde folgende Angaben gemäß § 6a Abs. 3 VOB/A zu machen:

x) Nachprüfung behaupteter Verstöße

Nachprüfungsstelle (§ 21 VOB/A):
Vergabekammer des Freistaates Thüringen
Jorge-Semprún-Platz 4
99423 Weimar. • Auf die Möglichkeit der Beanstandung der beabsichtigten Vergabeentscheidung beim Auftraggeber nach § 14 Abs. 2 ThürVgG und die Kostenfolge nach § 14 Abs. 5 ThürVgG wird hingewiesen.

y) Sonstige Angaben




Putz,Fassadensanierung/ Vollwärmeschutz"
25822696,1,LOT-0000,,,,Neubau KatS-Gebäude Limbach-Oberfrohna - Los 01 - Technische Anlagen in Freianlagen,,,"a) Öffentlicher Auftraggeber (Vergabestelle)

Name und Anschrift:
Rettungszweckverband Südwestsachsen
Poeppigstraße 6
08529 Plauen
Telefon:
+49 37415470
Fax:
+49 3741547111
E-Mail:
vergabe@rettzv-sws.de
Internet:
https://www.rettzv-sws.de/

b)

Vergabeverfahren:
Öffentliche Ausschreibung, VOB/A
Vergabenummer:
IM002_ML_Ö_2026_06-L001

c) Angaben zum elektronischen Vergabeverfahren und zur Ver- und Entschlüsselung der Unterlagen

Zugelassene Angebotsabgabe
elektronisch
in Textform
mit fortgeschrittener/m Signatur/Siegel
mit qualifizierter/m Signatur/Siegel

d) Art des Auftrags

Ausführung von Bauleistungen

e) Ort der Ausführung

09212 Pleißa

f) Art und Umfang der Leistung, ggf. aufgeteilt nach Losen

Art der Leistung:
Los 01 - Technische Anlagen in Freianlagen
Umfang der Leistung:
Die Leistung des vorliegenden Leistungsverzeichnisses umfasst unter Anderem nachfolgende Arbeiten:
Einbau einer Sickerrigole aus Kunststoff
Breite: 5,40 m
Höhe: 0,50 m
Länge: 13,20 m
Volumen, netto: 34,00 m3
einschließlich Baustelleneinrichtung, Baustellensicherung und Erdarbeiten

g) Angaben über den Zweck der baulichen Anlage oder des Auftrags, wenn auch Planungsleistungen gefordert werden

Zweck der baulichen Anlage:
Gebäude für den Katastrophen-Schutz
Zweck des Auftrags:
Technische Anlagen in Freianlagen

h) Aufteilung in Lose (Art und Umfang der Lose siehe Buchstabe f)

Vergabe nach Losen:
Nein

i) Ausführungsfristen

Beginn der Ausführung:
19.10.2026
Fertigstellung oder Dauer der Leistungen:
30.11.2026
weitere Fristen:

j) Nebenangebote

nur in Verbindung mit einem Hauptangebot zugelassen

k) mehrere Hauptangebote

nicht zugelassen

l) Bereitstellung/Anforderung der Vergabeunterlagen

Vergabeunterlagen werden elektronisch zur Verfügung gestellt
unter:
https://www.evergabe.de/unterlagen/54321-Tender-1a0a013944d-223c70eafcdd2a8
Maßnahmen zum Schutz vertraulicher Informationen:
Nein
Nachforderung:
Fehlende Unterlagen, deren Vorlage mit dem Angebot gefordert war, werden teilweise nachgefordert
und zwar folgende Unterlagen: Es werden keine Unterlagen die zur Preisbildung notwendig sind nachgefordert, d.h. es dürfen ausschließlich Zertifikate, Datenblätter o. ä. und nur auf Anforderung nachgereicht werden.

o) Ablauf der Angebotsfrist

am:
12.10.2026
um:
10:00 Uhr
Ablauf der Bindefrist am:
30.10.2026

p)

Adresse für elektronische Angebote (URL): https://www.evergabe.de
Anschrift für schriftliche Angebote: -ENTFÄLLT- (es sind ausschließlich elektronische Angebote zugelassen)

q) Sprache, in der die Angebote abgefasst sein müssen

Deutsch

r) Zuschlagskriterien

nachfolgende Zuschlagskriterien, ggf. einschl. Gewichtung:
Niedrigster Preis

s) Eröffnungstermin

Der Eröffnungstermin entfällt, es sind ausschließlich elektronische Angebote zugelassen.
Ort:
Geschäftsstelle RettZV SWS, Poeppigstraße 6, 08529 Plauen
Personen, die bei der Eröffnung anwesend sein dürfen:
nicht zutreffend

t) geforderte Sicherheiten

nicht zutreffend

u) Wesentliche Finanzierungs- und Zahlungsbedingungen und/oder Hinweise auf die maßgeblichen Vorschriften, in denen sie enthalten sind

Gemäß §16 VOB/B in der aktuellen Fassung

v) Rechtsform der/Anforderung an Bietergemeinschaften

gesamtschuldnerisch haftend mit bevollmächtigtem Vertreter

w) Beurteilung der Eignung

Präqualifizierte Unternehmen führen den Nachweis der Eignung durch den Eintrag in die Liste des Vereins für die Präqualifikation von Bauunternehmen e.V. (Präqualifikationsverzeichnis). Bei Einsatz von Nachunternehmen ist auf gesondertes Verlangen nachzuweisen, dass diese präqualifiziert sind oder die Voraussetzung für die Präqualifikation erfüllen.
Nicht präqualifizierte Unternehmen haben als vorläufigen Nachweis der Eignung mit dem Angebot das ausgefüllte Formblatt ''Eigenerklärung zur Eignung'' vorzulegen. Bei Einsatz von Nachunternehmen sind auf gesondertes Verlangen die Eigenerklärungen auch für diese abzugeben. Sind die Nachunternehmen präqualifiziert, reicht die Angabe der Nummer, unter der diese in der Liste des Vereins für die Präqualifikation von Bauunternehmen e.V. (Präqualifikationsverzeichnis) geführt werden.
Gelangt das Angebot in die engere Wahl, sind die Eigenerklärungen (auch die der Nachunternehmen) auf gesondertes Verlangen durch Vorlage der in der ''Eigenerklärung zur Eignung'' genannten Bescheinigungen zuständiger Stellen zu bestätigen. Bescheinigungen, die nicht in deutscher Sprache abgefasst sind, ist eine Übersetzung in die deutsche Sprache beizufügen.
Das Formblatt 'Eigenerklärung zur Eignung' ist erhältlich:
Es sind die individuellen Eigenerklärungs-Vordrucke des RettZV SWS aus den Vergabeunterlagen zu nutzen.
Darüber hinaus hat der Bieter zum Nachweis seiner Fachkunde folgende Angaben gemäß § 6a Abs. 3 VOB/A zu machen:

x) Nachprüfung behaupteter Verstöße

Nachprüfungsstelle (§ 21 VOB/A):
Referat 39 - Landesdirektion Sachsen
Altchemnitzer Straße 41
09105 Chemnitz

y) Sonstige Angaben




Baustelleneinrichtungen/ Baustellensicherung/ Bauzäune,Fenster/ Türen (Kunststoff),Regenüberlaufbecken,Landschaftsbau/ Außenanlagen"
25822680,1,LOT-0000,,,,"B 107 Ausbau in und nördlich Grimma mit Anbau eines Radweges - Baugrunduntersuchung, gewerbliche Leistungen",,,"Nationale Ausschreibung nach VOB/A
Öffentliche Ausschreibung

a) Name, Anschrift, Telefon-, Telefaxnummer sowie Emailadresse des Auftraggebers (Vergabestelle):

Name und Anschrift:
Landesamt für Straßenbau und Verkehr, Zentrale
Stauffenbergallee 24
01099 Dresden
Deutschland
Telefonnummer:
+49 351 8139-0
Faxnummer:
+49 35181391099
E-Mail:
vergabe@lasuv.sachsen.de

b) Gewähltes Vergabeverfahren:

Öffentliche Ausschreibung
Vergabe-Nr.:
21-L031-26

c) ggf. Auftragsvergabe auf elektronischem Wege und Verfahren der Ver- und Entschlüsselung:

Zugelassene Angebotsabgabe
elektronisch
in Textform
mit fortgeschrittener/m Signatur/Siegel
mit qualifizierter/m Signatur/Siegel

d) Art des Auftrages:

Art:
Planung und Ausführung von Bauleistungen

e) Ort der Ausführung:

04668 Grimma (nördlich Grimma A 14, B 107)

f) Art und Umfang der Leistung:

Art der Leistung:
B 107 Ausbau in und nördlich Grimma mit Anbau eines Radweges - Baugrunduntersuchung, gewerbliche Leistungen, Baugrundaufschlüsse, Laboruntersuchungen
Umfang der Leistung:
10,00 St Vorschachtung (Handschachtung)
61,00 St Leitungserkundung
6,00 Wo Bohrkernlager betreiben
6,00 St Umsetzen Bohrgerät
1,00 St Umsetzen Rammsonde
55,00 St Umsetzen Kleinbohrgerät
22,00 St Verkehrssicherung C II/4
4,00 St Verkehrssicherung C II/2
4,00 St Verkehrssicherung B IV/1
4,00 St Verkehrssicherung B IV/2
60,00 m Baugrundaufschlussbohrung ausführen Endtiefe 10 bis 20m
10,00 m Rammsondierung durchführen
236,00 m Kleinbohrung ausführen Endtiefe bis 6m
35,00 St Durchörtern von befestigten Flächen
10,00 m Aufsatzrohr liefern und einbauen
45,00 m Filterrohr liefern und einbauen
45,00 m Filtersand / Filterkies nach DIN 4924
5,00 St Abschlussbauwerk Überflurmessstelle
3,00 St Probe mit Entnahmegerät entnehmen
250,00 St Probe entnehmen
3,00 St Wasserprobe entnehmen
35,00 St Bankettprobe entnehmen
1,00 St Wiederherstellen befestigter Oberflächen
5,00 St Entnahme einer Wasserprobe
5,00 m Bohrloch verfüllen, Durchmesser bis 220 mm
260,00 m Bohrloch verfüllen, Durchmesser bis 80 mm
5,00 m Bohrloch verfüllen, Durchmesser bis 220 mm
36,00 m Bohrloch verfüllen, Durchmesser bis 80 mm
50,00 St Wassergehaltsbestimmung
50,00 St Kornverteilungsanalysen, Naßsiebung
10,00 St Kornverteilungs-, Schlämmanalyse
25,00 St Kornverteilung, Sieb- Schlämmanalyse
10,00 St Konsistenzgrenzenbestimmung
5,00 St Glühverlustbestimmung
1,00 St Einaxiale Druckfestigkeit Fels
20,00 St Analyse Asphalt (RuVA)
10,00 St Analyse BBodSchV
30,00 St Analyse EBV

g) Angaben über den Zweck der baulichen Anlage oder des Auftrages, wenn auch Planungsleistungen gefordert werden:

Zweck der baulichen Anlage:
Zweck des Auftrags:
Planungsleistungen (Einholung verkehrsrechtliche
Anordnungen, Einholung Schachtscheine)

h) Falls der Auftrag in mehrere Lose aufgeteilt ist, Art und Umfang der einzelnen Lose und Möglichkeit, Angebote für ein, mehrere oder alle Lose einzureichen:

Vergabe nach Losen:
Nein

i) Zeitpunkt, bis zu dem die Bauleistungen beendet werden sollen oder Dauer des Bauleistungsauftrags; sofern möglich Zeitpunkt, zu dem die Bauleistungen begonnen werden sollen:

Beginn:
02.11.2026
Ende:
02.03.2027

j) gegebenenfalls Angaben nach § 8 Abs. 2 Nr. 3 VOB/A zur Nichtzulassung von Nebenangeboten:

Nebenangebote sind:
nicht zugelassen

k) gegebenenfalls Angaben nach § 8 Absatz 2 Nummer 4 zur Nichtzulassung der Abgabe mehrerer Hauptangebote:

Mehrere Hauptangebote sind:
nicht zugelassen

l) Name und Anschrift, Telefon- und Faxnummer, Email-Adresse der Stelle, bei der die Vergabeunterlagen und zusätzliche Unterlagen angefordert und eingesehen werden können; bei Veröffentlichung der Auftragsbekanntmachung auf einem Internetportal die Angabe einer Internetadresse, unter der die Vergabeunterlagen unentgeltlich, uneingeschränkt, vollständig und direkt abgerufen werden können; § 11 Absatz 7 VOB/A bleibt unberührt:

Vergabeunterlagen werden elektronisch zur Verfügung gestellt.
unter:
https://www.evergabe.de/unterlagen/54321-Tender-1a08f0570f8-2b86660af52d8588

m) Gegebenenfalls Höhe und Bedingungen für die Zahlung des Betrags, der für die Unterlagen zu entrichten ist:

Die Unterlagen werden kostenfrei abgegeben.

o) Frist für den Eingang der Angebote und die Bindefrist:

Ende der Angebotsfrist:
01.10.2026 10:00 Uhr
Ablauf der Bindefrist am:
30.10.2026

p) Anschrift, an die die Angebote zu richten sind, gegebenenfalls auch Anschrift, an die Angebote elektronisch zu übermitteln sind:

Adresse für elektronische Angebote (URL): https://www.evergabe.de
Anschrift für schriftliche Angebote: -ENTFÄLLT- (es sind ausschließlich elektronische Angebote zugelassen)

q) Sprache, in der die Angebote abgefasst sein müssen:

Deutsch

r) Die Zuschlagskriterien, sofern diese nicht in den Vergabeunterlagen genannt werden, und gegebenenfalls deren Gewichtung:

Zuschlagskriterium Preis mit 100% Gewichtung

s) Datum, Uhrzeit und Ort des Eröffnungstermins sowie Angabe, welche Personen bei der Eröffnung der Angebote anwesend sein dürfen:

am:
01.10.2026
um:
10:00 Uhr
Ort:
Landesamt für Straßenbau und Verkehr (siehe Anschrift unter a)
Personen, die bei der Eröffnung anwesend sein dürfen:
Beim Öffnungstermin sind keine Bieter oder deren Bevollmächtigte zugelassen. Nach Abschluss des Öffnungstermins wird den Bietern unverzüglich elektronisch in Textform der Vordruck Mitteilung Ausschreibungsergebnis zugestellt.

t) Gegebenenfalls geforderte Sicherheiten:



u) Wesentliche Finanzierungs- und Zahlungsbedingungen und/oder Hinweise auf die maßgeblichen Vorschriften, in denen sie enthalten sind:

Die elektronische Rechnungsstellung wird akzeptiert und erfolgt über das Bundesportal OZG-RE im XRechnung-Format unter der Leitweg-ID 14-0706002LASUV01-45

v) Gegebenenfalls Rechtsform, die die Bietergemeinschaft nach der Auftragsvergabe haben muss:

gesamtschuldnerisch haftende Arbeitsgemeinschaft mit bevollmächtigtem Vertreter

w) Verlangte Nachweise für die Beurteilung der Eignung des Bewerbers oder Bieters:

 :
Der Bieter hat zum Nachweis seiner Fachkunde, Leistungsfähigkeit und Zuverlässigkeit auf Verlangen Angaben gemäß § 6a VOB/A zu machen.
Unterlagen, die mit dem Angebot abzugeben sind:
HVA B-StB Angebotsschreiben
HVA B-StB Eigenerklärung zur Eignung
Leistungsverzeichnis/Leistungsprogramm mit den Preisen
HVA B-StB Unterauftrag-/Nachunternehmerleistungen
HVA B-StB Erklärung Bieter-/Arbeitsgemeinschaft
Verlangte Angaben und Erklärungen laut Eigenerklärung zur Eignung:
Angabe, dass nachweislich keine schwere Verfehlung begangen wurde, die die Zuverlässigkeit als Bewerber in Frage stellt
Angaben zur Zahlung von Steuern, Abgaben und Beiträgen zur Sozialversicherung
Angabe zu Insolvenzverfahren und Liquidation
Angaben zu Registereintragungen
Angabe zur Mitgliedschaft bei der Berufsgenossenschaft
Vorlage geeigneter Referenzen (mind. eine Referenz) über die Ausführung von Bauleistungen in den letzten 5 Kalenderjahren**, die mit der zu vergebenden Leistung vergleichbar sind. Als vergleichbare Leistungen werden anerkannt:
Baugrunderkundungen, Baugrundaufschlüsse für Straßenbauvorhaben
Angabe zu Arbeitskräften
Ergänzende Eignungsnachweise:
Angabe der technischen Fachkräfte oder der technischen Stellen, die im Zusammenhang mit der Leistungserbringung eingesetzt werden sollen
Beschreibung der technischen Ausrüstung des Unternehmens
Beschreibung der Maßnahmen zur Qualitätssicherung des Unternehmens
Unterlagen, die auf gesondertes Verlangen der Vergabestelle vorzulegen sind:
Ergänzung des Verzeichnisses der Nachunternehmerleistungen um die Namen der
Nachunternehmen
Nachweis der Betriebshaftpflichtversicherung (Besondere Erklärung des Bieters)
Referenznachweise mit den im Formblatt Eigenerklärung zur Eignung genannten Angaben.
Erklärung zur Zahl der in den letzten 3 Jahren jahresdurchschnittlich beschäftigten Arbeitskräfte, gegliedert nach Lohngruppen, mit extra ausgewiesenem Leitungspersonal
Gewerbeanmeldung, Handelsregisterauszug und Eintragung in der Handwerksrolle (Handwerkskarte) bzw. bei der Industrie- und Handelskammer
Rechtskräftig bestätigter Insolvenzplan (falls eine Erklärung über das Vorliegen eines solchen Insolvenzplanes angegeben wurde)
Unbedenklichkeitsbescheinigung der tariflichen Sozialkasse, falls das Unternehmen beitragspflichtig ist
Unbedenklichkeitsbescheinigung des Finanzamtes bzw. Bescheinigung in Steuersachen, falls das Finanzamt eine solche Bescheinigung ausstellt
Freistellungsbescheinigung nach § 48b Einkommensteuergesetz
Unbedenklichkeitsbescheinigung der Berufsgenossenschaft des zuständigen Versicherungsträgers mit Angabe der Lohnsummen
Nachweise hinsichtlich einer eventuell durchgeführten Selbstreinigung
Nachweis der Qualifikation des zu benennenden Verantwortlichen für Sicherungsarbeiten an Arbeitsstellen gemäß dem ""Merkblatt über Rahmenbedingungen für erforderliche Fachkenntnisse zur Verkehrssicherung von
Arbeitsstellen an Straßen (MVAS)""
Nachweis der Qualifikation und Eignung für die Kampfmittelsuche und -räumung im Freistaat Sachsen, indem die entsprechenden Voraussetzungen nach dem SprengG zu erfüllen sind (Erlaubnis nach § 7 und Inhaber vom Befähigungsnachweis nach § 20)

x) Name und Anschrift der Stelle, an die sich der Bewerber oder Bieter zur Nachprüfung behaupteter Verstöße gegen Vergabebestimmungen wenden kann:

Nachprüfungsstelle (§ 21 VOB/A):
Sächsisches Staatsministerium für Infrastruktur und Landesentwicklung Abteilung 6 Mobilität, Referat 63 Straßen- und Ingenieurbau
Archivstraße 1
01097 Dresden


Verkehrssicherung,Labortechnik/ Messtechnik,Baugrunduntersuchungen/ Bodenuntersuchungen,Parametererfassung (Boden/ Luft/ Wasser)"
25823724,1,LOT-0000,,,,JLS - Gussasphalt,,,"Gussasphalt

JLS - Gussasphalt"
25827160,1,LOT-0000,,,,"D - Lpz,Uni L,3.TBM,Naturwiss,Linnédreieck, Lüftungstechnik BT4",,,"Lüftungstechnik BT4

D - Lpz,Uni L,3.TBM,Naturwiss,Linnédreieck, Lüftungstechnik BT4"
25825454,1,LOT-0000,,,,Malerarbeiten in Geb. B+C,,,"Maler- und Lackierarbeiten - Beschichtungen (DIN 18 363);

Maler- und Lackierarbeiten"
25822832,1,LOT-0000,,,,Geb.3512 Elektroarbeiten BMA,,,"a) Öffentlicher Auftraggeber (Vergabestelle)

Name und Anschrift:
Helmholtz Zentrum München Deutsches Forschungszentrum für Gesundheit und Umwelt (GmbH)
Ingolstädter Landstrasse 1
85764 Neuherberg
Telefon:
+49 8931872138
Fax:
E-Mail:
frank.georgi@helmholtz-munich.de
Internet:

b)

Vergabeverfahren:
Öffentliche Ausschreibung, VOB/A
Vergabenummer:
VOB-111-26

c) Angaben zum elektronischen Vergabeverfahren und zur Ver- und Entschlüsselung der Unterlagen

Zugelassene Angebotsabgabe
elektronisch
in Textform
mit fortgeschrittener/m Signatur/Siegel
mit qualifizierter/m Signatur/Siegel

d) Art des Auftrags

Ausführung von Bauleistungen

e) Ort der Ausführung

Helmholtz Zentrum München Deutsches Forschungszentrum für Gesundheit und Umwelt (GmbH)
Ingolstädter Landstraße 1
85764 Neuherberg

f) Art und Umfang der Leistung, ggf. aufgeteilt nach Losen

Art der Leistung:
Elektroarbeiten
Umfang der Leistung:
Verkabelung Brandmeldetechnik
156 Stk. beigestellte Meldesockel montieren
15 Stk. beigestellte Handfeuermelder montieren
25 Stk. beigestellte Alarmtongeber montieren
3.800 m BMA-Kabel verlegen
1.300 m Elektroinstallationsrohre verlegen
Brandschutzmaßnahmen
174 Stk. BMA-Geräte demontieren
2.100 m Leitungen demontieren

g) Angaben über den Zweck der baulichen Anlage oder des Auftrags, wenn auch Planungsleistungen gefordert werden

Zweck der baulichen Anlage:
Zweck des Auftrags:

h) Aufteilung in Lose (Art und Umfang der Lose siehe Buchstabe f)

Vergabe nach Losen:
Nein

i) Ausführungsfristen

Beginn der Ausführung:
23.10.2026
Fertigstellung oder Dauer der Leistungen:
12.02.2027
weitere Fristen:
Mit der Ausführung ist zu beginnen innerhalb von 12 Werktagen nach Zugang der Aufforderung durch den Auftraggeber.
Die Leistung ist zu vollenden (abnahmereif fertig zu stellen) in der 06.KW 2027.

j) Nebenangebote

nicht zugelassen

k) mehrere Hauptangebote

nicht zugelassen

l) Bereitstellung/Anforderung der Vergabeunterlagen

Vergabeunterlagen werden elektronisch zur Verfügung gestellt
unter:
https://www.evergabe.de/unterlagen/54321-Tender-1a09fd5f91a-4917fa800f854c41
Maßnahmen zum Schutz vertraulicher Informationen:
Nein
Nachforderung:
Fehlende Unterlagen, deren Vorlage mit dem Angebot gefordert war, werden nachgefordert

o) Ablauf der Angebotsfrist

am:
29.09.2026
um:
10:00 Uhr
Ablauf der Bindefrist am:
29.10.2026

p)

Adresse für elektronische Angebote (URL): https://www.evergabe.de
Anschrift für schriftliche Angebote: -ENTFÄLLT- (es sind ausschließlich elektronische Angebote zugelassen)

q) Sprache, in der die Angebote abgefasst sein müssen

Deutsch

r) Zuschlagskriterien

nachfolgende Zuschlagskriterien, ggf. einschl. Gewichtung:
Niedrigster Preis

s) Eröffnungstermin

am:
29.09.2026
um:
10:00
Ort:
elektronische Angebotseröffnung
Personen, die bei der Eröffnung anwesend sein dürfen:
elektronische Angebotseröffnung

t) geforderte Sicherheiten

keine

u) Wesentliche Finanzierungs- und Zahlungsbedingungen und/oder Hinweise auf die maßgeblichen Vorschriften, in denen sie enthalten sind

VOB/B 2016

v) Rechtsform der/Anforderung an Bietergemeinschaften

gesamtschuldnerisch haftend

w) Beurteilung der Eignung

Präqualifizierte Unternehmen führen den Nachweis der Eignung durch den Eintrag in die Liste des Vereins für die Präqualifikation von Bauunternehmen e.V. (Präqualifikationsverzeichnis). Bei Einsatz von Nachunternehmen ist auf gesondertes Verlangen nachzuweisen, dass diese präqualifiziert sind oder die Voraussetzung für die Präqualifikation erfüllen.
Nicht präqualifizierte Unternehmen haben als vorläufigen Nachweis der Eignung mit dem Angebot das ausgefüllte Formblatt ''Eigenerklärung zur Eignung'' vorzulegen. Bei Einsatz von Nachunternehmen sind auf gesondertes Verlangen die Eigenerklärungen auch für diese abzugeben. Sind die Nachunternehmen präqualifiziert, reicht die Angabe der Nummer, unter der diese in der Liste des Vereins für die Präqualifikation von Bauunternehmen e.V. (Präqualifikationsverzeichnis) geführt werden.
Gelangt das Angebot in die engere Wahl, sind die Eigenerklärungen (auch die der Nachunternehmen) auf gesondertes Verlangen durch Vorlage der in der ''Eigenerklärung zur Eignung'' genannten Bescheinigungen zuständiger Stellen zu bestätigen. Bescheinigungen, die nicht in deutscher Sprache abgefasst sind, ist eine Übersetzung in die deutsche Sprache beizufügen.
Das Formblatt 'Eigenerklärung zur Eignung' ist erhältlich:
Darüber hinaus hat der Bieter zum Nachweis seiner Fachkunde folgende Angaben gemäß § 6a Abs. 3 VOB/A zu machen:

x) Nachprüfung behaupteter Verstöße

Nachprüfungsstelle (§ 21 VOB/A):
Sachgebiet 30.1- VOB Stelle
Regierung von Oberbayern
Maximilianstr. 39
80538 München

y) Sonstige Angaben

Mit Vertragsschluss werden die Regeln der VOB/B 2016 vereinbart.


Elektro                                  ,Brandmeldeanlagen"
25822676,1,LOT-0000,,,,"S 32 OU Lommatzsch, BA 1.2, Los 7 Versickerfläche",,,"Nationale Ausschreibung nach VOB/A
Öffentliche Ausschreibung

a) Name, Anschrift, Telefon-, Telefaxnummer sowie Emailadresse des Auftraggebers (Vergabestelle):

Name und Anschrift:
Landesamt für Straßenbau und Verkehr, Niederlassung Meißen
Heinrich-Heine-Straße 23 c
01662 Meißen
Deutschland
Telefonnummer:
Faxnummer:
E-Mail:
vergabelasuvmei@lasuv.sachsen.de

b) Gewähltes Vergabeverfahren:

Öffentliche Ausschreibung
Vergabe-Nr.:
22-L119-26

c) ggf. Auftragsvergabe auf elektronischem Wege und Verfahren der Ver- und Entschlüsselung:

Zugelassene Angebotsabgabe
elektronisch
in Textform
mit fortgeschrittener/m Signatur/Siegel
mit qualifizierter/m Signatur/Siegel

d) Art des Auftrages:

Art:
Ausführung von Bauleistungen

e) Ort der Ausführung:

Lommatzsch, S 85 - S 32

f) Art und Umfang der Leistung:

Art der Leistung:
S 32 OU Lommatzsch, BA 1.2, Los 7 Versickerfläche
Umfang der Leistung:
Rohrleitung herstellen, DN 300 bis 500 10m
Geotextil herstellen, 2 Lagen 8000 m2
Frostschutzschicht herstellen 1200 m3
Oberboden abtragen und lagern 600 m3
Oberboden gelagert andecken 600 m3
Boden lösen und einbauen 2000 m3
Planum herstellen 4000 m2
Graben befestigen 300 m
Straßenmulde befestigen 80 m2
Pflasterdecke herstellen 80 m2
Rasen sähen 4000 m2
entsprechend Vergabeunterlagen

g) Angaben über den Zweck der baulichen Anlage oder des Auftrages, wenn auch Planungsleistungen gefordert werden:

Zweck der baulichen Anlage:
Zweck des Auftrags:

h) Falls der Auftrag in mehrere Lose aufgeteilt ist, Art und Umfang der einzelnen Lose und Möglichkeit, Angebote für ein, mehrere oder alle Lose einzureichen:

Vergabe nach Losen:
Nein

i) Zeitpunkt, bis zu dem die Bauleistungen beendet werden sollen oder Dauer des Bauleistungsauftrags; sofern möglich Zeitpunkt, zu dem die Bauleistungen begonnen werden sollen:

Beginn:
Ende:
sonstiges weitere Fristen:
Bauanfang spätestens 12 Werktage nach Zuschlagserteilung
Bauende spätestens 50 Werktage nach Baubeginn,
siehe Vergabeunterlagen

j) gegebenenfalls Angaben nach § 8 Abs. 2 Nr. 3 VOB/A zur Nichtzulassung von Nebenangeboten:

Nebenangebote sind:
nicht zugelassen

k) gegebenenfalls Angaben nach § 8 Absatz 2 Nummer 4 zur Nichtzulassung der Abgabe mehrerer Hauptangebote:

Mehrere Hauptangebote sind:
nicht zugelassen

l) Name und Anschrift, Telefon- und Faxnummer, Email-Adresse der Stelle, bei der die Vergabeunterlagen und zusätzliche Unterlagen angefordert und eingesehen werden können; bei Veröffentlichung der Auftragsbekanntmachung auf einem Internetportal die Angabe einer Internetadresse, unter der die Vergabeunterlagen unentgeltlich, uneingeschränkt, vollständig und direkt abgerufen werden können; § 11 Absatz 7 VOB/A bleibt unberührt:

Vergabeunterlagen werden elektronisch zur Verfügung gestellt.
unter:
https://www.evergabe.de/unterlagen/54321-Tender-1a0a0338e19-7b19fd56e03766c1

m) Gegebenenfalls Höhe und Bedingungen für die Zahlung des Betrags, der für die Unterlagen zu entrichten ist:

Die Unterlagen werden kostenfrei abgegeben.

o) Frist für den Eingang der Angebote und die Bindefrist:

Ende der Angebotsfrist:
06.10.2026 10:00 Uhr
Ablauf der Bindefrist am:
13.11.2026

p) Anschrift, an die die Angebote zu richten sind, gegebenenfalls auch Anschrift, an die Angebote elektronisch zu übermitteln sind:

Adresse für elektronische Angebote (URL): https://www.evergabe.de
Anschrift für schriftliche Angebote: -ENTFÄLLT- (es sind ausschließlich elektronische Angebote zugelassen)

q) Sprache, in der die Angebote abgefasst sein müssen:

Deutsch

r) Die Zuschlagskriterien, sofern diese nicht in den Vergabeunterlagen genannt werden, und gegebenenfalls deren Gewichtung:

Siehe Vergabeunterlagen

s) Datum, Uhrzeit und Ort des Eröffnungstermins sowie Angabe, welche Personen bei der Eröffnung der Angebote anwesend sein dürfen:

am:
06.10.2026
um:
10:00 Uhr
Ort:
Deutschland
Personen, die bei der Eröffnung anwesend sein dürfen:
entfällt

t) Gegebenenfalls geforderte Sicherheiten:

siehe Vergabeunterlagen

u) Wesentliche Finanzierungs- und Zahlungsbedingungen und/oder Hinweise auf die maßgeblichen Vorschriften, in denen sie enthalten sind:

siehe Vergabeunterlagen

v) Gegebenenfalls Rechtsform, die die Bietergemeinschaft nach der Auftragsvergabe haben muss:

gesamtschuldnerisch haftende Arbeitsgemeinschaft mit bevollmächtigtem Vertreter

w) Verlangte Nachweise für die Beurteilung der Eignung des Bewerbers oder Bieters:

 :
Der Bieter hat zum Nachweis seiner Fachkunde, Leistungsfähigkeit und Zuverlässigkeit auf Verlangen Angaben gemäß § 6a VOB/A zu machen.
Verlangte Nachweise für die Beurteilung der Eignung des Bewerbers oder Bieters:
mit dem Angebot vorzulegen:
Angaben zu Nachunternehmerleistungen,
Eigenerklärung Eignung bei fehlender Präqualifikation,
auf gesondertes Verlangen der Vergabestelle:
Nachweis der Betriebshaftpflichtversicherung (Besondere Erklärung des Bieters), -Angaben und Nachweise nach § 6a Abs. 2 VOB/A für Bieter und Nachunternehmen bzw. andere Unternehmen der letzten drei Geschäftsjahre,
Vorlage geeigneter Referenzen über die Ausführung von Bauleistungen in den letzten fünf Jahren erbrachten wesentlichen Leistungen, die mit der zu vergebenden Leistung vergleichbar sind.
Angaben zum technischen Fachpersonal, Beschreibung der technischen Ausrüstung des Unternehmens,
Ergänzung des Verzeichnisses der Nachunternehmerleistungen bzw. Verzeichnisses der Leistungen anderer Unternehmen um die Namen der Nachunternehmen,
Ergänzung des Verzeichnisses der Leistungen anderer Unternehmen um die Namen der anderen Unternehmen,
Nachweis der Qualifikation des zu benennenden Verantwortlichen für Sicherungsarbeiten an Arbeitsstellen gemäß dem ""Merkblatt über Rahmenbedingungen für erforderliche Fachkenntnisse zur Verkehrssicherung von
Arbeitsstellen an Straßen (MVAS)"",
entsprechend Vergabeunterlagen

x) Name und Anschrift der Stelle, an die sich der Bewerber oder Bieter zur Nachprüfung behaupteter Verstöße gegen Vergabebestimmungen wenden kann:

Nachprüfungsstelle (§ 21 VOB/A):
Sächsisches Staatsministerium für Infrastruktur und Landesentwicklung Abteilung 6 Mobilität, Referat 63 Straßen- und Ingenieurbau
Archivstraße 1
01097 Dresden


Straßenbau,Entwässerungskanäle,Wasserbau,Landschaftsbau/ Außenanlagen,Erdbau"
25822640,1,LOT-0000,,,,"Grüner Bogen - Dresden, Los 2 Öffentliche Beleuchtung/Ausrüstung",,,"a) Öffentlicher Auftraggeber (Vergabestelle)

Name und Anschrift:
Landeshauptstadt Dresden, GB Umwelt und Klima, Recht und Ordnung, Amt f. Stadtgrün u. Abfallwirtschaft
Postfach 120020
01001 Dresden
Telefon:
Fax:
E-Mail:
zvb-vob@dresden.de
Internet:
https://www.dresden.de

b)

Vergabeverfahren:
Öffentliche Ausschreibung, VOB/A
Vergabenummer:
2026-673-00018

c) Angaben zum elektronischen Vergabeverfahren und zur Ver- und Entschlüsselung der Unterlagen

Zugelassene Angebotsabgabe
elektronisch
in Textform

d) Art des Auftrags

Ausführung von Bauleistungen

e) Ort der Ausführung

01069 Dresden-Altstadt

f) Art und Umfang der Leistung, ggf. aufgeteilt nach Losen

Grüner Bogen - Dresden; Reitbahnstraße - Prager Straße - St. Petersburger Straße,
Art der Leistung:
Öffentliche Beleuchtung (Ausrüstung)
Umfang der Leistung:
Öffentliche Beleuchtung - Ausrüstungsarbeiten
Grüner Bogen - Dresden
Titel: Technische Ausrüstung Öffentliche Beleuchtung
Demontagen:
24 Stk Demontage und fachgerechte Entsorgung von Ansatz-/Aufsatz- leuchte
3 Stk Demontage und fachgerechte Entsorgung von Säulenleuchte
1 Stk Entsanden von Mastinnenräumen
1.300 m Streckenkabel aufnehmen und fachgerecht entsorgen
2 Stk Entsanden von Schaltschrankinnenräumen
Kabel und Zubehör:
1.400 m Anlieferung und Verlegung Erdkabel bis einschließlich NYY-J 4x50
mm² einschließlich Abdeckmaterial
100 m Anlieferung und Verlegung Erdkabel NYY-J 4x120 mm² einschließ-
lich Abdeckmaterial
550 Stk Kabelkennzeichnungsschlaufe, 9 mm
2 Stk Verbindungsmuffe in Schrumpftechnik bis 4x70 mm²
15 Stk Verbindungsmuffe in Schrumpftechnik bis 4x50 mm²
5 Stk Abzweigmuffe bis 4x50 mm
1 Stk Übergangsverbindungsmuffe bis 4x70 mm²
50 Stk Verbindungsdosenklemme
Leuchten und Zubehör
18 Stk Lieferung und Montage von Aufsatzleuchte Novara ML Einfach
3 Stk Lieferung und Montage von Aufsatzleuchte Novara S Einfach
4 Stk Lieferung und Montage von Säulenleuchte VIGO G4000
5 Stk Lieferung und Übergabe von Lichtmast Hess Campo 12.01411.4500
an an den Tiefbau zur Aufstellung
25 Stk Lieferung und Montage von Mastsicherungskästen
21 Stk Einsanden von Lichtmastinnenräumen KLM 45/76 und Herstellung
von Korrosionsschutz
11 Stk KLM 45/76 mit neuer Korrosionsschutzmanschette versehen
4 Stk Einsanden von Säulenleuchteninnenräumen
Niederspannungsverteiler
2 Stk Überspannungsschutz mehrpolig liefern und fachgerecht einbauen
1 Stk Tiefenerder für Schaltschrank liefern und fachgerecht montieren
2 Stk Anschluss von Tiefenerdern
2 Stk Schaltschrankinnenräume einsanden
Provisorium
1 Stk Provisorium aus mobilen Beleuchtungsmasten
12 Mt Provisorium vorhalten
14 Stk Maste des Provisoriums umsetzen
Anlageneinmessung und Revisionsunterlagen
1 pauschl Einmessung der neu errichteten Anlage und Lieferung
der Revisionsunterlagen
+++ Folgende Unterlagen sind auf gesondertes Verlangen der Vergabestelle vorzulegen: - Urkalkulation
Inhalt der Urkalkulation: Diese ist mindestens gemäß dem Inhalt nach Formblatt 223 - Aufgliederung der Einheitspreise von ALLEN Positionen zu erstellen, d. h.: LV-Position; Kurzbezeichnung; Menge; Mengeneinheit; Zeitansatz; Teilkosten einschl. Zusätze in Euro je Mengeneinheit (Löhne, Stoffe, Geräte, Sonstiges); angebotener Einheitspreis (Summe aus Löhne, Stoffe, Geräte, Sonstiges). +++

g) Angaben über den Zweck der baulichen Anlage oder des Auftrags, wenn auch Planungsleistungen gefordert werden

Zweck der baulichen Anlage:
Zweck des Auftrags:

h) Aufteilung in Lose (Art und Umfang der Lose siehe Buchstabe f)

Vergabe nach Losen:
Nein

i) Ausführungsfristen

Beginn der Ausführung:
18.01.2027
Fertigstellung oder Dauer der Leistungen:
30.06.2028
weitere Fristen:

j) Nebenangebote

nicht zugelassen

k) mehrere Hauptangebote

zugelassen

l) Bereitstellung/Anforderung der Vergabeunterlagen

Vergabeunterlagen werden elektronisch zur Verfügung gestellt
unter:
https://www.evergabe.de/unterlagen/54321-Tender-19fdc058283-18049ad3f8720d7
Maßnahmen zum Schutz vertraulicher Informationen:
Nein
Nachforderung:
Fehlende Unterlagen, deren Vorlage mit dem Angebot gefordert war, werden nachgefordert

o) Ablauf der Angebotsfrist

am:
05.10.2026
um:
15:00 Uhr
Ablauf der Bindefrist am:
23.12.2026

p)

Adresse für elektronische Angebote (URL): https://www.evergabe.de
Anschrift für schriftliche Angebote: -ENTFÄLLT- (es sind ausschließlich elektronische Angebote zugelassen)

q) Sprache, in der die Angebote abgefasst sein müssen

Deutsch

r) Zuschlagskriterien

nachfolgende Zuschlagskriterien, ggf. einschl. Gewichtung:
Niedrigster Preis

s) Eröffnungstermin

am:
05.10.2026
um:
15:00 Uhr
Ort:
entfällt, da ausschließlich elektronische Angebotsabgabe zugelassen
Personen, die bei der Eröffnung anwesend sein dürfen:
Beauftragte des Auftraggebers

t) geforderte Sicherheiten

siehe Vergabeunterlagen

u) Wesentliche Finanzierungs- und Zahlungsbedingungen und/oder Hinweise auf die maßgeblichen Vorschriften, in denen sie enthalten sind

siehe Vergabeunterlagen

v) Rechtsform der/Anforderung an Bietergemeinschaften

gesamtschuldnerisch haftende Bietergemeinschaft mit bevollmächtigtem Vertreter

w) Beurteilung der Eignung

Präqualifizierte Unternehmen führen den Nachweis der Eignung durch den Eintrag in die Liste des Vereins für die Präqualifikation von Bauunternehmen e.V. (Präqualifikationsverzeichnis). Bei Einsatz von Nachunternehmen ist auf gesondertes Verlangen nachzuweisen, dass diese präqualifiziert sind oder die Voraussetzung für die Präqualifikation erfüllen.
Nicht präqualifizierte Unternehmen haben als vorläufigen Nachweis der Eignung mit dem Angebot das ausgefüllte Formblatt ''Eigenerklärung zur Eignung'' vorzulegen. Bei Einsatz von Nachunternehmen sind auf gesondertes Verlangen die Eigenerklärungen auch für diese abzugeben. Sind die Nachunternehmen präqualifiziert, reicht die Angabe der Nummer, unter der diese in der Liste des Vereins für die Präqualifikation von Bauunternehmen e.V. (Präqualifikationsverzeichnis) geführt werden.
Gelangt das Angebot in die engere Wahl, sind die Eigenerklärungen (auch die der Nachunternehmen) auf gesondertes Verlangen durch Vorlage der in der ''Eigenerklärung zur Eignung'' genannten Bescheinigungen zuständiger Stellen zu bestätigen. Bescheinigungen, die nicht in deutscher Sprache abgefasst sind, ist eine Übersetzung in die deutsche Sprache beizufügen.
Das Formblatt 'Eigenerklärung zur Eignung' ist erhältlich:
""Siehe Vergabeunterlagen;+++ZU BEACHTEN: 1. Der Bieter hat zum Nachweis seiner Fachkunde, Leistungsfähigkeit u. Zuverlässigkeit MIT ANGEBOTSABGABE die Eigenerklärung zur Eignung mit folgenden Angaben einzureichen: - Angaben zum Umsatz des Unternehmens jeweils bezogen auf die letzten drei abgeschlossenen Geschäftsjahre, soweit er Bauleistungen und andere Leistungen betrifft, die mit der zu vergebenden Leistung vergleichbar sind, unter Einschluss des Anteils bei gemeinsam mit anderen Unternehmen ausgeführten Aufträgen
Angaben über die Ausführung von Leistungen in den letzten 5 Kalenderjahren, die mit der zu vergebenden Leistung vergleichbar sind (mind. 3 Eigenreferenzen; 1. Referenzgeber: Bauherr/ Auftraggeber (Name, Anschrift, Telefonnummer/Mail- Adresse), 2. Bezeichnung des Bauvorhabens 3. Ort der Ausführung (Ort, Straße),
4. Auftragssumme, 5. Ausführungszeit (Monat/ Jahr von Baubeginn und Fertigstellung), 6. Kurzbeschreibung der Baumaßnahme einschließlich eventueller Besonderheiten der Ausführung, ggf. auch im Bezug auf besondere technische und gerätespezifische Anforderungen)
Angaben zur Zahl der in den letzten 3 abgeschlossenen Kalenderjahren jahres- durchschnittlich beschäftigten Arbeitskräfte, gegliedert nach Lohngruppen mit gesondert ausgewiesenem technischem Leitungspersonal
Erklärung zur Eintragung bei Handwerkskammer bzw. Industrie- und Handels- kammer (Name u. Ort der Institution, Mitgliedsnr., Gegenstand des Unternehmens)
Angaben zur Eintragung in das Handelsregister (Nr. u. Registergericht); - Erklärung zur Zahlung von Abgaben und Beiträgen sowie Sozialversicherung; - Angaben zur Zahlung von Beiträgen zur Unfallversicherung (Name des Versicherungsträgers
und Nr.); - Angaben zur Zahlung von Beiträgen zur tariflichen Sozialkasse (Name der Sozialkasse)
Erklärung zu Freistellungsbescheinigung nach § 48 EStG
Erklärung zu Insolvenzverfahren
Erklärung zu Liquidation
Erklärung zu schwerer Verfehlung nach § 6a Absatz 2 Nummer 7 VOB/A
2. Der Nachweis der Eignung kann auch durch Eintrag in die Liste des Vereins für die Präqualifikation von Bauunternehmen e.V. (Präqualifikationsnachweis VOB mittels PQ-Verein) geführt werden.
3. - Angabe, welche Teile des Auftrags der Unternehmer unter Umständen als Unteraufträge zu vergeben beabsichtigt +++""
Darüber hinaus hat der Bieter zum Nachweis seiner Fachkunde folgende Angaben gemäß § 6a Abs. 3 VOB/A zu machen:

x) Nachprüfung behaupteter Verstöße

Nachprüfungsstelle (§ 21 VOB/A):
(nach vorheriger Rüge beim Auftraggeber via Bietercockpit auf https://www.evergabe.de) Landesdirektion Sachsen, Referat 39 (E-Mail: post@lds.sachsen.de)
09105 Chemnitz (Besucheranschrift: Stauffenber; Diese elektronische Bekanntmachung auf https://www.evergabe.de ist die einzige amtliche Veröffentlichung. Eventuelle nachträgliche Informationen erfolgen ausschließlich über die Plattform evergabe.de.


Elektro                                  ,Straßenbeleuchtung/ Beleuchtungsanlagen im Freien"
25823226,1,LOT-0000,,,,Jahresvertrag Auftragsschweißen,,,Jahresvertrag Auftragsschweißen
25822548,1,LOT-0000,,,,"Ersatzneubau VSL ""Am Quellenberg"" 1. BA",,,"a) Auftraggeber:  Offizielle Bezeichnung: WAZV Mittlere Wesenitz; Straße, Hausnummer: Markt 26; Postleitzahl: 01833; Ort: Stolpen; Land: DE; Telefon: +49 35973-612-0; Fax: +49 35973-612-18; E-Mail: goebel@wazv-mittlere-wesenitz.de
b) Vergabeart: Öffentliche Ausschreibung
c) Angebote können nur schriftlich abgegeben werden.
d) Art des Auftrages: Bauleistungen
e) Ort(e) der Ausführung: Offizielle Bezeichnung: Dürrröhrsdorf ; Straße, Hausnummer: Am Quellenberg; Postleitzahl: 01833; Ort: Dürrröhrsdorf-Dittersbach; Land: DE
f) Art und Umfang der Leistung: Trinkwasserleitungsverlegung im statischen Pflugverfahren mit Einbaukasten: 830 m Trinkwasserleitung PE-HD RC- SM 180x16,4; in 3 Abschnitten
Trinkwasserleitung Verlegung im offenen Graben;- 110 m Trinkwasserleitung PE-HD RC 180x16,4; -  10 m Trinkwasserleitung PE-HD RC 40x3,7; - 1 Stück Hydrant DN 80; - 5 Stück Schieber DN 150; - 1 Stück Anbohrventil; - 6 Stück An- und Umbindungen; - 30 m2 Oberflächenaufbruch / -Wiederherstellung Asphalt
g) Es werden keine Planungsleistungen gefordert
h) Aufteilung in mehrere Lose: nein
i) Ausführungsfristen: Beginn: 09.11.2026, Ende: 11.12.2026
j) Gegebenenfalls Angaben nach § 8 Absatz 2 Nummer 3 zur Nichtzulassung von Nebenangeboten: Entfällt, da Nebenangebote zugelassen sind.
k) Gegebenenfalls Angaben nach § 8 Absatz 2 Nummer 4 zur Nichtzulassung der Abgabe mehrerer Hauptangebote: Entfällt, da die Abgabe mehrerer Hauptangebote zugelassen ist.
 l) Stelle, bei der die Vergabeunterlagen angefordert werden können: Die Vergabeunterlagen werden auf der Vergabeplattform evergabe.de bereitgestellt. Ein unentgeltlicher Abruf ohne Registrierung ist möglich unter https://www.evergabe.de/unterlagen/3453688/zustellweg-auswaehlen.
m) Kosten für Vervielfältigungen der Vergabeunterlagen: entfällt
n) entfällt
o) Frist für den Eingang der Angebote: 01.10.2026, 10:00 Uhr; Bindefrist: 31.10.2026
p) Angebote sind schriftlich (Papierform) zu richten an: siehe Buchstabe a).
q) Angebote sind abzufassen in: Deutsch
r) Zuschlagskriterien, sofern diese nicht in den Vergabeunterlagen genannt werden und gegebenenfalls deren Gewichtung: Die Zuschlagskriterien sind in den Vergabeunterlagen genannt.
s) Eröffnungstermin: Datum: 01.10.2026, 10:00 Uhr; Ort: Altes Amtsgericht, Markt 26, Rats- und Bürgersaal 1. OG, 01833 Stolpen; Personen, die anwesend sein dürfen: Bieter und ihre Bevollmächtigten
t) Sicherheiten: VOB; SächsVergG; siehe Verdingungsunterlagen; Weitere BVB
u) Finanzierungs- und Zahlungsbedingungen: Abschlagszahlungen und Schlusszahlung nach VOB/B; siehe Verdingungsunterlagen
v) Rechtsform einer Bietergemeinschaft: selbstschuldnerisch haftend mit bevollmächtigtem Vertreter
w) Verlangte Nachweise für die Beurteilung der Eignung: VOB/A § 6a (2) 1. Bis 9., (3); Der Bieter hat mit seinem Angebot zum Nachweis seiner Fachkunde, Leistungsfähigkeit und Zuverlässigkeit eine direkt abrufbare Eintragung in die allgemein zugängliche Liste des Vereins für Präqualifikation von Bauunternehmen e.V. (Präqualifikationsverzeichnis) oder glw. nachzuweisen. Der Nachweis der Eignung kann auch durch Eigenerklärungen gem. Formblatt 124 (Eigenerklärung zur Eignung) erbracht werden. - Nachweis der DVGW-Zulassung mindestens Gruppe GW301
x) Vergabenachprüfstelle: Offizielle Bezeichnung: Landkreis Sächsische Schweiz/Osterzgebirge, Landratsamt Vergabestelle/Vergabenachprüfstelle; E-Mail: vergabestelle@landratsamt-pirna.de

Straßenbau,Trinkwasserleitungen"
25822528,1,LOT-0000,,,,"A14, Los 7 LaBau Fangzaunanlage Amphibien",,,"AS Osterburg (o) - AS Seehausen (m), A14, Los 7 LaBau Fangzaunanlage Amphibien

A14, Los 7 LaBau Fangzaunanlage Amphibien"
25823140,1,LOT-0000,,,,Instandsetzung Wurt Leuchtfeuer Rhinplate Nord,,,Instandsetzung Wurt Leuchtfeuer Rhinplate Nord
25827148,1,LOT-0000,,,,30760 Bodenbelagsarbeiten,,,Bodenbelag
25822474,1,LOT-0000,,,,Neubau Gretel Haus - Rohbauarbeiten,,,Neubau Gretel Haus - Rohbauarbeiten
25822536,1,LOT-0000,,,,"Umnutzung und Sanierung Basketball – Trainingshalle ""Löwenpark"" Erfurt - VE501 Außenanlagen",,,"a) Auftraggeber:  Offizielle Bezeichnung: Basketball Löwen e.V.; Straße, Hausnummer: Leipziger Straße 71; Postleitzahl: 99085; Ort: Erfurt; Land: DE; Telefon: +49 176-31421216; Internet-Adresse: https://basketball-loewen.com/; E-Mail: loewenpark@basketball-loewen.com
b) Vergabeart: Öffentliche Ausschreibung
c) Angebote können nur elektronisch abgegeben werden.
d) Art des Auftrages: Bauleistung
e) Ort(e) der Ausführung: Offizielle Bezeichnung: Löwenpark; Straße, Hausnummer: Friedrich-Ebert-Straße 58; Postleitzahl: 99096; Ort: Erfurt; Land: DE
f) Art und Umfang der Leistung: * Abbruch und Sicherung: ca. 160 m² Pflaster- und Plattenbeläge, ca. 117 m Bordsteine, Roden von Gehölzen, Entsorgung
* Erdarbeiten: ca. 120 m² Oberbodenabtrag, ca. 140 m³ Bodenaushub, Leitungs- und Suchgräben
* Platz- und Wegeflächen: ca. 412 m² Planum, ca. 387 m² Frost- und Schottertragschicht, ca. 107 m² Pflaster- und Plattenbelag, ca. 262 m² wassergebundene Decke, ca. 386 m Betonborde, ca. 180 m Traufstreifen
* Baukonstruktionen: ca. 12 m Winkelstützwand mit Streifenfundament
* Technische Anlagen: Regenwasserkanal DN 100, Schachtabdeckungen, Entwässerungsrinnen
* Einfriedungen und Einbauten: Zauntor, Demontage Zaunfelder, 14 Fahrradanlehnbügel, Sauberlaufsystem, Versetzen von Schrankenanlage und Fahrradeinhausung, Wurzelbrücke
* Vegetationsflächen: ca. 875 m² Oberbodenauftrag, ca. 810 m² Rasenansaat, 5 Hochstämme, ca. 70 Sträucher
* Pflege: Fertigstellungs- und Entwicklungspflege
g) Es werden Planungsleistungen gefordert: WMP
h) Aufteilung in mehrere Lose: nein
i) Ausführungsfristen: Beginn: 14.10.2026, Ende: 30.04.2027
j) Gegebenenfalls Angaben nach § 8 Absatz 2 Nummer 3 zur Nichtzulassung von Nebenangeboten: Nebenangebote sind nicht zugelassen. .
k) Gegebenenfalls Angaben nach § 8 Absatz 2 Nummer 4 zur Nichtzulassung der Abgabe mehrerer Hauptangebote: Die Abgabe mehrerer Hauptangebote ist nicht zugelassen. .
 l) Stelle, bei der die Vergabeunterlagen angefordert werden können: Die Vergabeunterlagen werden auf der Vergabeplattform evergabe.de bereitgestellt. Ein unentgeltlicher Abruf ohne Registrierung ist möglich unter https://www.evergabe.de/unterlagen/3453741/zustellweg-auswaehlen.
m) Kosten für Vervielfältigungen der Vergabeunterlagen: entfällt
n) entfällt
o) Frist für den Eingang der Angebote: 02.10.2026, 10:00 Uhr; Bindefrist: 31.03.2027
p) Elektronische Angebote sind auf der Vergabeplattform evergabe.de abzugeben.
q) Angebote sind abzufassen in: Deutsch
r) Zuschlagskriterien, sofern diese nicht in den Vergabeunterlagen genannt werden und gegebenenfalls deren Gewichtung: wirtschaftlichster Preis
s) Eröffnungstermin: Datum: 02.10.2026, 10:00 Uhr; Ort: online; Personen, die anwesend sein dürfen: zwei Vertreter der Bauherrschaft
t) Sicherheiten: nicht angegeben
u) Finanzierungs- und Zahlungsbedingungen: Abschlagszahlungen nach Baufortschritt
v) Rechtsform einer Bietergemeinschaft: gesamtschuldnerisch haftend mit bevollmächtigtem Vertreter
w) Verlangte Nachweise für die Beurteilung der Eignung: nicht angegeben
x) Vergabenachprüfstelle: Offizielle Bezeichnung: baukonsult-knabe ARCHITEKTEN-INGENIEURE-GESAMTPLANER GmbH; Straße, Hausnummer: Pergamentergasse 9; Postleitzahl: 99084; Ort: Erfurt; Land: DE; Internet-Adresse: https://www.baukonsult-knabe.de; E-Mail: ausschreibung@knabe.gmbh

Stützwände,Entwässerungskanäle,Landschaftsbau/ Außenanlagen"
25825670,1,LOT-0000,,,,"Herstellung einer Druckleitung, Umbau einer Kläranlage zur Pumpanlage - PAA Labbeck mit LD",,,"Herstellung einer Druckleitung, Umbau einer Kläranlage zur Pumpanlage - PAA Labbeck mit LD"
25826854,1,LOT-0000,,,,"MPI für Polymerforschung, Mainz - Entrauchung UG Technikzentrale; Fördertechnik",,,"Im MPI für Polymerforschung in Mainz soll der vorhandenen Lastenaufzug ausgetauscht und der Aufzugsschacht um eine zusätzliche Dach-Haltestelle erweitert werden. Ausführung als maschienraumloser Aufzug mit Seilantrieb, 5 Haltestellen, Durchladung im EG, Tragfähigkeit mind. 2500kg, behindertengerechte Ausführung nach DIN 1824. Inkl. Demontage und Rückbau des vorhandenen Lastenaufzuges.

?Besonderer Hinweis betr. Bieterfragen aufgrund besonderer äußerer Ereignisse (z.B. Sars-COV-2 oder Ukraine Krieg):

Bitte berücksichtigen Sie bei Ihrer Angebotserstellung etwaige mögliche bzw. erkennbare Beeinträchtigungen, z.B. in Bezug auf die Verfügbarkeit von Materialien und Produkten, Arbeitskräften, eine evtl. verzögerte Beibringung von geforderten Nachweisen, Auswirkungen auf etwaige Nachunternehmer etc.
Fragen, die in diesem Zusammenhang auftreten, bitten wir rechtzeitig vor Angebotsfrist über das Nachrichtensystem der eVergabe zu stellen.?

Mit der Ausführung ist zu beginnen						
innerhalb von 12 Werktagen nach Zugang der Aufforderung durch den AG (§5Abs. 2 Satz 2 VOB/B). 						
						
die Aufforderung wird Ihnen vorauss. bis zum 		11.11.2026			      zugehen.
Die Leistung ist zu vollenden (abnahmereif fertig zu stellen):						
innerhalb von   		243		Werktagen nach vorstehend angegebener Frist		
5 Arbeitstagen/ Woche

MPI für Polymerforschung, Mainz - Entrauchung UG Technikzentrale; Fördertechnik"
25825516,1,LOT-0000,,,,Zeitvertrag Gerüstbau,,,"Zeitvertrag Gerüstbau

Zeitvertrag Ger&#xFC;stbau"
25825536,1,LOT-0000,,,,Rahmenvereinbarung Zeitvertragsarbeiten Landschaftsbau | Campus Saarbrücken & Dudweiler,,,"Rahmenvereinbarung Zeitvertragsarbeiten Landschaftsbau | Campus Saarbrücken & Dudweiler

Rahmenvereinbarung Zeitvertragsarbeiten Landschaftsbau | Campus Saarbr&#xFC;cken & Dudweiler"
25825544,1,LOT-0000,,,,Gebäudeautomation,,,"Gebäudeautomation

Geb&#xE4;udeautomation"
25825552,1,LOT-0000,,,,Sanierung und Erweiterung BGH Reichelsheim,,,"Sanierung und Erweiterung BGH Reichelsheim

Sanierung und Erweiterung BGH Reichelsheim"
25825484,1,LOT-0000,,,,LED-Umrüstung 2026,,,"LED-Umrüstung 2026

LED-Umr&#xFC;stung 2026"
25823136,1,LOT-0000,,,,"Kampfmittelräumung  Deckwerk Roßlau El-km 256,800 - 257,820 rechtes Ufer",,,"Kampfmittelräumung  Deckwerk Roßlau El-km 256,800 - 257,820 rechtes Ufer"
25823492,1,LOT-0000,,,,"10021458-Zeitvertrag STLB-BauZ Nr. 655, 657, 660 und 661 am GIZ Standort Berlin",,,"10021458-Zeitvertrag STLB-BauZ Nr. 655, 657, 660 und 661 am GIZ Standort Berlin"
25825640,1,LOT-0000,,,,"Kirschgarten 2. BA, Neubau von zwei Mehrfamilienhäusern mit 12 FF WE, Haus 8A und einer Pflege WG mit 12 Zimmern + 2 FF WE, Haus 8B, Am Heimathaus 12-18, 48157 Münster-Handorf - Betonwerksteinarbeiten",,,"Kirschgarten 2. BA, Neubau von zwei Mehrfamilienhäusern mit 12 FF WE, Haus 8A und einer Pflege WG mit 12 Zimmern + 2 FF WE, Haus 8B, Am Heimathaus 12-18, 48157 Münster-Handorf - Betonwerksteinarbeiten"
25825798,1,LOT-0000,,,,"Umbau Bushaltestellen 6. BA, Paket 5",,,"Umbau Bushaltestellen 6. BA, Paket 5"
25825832,1,LOT-0000,,,,L 194 Bestandsausbau bei Bärenbach zw. L 193 u. B 50,,,L 194 Bestandsausbau bei Bärenbach zw. L 193 u. B 50
25825748,1,LOT-0000,,,,Bergbauerkundungsmaßnahme,,,Bergbauerkundungsmaßnahme
25826000,1,LOT-0000,,,,Heizung Sanitaer,,,Heizung Sanitaer
25826028,1,LOT-0000,,,,Elektroinstallation,,,Elektroinstallation
25826032,1,LOT-0000,,,,"Strangsanierung Heizung, Lueftung, Sanitaer",,,"Strangsanierung Heizung, Lueftung, Sanitaer"
25826036,1,LOT-0000,,,,"Fassadenarbeiten mit WDVS, Fassadeninstandsetzung",,,"Fassadenarbeiten mit WDVS, Fassadeninstandsetzung"
25826044,1,LOT-0000,,,,Bauhaupt-Innenausbauarbeiten,,,Bauhaupt-Innenausbauarbeiten
25826086,1,LOT-0000,,,,Schadstoffsanierung im Emissionsarmen Verfahren gem. TRGS  519 BT 4344,,,"Schadstoffsanierung im Emissionsarmen Verfahren gem. TRGS 
519 BT 4344"
25826012,1,LOT-0000,,,,Erneuerung Fensteranlagen,,,Erneuerung Fensteranlagen
25826016,1,LOT-0000,,,,"Metallbauarbeiten, Schlosserarbeiten, Treppentuerme und Podest",,,"Metallbauarbeiten, Schlosserarbeiten, Treppentuerme und Podest"
25826058,1,LOT-0000,,,,Havarie-Massnahmen an Alleebaeumen Bund 2026 SM Wismar,,,Havarie-Massnahmen an Alleebaeumen Bund 2026 SM Wismar
25825836,1,LOT-0000,,,,Instandsetzung versch. Geländer,,,Instandsetzung versch. Geländer
200ff04c-a468-4b9e-bd0f-b1b7643c3f77,1,LOT-0000,OB2-V-2026-74,,,"KGA "" Am Stadtgraben"" in 06886 Luth. Wittenberg - Rückbau Gartenparzelle Nr. 2 - Rückbauarbeiten",,,"Kleingartenanlage „Am Stadtgraben“
Rückbau Gartenparzelle 2
Art und Umfang
Rückbau Bestandsgebäude, ca. 100m³ umbauter Raum, gefährliche Abfälle
Nachweis der Sach- und Fachkunde TRGS 521 und 524 1 Stk.
Entsiegelung Außenflächen, Beton, Betonplatten, Betonborde ca. 500m²
Erdarbeiten, Lieferung und Profilierung Oberboden ca. 30to
Ausführung:
Siehe Vergabevermerk"
b0f6fa43-92ac-4e7c-a8c9-55e3487121b0,2,LOT-0000,024-61-26-VOB,,,Kompensationsmaßnahme Tiefenenttrümmerung und Entsorgung in Staßfurt OT Löderburg,,,"Für den Ausbau der Radwegeverbindung zu den Ortsteilen Löderburg, Athensleben und der Gemeinde Bördeaue soll die Kompensationsmaßnahme „Tiefenenttrümmerung und Entsorgung“ in Staßfurt OT Löderburg durchgeführt werden. Der westliche Teil des Garagenkomplexes in der Thiestraße im OT Löderburg (im Eigentum der Salzstadt Staßfurt) wurde bereits oberflächlich abgerissen. Nun sollen Maßnahmen zur Tiefenenttrümmerung (kleinflächige Betonplatten, Streifenfundamente bzw. Schotter-Zuwegungen auf dem Gelände) durchgeführt und entsorgt werden. Weiterhin sollen die Materialien (teilweise Altholz und Asbest), die durch die bereits getätigten Abrissarbeiten noch an Ort und Stelle sind, entsorgt werden. Die Entsorgung hat nach Abfallschlüsselnummern (AVV) sortenrein zu erfolgen.
Die Leistung hat bis 30.11.2026 zu erfolgen."
cb0b417c-4949-40cb-babb-8d35ac5ecb26,1,LOT-0000,29/65/2026,,,Stadtmauer Nordhausen 14. Bauabschnitt Bereich Theater; Mauerwerksanierung historische Stadtmauer,,,"1. Beschreibung
Die Stadt Nordhausen plant die Sanierung der Stadtmauer im Bereich Theater auf einer Gesamtlänge von 65 m. Die Mauer ist im Schnitt zwischen ca. 3,30 bis 5,0 m (Westseite) und zwischen 2,5 m bis 3,50 m (Ostseite) hoch. Die historische Stadtmauer wurde aus Dolomit Gestein mit Gipsmörtel erbaut. Die beidseitigen Ost- und Westwandflächen werden durch Steinersatz und Vermörteln der Fugen saniert. Die desolate Mauerkrone wird zurückgebaut und zweihäuptig wieder neu errichtet, wobei Dolomit Steine aus dem Bestand und neu zu liefernde Steine verwendet werden. Zudem werden Teilabschnitte der Mauerflächen mit Nadelankern und Hohlrauminjektion gesichert.
2. Art und Umfang der wesentlichen, hier ausgeschriebenen Leistung
- Fassadengerüst stellen ca. 530 m²
- Erdaushub am Mauerfuß ca. 22 m³
- Mauerkrone abbrechen ca. 90 m³
- Natursteinmauerung Mauerkrone ca. 90 m³
- Mauerkronenabdeckung herstellen ca. 110 m²
- Natursteinwand abbrechen ca. 50 m³
- Natursteinwandmauerung ca. 50 m³
- Mauerwerkverfugung ca. 500 m²
- Mauerwerksnadel DU 16 mm ca. 100 m
- Hohlrauminjektion ca. 1600 kg"
86a622d6-b5c8-42ae-8e4e-834ac610f252,2,LOT-0000,33/26,,,Bundesamt für Justiz in Bonn - Stahlblechtüren und Wartung (33/26),,,"Leistung: Stahlblechtüren und Wartung:
01. 1 St. Baustelleneinrichtung
02. 48 St. Stahlblechtüren
Die Vergabestelle weist darauf hin, dass zur Gewährleistung eines zügigen Verfahrens nur rechtzeitig bei der Vergabestelle eingegangene Bieteranfragen beantwortet werden können.
Fristende: 14.10.2026
ACHTUNG
Die Vergabeunterlagen können unentgeltlich, uneingeschränkt, vollständig und direkt
unter www.evergabe-online.de abgerufen werden. Es besteht keine Pflicht zur
Registrierung auf der Vergabeplattform. Über Änderungen der Vergabeunterlagen,
Nachsendungen, Bieterfragen, Antwortschreiben u.ä. werden Sie jedoch nur bei
vorheriger Registrierungautomatisch unterrichtet. Andernfalls sind Sie verpflichtet, sich
eigenständig die erforderlichen Informationen zu verschaffen.
„Informationen zur Datenerhebung gemäß Artikel 13 Datenschutz-Grundverordnung
(DSGVO) sind den Vergabeunterlagen aus dem beiliegenden Informationsblatt zu
entnehmen“."
a9a248f5-fa5a-471c-8cb2-30ea888267a3,2,LOT-0000,60-2026-07-02,,,Sanierung Friedrich-Ludwig-Jahn-Museum Freyburg (Unstrut) - Spezialtiefbau - Giebelsicherung (Los 1),,,"'- Herstellung von 8 Mikropfählen Ø 150 mm (Längen ca. 6,5 - 12,0 m)
- ca. 66 m Mikropfähle einschließlich Bohr- und Verpressarbeiten
- 12 m verrohrte Bohrstrecken
- Herstellung von 2 Stahlbeton-Pfahlkopfplatten
- ca. 1,2 m³ Stahlbeton (Pfahlkopfplatten)
- Bewehrungsstahl
- Temporäre Trag- und Abfangkonstruktionen zur Giebel- und Pfeilersicherung
- Injektions- und Verpressarbeiten zur Lastumlagerung
- Denkmalgerechte Wiederherstellung des historischen Mauerwerks
- SiGeKo:
-- Qualifikation RAB 30
-- Übernahme und Einrichtung der Koordination
-- Sicherheits- und Gesundheitsplan erstellen und fortschreiben
-- Baustellenbegehungen
-- Abschlussdokumentation"
533019ec-0a4e-4ace-b65a-80ad779a29ec,01,LOT-0000,SIHB-2026-0063,works,,"1026_Gerüstbauarbeiten, Energetische Sanierung der Turnhalle Lutherschule in Bremerhaven",,,Gerüstbau / Witterungsschutz u. Baustelleneinrichtung
b8c743e3-0629-4d28-9e6f-5a669b05f017,01,LOT-0000,SIHB-2026-0062,works,,"1026_Schadstoffbeseitigung, Abbruch und Entsorgung, Energetische Sanierung der Turnhalle Lutherschule in Bremerhaven",,,"Schadstoffbeseitigung, Abbruch und Entsorgung"
57f6110d-aabb-4481-b481-a36e978c631c,1,LOT-0000,633103/53/2026,,,"Hort ""An der Weißen Elster"" - Teilsanierung und Modernisierung, Ertüchtigung Brandschutz und Rettungswege, Freiligrathstraße 47 in 06712 Zeitz, Los 13 Malerarbeiten",,,"Hort ""An der Weißen Elster"" - Teilsanierung und Modernisierung, Ertüchtigung Brandschutz und Rettungswege, Freiligrathstraße 47 in 06712 Zeitz,
Los 13 Malerarbeiten
- Ausbesserungsarbeiten an Putz und Vliestapete
- 1.200 m2 Wand streichen
- 420 m2 Decke streichen
- 200 m Rohre streichen"
c62abfd1-f12f-483b-ad30-083a126132f6,1,LOT-0000,SLB-2026-0384,,,"Metallbauarbeiten Türen - Brandschutzmaßnahmen, Justizvollzugsanstalt Halle Geb. 2.0 + 3.1 + 3.4 (SLB-2026-0384)",,,"Gebäude 2.0-Hafthaus (16 Stück Stahltüren)
4 Stück RD-1-RC (OTS bzw. FSA), 1 Stück T90-1-RC, 1 Stück RC,
10 Stück T30-RD-1-RC (OTS bzw. FSA),
Gebäude 3.1-Küche (8 Stück Stahltüren)
5 Stück T30-1-RD-RC, 1 Stück T30-2-RD-RC, 1 Stück T30-1-RC, 1 Stück RC
Gebäude 3.4-Kammer+Wäscherei (14 Stück Stahltüren)
8 Stück T30-1-RD-RC (OTS bzw. FSA), 1 Stück T30-2-RD-RC (FSA)
1 Stück T30-RC1 (FSA), 3 Stück T30-1-DS-RC, 1 Stück T30-1-DS-RC"
25827258,1,LOT-0000,,,,326036_1 Neubau Leichtbauhalle,,,"Das Straßenbauamt Stralsund beabsichtigt, nach erfolgloser öffentlicher Ausschreibung,
die oben genannte Ausschreibung im Zuge einer beschränkten Ausschreibung auf www.vergabe.rib.de zu bergeben.

Neubau, Leichtbauhalle, Straßenbauamt, Stralsund"
25827454,1,LOT-0000,,,,2703300103 - Herstellung einer dauerstandsicheren Rampe zur Bewirtschaftung am RL 12,,,"Bezeichnung des Auftrags:Herstellung einer dauerstandsicheren Rampe zur Bewirtschaftung am RL 12

Vergabenummer:2703300103

Ausführungsfrist: 11.01.2027 bis 30.11.2027

Ort der Leistung:Bundesland Brandenburg, Landkreis Oberspreewald-Lausitz, 03205 Groß Jehser, OT Mallenchen

Umfang:

Die vorhandene Rampe am RL 12 (Drehnaer See) ist aus geotechnischen Gesichtspunkten nicht dauerstandsicher. Die Möglichkeiten zum Einsetzen von Booten oder Gewässerbehand-lungsschiffen sind derzeit stark eingeschränkt. Zur weiteren Bewirtschaftung des Restlochs 12 ist eine dauerstandsichere Rampe herzustellen. Die Rampe ist unter Beachtung folgender Randbedingungen zu errichten:
• Neigung der Rampe 1:10
• Befahrbare Breite von 6 m
• zulässiges Gesamtgewicht der Fahrzeuge: 40 t ( zulässige Achslast von 12 t)
• mit Sattelaufliegern (Trailer mit Boot o. ä.) befahrbar
• Einsatz eines ca. 34 m langen Lastzuges bestehend aus Trailer und Zugmaschine
• Anpassung der vorhandenen Zufahrt zur Pumpstation an die Trasse der neuen Rampe zum See
Folgende Leistungen sind umzusetzen:
• Baustelleneinrichtung und Baufeldfreimachung auf ca. 2.600 m²
• Bauzeitliche Grundwasserabsenkung mittels Lanzen (ca. 40 St.) und Vakuumpumpen
• wasserseitiger Voraushub (ca. 1.100 m³)
• landseitiger Voraushub (ca. 1.200 m³)
• Aufbau des Dammkörper mittels Mineralgemisch (ca. 3.800 m³), Geogitter (ca. 3.900 m²), Deckschicht (ca. 2.200 m²) und Wasserbausteinen (ca. 2.200 t)
• wasserseitige Herstellung des Manövrierbereiches (Seeboden lösen und verklappen: ca. 8.500 m³; Herstellen Filterschicht ca. 1.700 m³, Steinsicherung ca. 3.000 m³)
• Entsorgungsleistungen
• Bereitstellung und Vorhalten der erforderlichen Technik (u.a. Langarmbagger für land- und wasserseitige Arbeiten, Klappschute mit Schubboot, Amphibisches Transportgerät)
Die Maßnahme steht unter Bergaufsicht: Ja
Die Flächen, auf denen die Leistungen erbracht werden, befinden sich im grundbruch- und setzungsfließgefährdeten Bereichen: Ja
Für die Ausführung des Auftrags wird die VOB/B vereinbart. Der Auftraggeber behält sich eine Änderung der Leistungen gemäß den Regelungen der VOB/B vor.
Der Auftragnehmer hat innerhalb von 14 Kalendertagen nach Versand des Zuschlagsschreibens dem Projektmanagement des Auftraggebers folgende Nachweise zu übergeben:
- Die für die Ausführung maßgeblich vorgesehene Gerätetechnik (Fbl. LMBV-GV)
Die Anforderungen an die Gerätetechnik und Materialien sind der Leistungsbeschreibung und dem Leistungsverzeichnis zu entnehmen.
Das Formblatt Entsorgungskonzept ist vor Beginn der Entsorgung vorzulegen.

Bauleistung, Wasserbauarbeiten, Herstellung Rampe, Baufeldfreimachung, Voraushub, Aufbau Dammkörper"
25827482,1,LOT-0000,,,,IAF Freiburg i. Br. RV - Reinraumdecken und -wände - 91-60000-2050-350 RV Reinraumdecken und -wände PR1279139-2050-B a),,,"Siehe PDF Datei

91-60000-2050-350 RV Reinraumdecken und -wände PR1279139-2050-B"
